reaction_id,cluster,metric,value
DM_no3_c,1,minimum,0.0
DM_no3_c,1,maximum,1.1139762398280708
DM_no3_c,1,mean_range,1.9781076002007383e-13
DM_no3_c,1,mean_midpoint,0.4694651644831022
DM_no3_c,1,median_range,1.6697754290362354e-13
DM_no3_c,1,median_midpoint,0.43397623982791544
DM_no3_c,1,std_range,1.217648548830489e-13
DM_no3_c,1,frac_fixed,1.0
DM_no3_c,1,frac_variable,0.0
DM_no3_c,1,frac_bidirectional,0.0
DM_no3_c,2,minimum,0.0
DM_no3_c,2,maximum,2.0
DM_no3_c,2,mean_range,1.02
DM_no3_c,2,mean_midpoint,0.51
DM_no3_c,2,median_range,1.02
DM_no3_c,2,median_midpoint,0.51
DM_no3_c,2,std_range,0.5772347875864725
DM_no3_c,2,frac_fixed,0.0
DM_no3_c,2,frac_variable,1.0
DM_no3_c,2,frac_bidirectional,0.0
DM_no3_c,3,minimum,0.0
DM_no3_c,3,maximum,0.0
DM_no3_c,3,mean_range,0.0
DM_no3_c,3,mean_midpoint,0.0
DM_no3_c,3,median_range,0.0
DM_no3_c,3,median_midpoint,0.0
DM_no3_c,3,std_range,0.0
DM_no3_c,3,frac_fixed,1.0
DM_no3_c,3,frac_variable,0.0
DM_no3_c,3,frac_bidirectional,0.0
DM_no3_c,4,minimum,0.0
DM_no3_c,4,maximum,0.0
DM_no3_c,4,mean_range,0.0
DM_no3_c,4,mean_midpoint,0.0
DM_no3_c,4,median_range,0.0
DM_no3_c,4,median_midpoint,0.0
DM_no3_c,4,std_range,0.0
DM_no3_c,4,frac_fixed,1.0
DM_no3_c,4,frac_variable,0.0
DM_no3_c,4,frac_bidirectional,0.0
DM_no3_c,5,minimum,0.0
DM_no3_c,5,maximum,0.0
DM_no3_c,5,mean_range,0.0
DM_no3_c,5,mean_midpoint,0.0
DM_no3_c,5,median_range,0.0
DM_no3_c,5,median_midpoint,0.0
DM_no3_c,5,std_range,0.0
DM_no3_c,5,frac_fixed,1.0
DM_no3_c,5,frac_variable,0.0
DM_no3_c,5,frac_bidirectional,0.0
DM_no3_c,6,minimum,0.0
DM_no3_c,6,maximum,1.7601475832407232e-12
DM_no3_c,6,mean_range,8.802268223615938e-15
DM_no3_c,6,mean_midpoint,4.401134111807969e-15
DM_no3_c,6,median_range,0.0
DM_no3_c,6,median_midpoint,0.0
DM_no3_c,6,std_range,3.7318710423634375e-13
DM_no3_c,6,frac_fixed,1.0
DM_no3_c,6,frac_variable,0.0
DM_no3_c,6,frac_bidirectional,0.0
DM_no3_c,7,minimum,0.0
DM_no3_c,7,maximum,0.0
DM_no3_c,7,mean_range,0.0
DM_no3_c,7,mean_midpoint,0.0
DM_no3_c,7,median_range,0.0
DM_no3_c,7,median_midpoint,0.0
DM_no3_c,7,std_range,0.0
DM_no3_c,7,frac_fixed,1.0
DM_no3_c,7,frac_variable,0.0
DM_no3_c,7,frac_bidirectional,0.0
DM_no3_c,8,minimum,0.0
DM_no3_c,8,maximum,1.1494171902347288
DM_no3_c,8,mean_range,0.07127105118815732
DM_no3_c,8,mean_midpoint,0.5449214270388312
DM_no3_c,8,median_range,0.049063291139280873
DM_no3_c,8,median_midpoint,0.5437594842784166
DM_no3_c,8,std_range,0.025793069384090615
DM_no3_c,8,frac_fixed,0.0
DM_no3_c,8,frac_variable,1.0
DM_no3_c,8,frac_bidirectional,0.0
DM_no3_c,9,minimum,0.0
DM_no3_c,9,maximum,1.2911809918621173
DM_no3_c,9,mean_range,0.27661334722159264
DM_no3_c,9,mean_midpoint,0.4864576473532314
DM_no3_c,9,median_range,0.27574004145538333
DM_no3_c,9,median_midpoint,0.46289246208152035
DM_no3_c,9,std_range,0.12782429451963634
DM_no3_c,9,frac_fixed,0.0
DM_no3_c,9,frac_variable,1.0
DM_no3_c,9,frac_bidirectional,0.0
DM_no3_c,10,minimum,0.0
DM_no3_c,10,maximum,1.9822795247965617
DM_no3_c,10,mean_range,0.8877504550903217
DM_no3_c,10,mean_midpoint,0.451051371701516
DM_no3_c,10,median_range,0.8898916839397318
DM_no3_c,10,median_midpoint,0.4449458419698659
DM_no3_c,10,std_range,0.5155709515792826
DM_no3_c,10,frac_fixed,0.0
DM_no3_c,10,frac_variable,1.0
DM_no3_c,10,frac_bidirectional,0.0
DM_no3_c,11,minimum,0.0
DM_no3_c,11,maximum,1.5215471695070122
DM_no3_c,11,mean_range,0.5877528330101361
DM_no3_c,11,mean_midpoint,0.42436888559690583
DM_no3_c,11,median_range,0.6020628926759692
DM_no3_c,11,median_midpoint,0.3676121591432011
DM_no3_c,11,std_range,0.29808641504519534
DM_no3_c,11,frac_fixed,0.0
DM_no3_c,11,frac_variable,1.0
DM_no3_c,11,frac_bidirectional,0.0
PINAt_e,1,minimum,4.458610374395107
PINAt_e,1,maximum,243.86557864566748
PINAt_e,1,mean_range,239.40696827122864
PINAt_e,1,mean_midpoint,124.16209451002216
PINAt_e,1,median_range,239.40696827122366
PINAt_e,1,median_midpoint,124.16209451002058
PINAt_e,1,std_range,1.506515209757443e-11
PINAt_e,1,frac_fixed,0.0
PINAt_e,1,frac_variable,1.0
PINAt_e,1,frac_bidirectional,0.0
PINAt_e,2,minimum,0.0
PINAt_e,2,maximum,304.6220800693901
PINAt_e,2,mean_range,304.6220800693898
PINAt_e,2,mean_midpoint,152.3110400346949
PINAt_e,2,median_range,304.6220800693898
PINAt_e,2,median_midpoint,152.3110400346949
PINAt_e,2,std_range,1.3160202914594068e-13
PINAt_e,2,frac_fixed,0.0
PINAt_e,2,frac_variable,1.0
PINAt_e,2,frac_bidirectional,0.0
PINAt_e,3,minimum,0.0
PINAt_e,3,maximum,304.6220800693898
PINAt_e,3,mean_range,304.6220800693898
PINAt_e,3,mean_midpoint,152.3110400346949
PINAt_e,3,median_range,304.6220800693898
PINAt_e,3,median_midpoint,152.3110400346949
PINAt_e,3,std_range,0.0
PINAt_e,3,frac_fixed,0.0
PINAt_e,3,frac_variable,1.0
PINAt_e,3,frac_bidirectional,0.0
PINAt_e,4,minimum,2.5668882995245212
PINAt_e,4,maximum,266.6126942974488
PINAt_e,4,mean_range,260.2479846840682
PINAt_e,4,mean_midpoint,133.32142120787182
PINAt_e,4,median_range,260.6275854425625
PINAt_e,4,median_midpoint,133.44819764327096
PINAt_e,4,std_range,2.5012070426298747
PINAt_e,4,frac_fixed,0.0
PINAt_e,4,frac_variable,1.0
PINAt_e,4,frac_bidirectional,0.0
PINAt_e,5,minimum,3.967290801498848
PINAt_e,5,maximum,259.57830488576803
PINAt_e,5,mean_range,250.58230850622974
PINAt_e,5,mean_midpoint,129.46897914737445
PINAt_e,5,median_range,251.88201574792635
PINAt_e,5,median_midpoint,130.11585993713788
PINAt_e,5,std_range,4.897398474798864
PINAt_e,5,frac_fixed,0.0
PINAt_e,5,frac_variable,1.0
PINAt_e,5,frac_bidirectional,0.0
PINAt_e,6,minimum,0.0
PINAt_e,6,maximum,303.6718454250914
PINAt_e,6,mean_range,291.7815797795016
PINAt_e,6,mean_midpoint,145.8907898897508
PINAt_e,6,median_range,291.7524300169257
PINAt_e,6,median_midpoint,145.87621500846285
PINAt_e,6,std_range,7.026315163178875
PINAt_e,6,frac_fixed,0.0
PINAt_e,6,frac_variable,1.0
PINAt_e,6,frac_bidirectional,0.0
PINAt_e,7,minimum,0.1076496021798796
PINAt_e,7,maximum,278.96574467332863
PINAt_e,7,mean_range,272.11862375748024
PINAt_e,7,mean_midpoint,137.28589512934397
PINAt_e,7,median_range,272.02165396042096
PINAt_e,7,median_midpoint,137.25350982731902
PINAt_e,7,std_range,4.3068485453998315
PINAt_e,7,frac_fixed,0.0
PINAt_e,7,frac_variable,1.0
PINAt_e,7,frac_bidirectional,0.0
PINAt_e,8,minimum,4.0802659594274555
PINAt_e,8,maximum,258.09341685011714
PINAt_e,8,mean_range,251.88201574791975
PINAt_e,8,mean_midpoint,130.11585993713462
PINAt_e,8,median_range,251.88201574791657
PINAt_e,8,median_midpoint,130.11585993713274
PINAt_e,8,std_range,2.1311351427625786
PINAt_e,8,frac_fixed,0.0
PINAt_e,8,frac_variable,1.0
PINAt_e,8,frac_bidirectional,0.0
PINAt_e,9,minimum,2.566888299523157
PINAt_e,9,maximum,266.61269429745187
PINAt_e,9,mean_range,260.1353616825901
PINAt_e,9,mean_midpoint,133.28380815691904
PINAt_e,9,median_range,260.6275854425553
PINAt_e,9,median_midpoint,133.44819764326752
PINAt_e,9,std_range,2.6135360590428642
PINAt_e,9,frac_fixed,0.0
PINAt_e,9,frac_variable,1.0
PINAt_e,9,frac_bidirectional,0.0
PINAt_e,10,minimum,0.0
PINAt_e,10,maximum,303.6718454250965
PINAt_e,10,mean_range,292.33057338808777
PINAt_e,10,mean_midpoint,146.16528669404389
PINAt_e,10,median_range,292.26902969350914
PINAt_e,10,median_midpoint,146.13451484675457
PINAt_e,10,std_range,7.104549936709138
PINAt_e,10,frac_fixed,0.0
PINAt_e,10,frac_variable,1.0
PINAt_e,10,frac_bidirectional,0.0
PINAt_e,11,minimum,0.1076496021610096
PINAt_e,11,maximum,278.9657446733321
PINAt_e,11,mean_range,272.22416095978184
PINAt_e,11,mean_midpoint,137.32114171410527
PINAt_e,11,median_range,272.021653960431
PINAt_e,11,median_midpoint,137.25350982732417
PINAt_e,11,std_range,4.262698935536506
PINAt_e,11,frac_fixed,0.0
PINAt_e,11,frac_variable,1.0
PINAt_e,11,frac_bidirectional,0.0
NAHCO3CLt_e,1,minimum,3.599392001205331
NAHCO3CLt_e,1,maximum,8.599392001206262
NAHCO3CLt_e,1,mean_range,4.999999999996293
NAHCO3CLt_e,1,mean_midpoint,6.099392001204021
NAHCO3CLt_e,1,median_range,4.999999999999988
NAHCO3CLt_e,1,median_midpoint,6.099392001205851
NAHCO3CLt_e,1,std_range,2.380280973074929e-11
NAHCO3CLt_e,1,frac_fixed,0.0
NAHCO3CLt_e,1,frac_variable,1.0
NAHCO3CLt_e,1,frac_bidirectional,0.0
NAHCO3CLt_e,2,minimum,0.0
NAHCO3CLt_e,2,maximum,20.0
NAHCO3CLt_e,2,mean_range,20.0
NAHCO3CLt_e,2,mean_midpoint,10.0
NAHCO3CLt_e,2,median_range,20.0
NAHCO3CLt_e,2,median_midpoint,10.0
NAHCO3CLt_e,2,std_range,0.0
NAHCO3CLt_e,2,frac_fixed,0.0
NAHCO3CLt_e,2,frac_variable,1.0
NAHCO3CLt_e,2,frac_bidirectional,0.0
NAHCO3CLt_e,3,minimum,0.0
NAHCO3CLt_e,3,maximum,20.0
NAHCO3CLt_e,3,mean_range,20.0
NAHCO3CLt_e,3,mean_midpoint,10.0
NAHCO3CLt_e,3,median_range,20.0
NAHCO3CLt_e,3,median_midpoint,10.0
NAHCO3CLt_e,3,std_range,0.0
NAHCO3CLt_e,3,frac_fixed,0.0
NAHCO3CLt_e,3,frac_variable,1.0
NAHCO3CLt_e,3,frac_bidirectional,0.0
NAHCO3CLt_e,4,minimum,1.879513600965277
NAHCO3CLt_e,4,maximum,11.785842714889581
NAHCO3CLt_e,4,mean_range,8.270972853566512
NAHCO3CLt_e,4,mean_midpoint,6.588262408558359
NAHCO3CLt_e,4,median_range,8.434430379746857
NAHCO3CLt_e,4,median_midpoint,6.612692310910342
NAHCO3CLt_e,4,std_range,1.0770292379738962
NAHCO3CLt_e,4,frac_fixed,0.0
NAHCO3CLt_e,4,frac_variable,1.0
NAHCO3CLt_e,4,frac_bidirectional,0.0
NAHCO3CLt_e,5,minimum,3.152703805153504
NAHCO3CLt_e,5,maximum,9.426979533500003
NAHCO3CLt_e,5,mean_range,5.7282390972261314
NAHCO3CLt_e,5,mean_midpoint,6.208232569454994
NAHCO3CLt_e,5,median_range,5.73594936708903
NAHCO3CLt_e,5,median_midpoint,6.20938492471365
NAHCO3CLt_e,5,std_range,0.42833088279194137
NAHCO3CLt_e,5,frac_fixed,0.0
NAHCO3CLt_e,5,frac_variable,1.0
NAHCO3CLt_e,5,frac_bidirectional,0.0
NAHCO3CLt_e,6,minimum,0.0
NAHCO3CLt_e,6,maximum,20.0
NAHCO3CLt_e,6,mean_range,19.08876069245873
NAHCO3CLt_e,6,mean_midpoint,9.544380346229365
NAHCO3CLt_e,6,median_range,20.0
NAHCO3CLt_e,6,median_midpoint,10.0
NAHCO3CLt_e,6,std_range,1.2286017767296784
NAHCO3CLt_e,6,frac_fixed,0.0
NAHCO3CLt_e,6,frac_variable,1.0
NAHCO3CLt_e,6,frac_bidirectional,0.0
NAHCO3CLt_e,7,minimum,0.0
NAHCO3CLt_e,7,maximum,15.928228642676446
NAHCO3CLt_e,7,mean_range,13.335444869217723
NAHCO3CLt_e,7,mean_midpoint,7.375754230000432
NAHCO3CLt_e,7,median_range,13.340759493670863
NAHCO3CLt_e,7,median_midpoint,7.345978467630664
NAHCO3CLt_e,7,std_range,1.78630040862434
NAHCO3CLt_e,7,frac_fixed,0.0
NAHCO3CLt_e,7,frac_variable,1.0
NAHCO3CLt_e,7,frac_bidirectional,0.0
NAHCO3CLt_e,8,minimum,3.2554163211568903
NAHCO3CLt_e,8,maximum,9.236682143949189
NAHCO3CLt_e,8,mean_range,5.735949367088972
NAHCO3CLt_e,8,mean_midpoint,6.209384924713777
NAHCO3CLt_e,8,median_range,5.735949367091126
NAHCO3CLt_e,8,median_midpoint,6.209384924713891
NAHCO3CLt_e,8,std_range,0.24531645569602914
NAHCO3CLt_e,8,frac_fixed,0.0
NAHCO3CLt_e,8,frac_variable,1.0
NAHCO3CLt_e,8,frac_bidirectional,0.0
NAHCO3CLt_e,9,minimum,1.8795136009605287
NAHCO3CLt_e,9,maximum,11.785842714889782
NAHCO3CLt_e,9,mean_range,8.222476962025027
NAHCO3CLt_e,9,mean_midpoint,6.581014348940034
NAHCO3CLt_e,9,median_range,8.434430379745354
NAHCO3CLt_e,9,median_midpoint,6.61269231090974
NAHCO3CLt_e,9,std_range,1.1253985384294078
NAHCO3CLt_e,9,frac_fixed,0.0
NAHCO3CLt_e,9,frac_variable,1.0
NAHCO3CLt_e,9,frac_bidirectional,0.0
NAHCO3CLt_e,10,minimum,0.0
NAHCO3CLt_e,10,maximum,20.0
NAHCO3CLt_e,10,mean_range,19.15939878293621
NAHCO3CLt_e,10,mean_midpoint,9.579699391468106
NAHCO3CLt_e,10,median_range,20.0
NAHCO3CLt_e,10,median_midpoint,10.0
NAHCO3CLt_e,10,std_range,1.2073063052155555
NAHCO3CLt_e,10,frac_fixed,0.0
NAHCO3CLt_e,10,frac_variable,1.0
NAHCO3CLt_e,10,frac_bidirectional,0.0
NAHCO3CLt_e,11,minimum,0.0
NAHCO3CLt_e,11,maximum,15.928228642677015
NAHCO3CLt_e,11,mean_range,13.382197156804034
NAHCO3CLt_e,11,mean_midpoint,7.381892486008008
NAHCO3CLt_e,11,median_range,13.340759493671994
NAHCO3CLt_e,11,median_midpoint,7.3459784676314674
NAHCO3CLt_e,11,std_range,1.7707946712959566
NAHCO3CLt_e,11,frac_fixed,0.0
NAHCO3CLt_e,11,frac_variable,1.0
NAHCO3CLt_e,11,frac_bidirectional,0.0
PIt_e,1,minimum,4.413658244176098
PIt_e,1,maximum,243.82062651543316
PIt_e,1,mean_range,239.40696827122673
PIt_e,1,mean_midpoint,124.11714237979076
PIt_e,1,median_range,239.4069682712244
PIt_e,1,median_midpoint,124.11714237978958
PIt_e,1,std_range,1.6210238378703744e-11
PIt_e,1,frac_fixed,0.0
PIt_e,1,frac_variable,1.0
PIt_e,1,frac_bidirectional,0.0
PIt_e,2,minimum,-0.22
PIt_e,2,maximum,304.6220800693901
PIt_e,2,mean_range,304.84208006938974
PIt_e,2,mean_midpoint,152.20104003469484
PIt_e,2,median_range,304.8420800693898
PIt_e,2,median_midpoint,152.20104003469487
PIt_e,2,std_range,2.3995734090028045e-13
PIt_e,2,frac_fixed,0.0
PIt_e,2,frac_variable,1.0
PIt_e,2,frac_bidirectional,1.0
PIt_e,3,minimum,-0.22
PIt_e,3,maximum,304.62208006939017
PIt_e,3,mean_range,304.8420800693902
PIt_e,3,mean_midpoint,152.20104003469507
PIt_e,3,median_range,304.8420800693902
PIt_e,3,median_midpoint,152.20104003469507
PIt_e,3,std_range,0.0
PIt_e,3,frac_fixed,0.0
PIt_e,3,frac_variable,1.0
PIt_e,3,frac_bidirectional,1.0
PIt_e,4,minimum,2.346888299525129
PIt_e,4,maximum,266.57673259326646
PIt_e,4,mean_range,260.4290263302164
PIt_e,4,mean_midpoint,133.19194203094622
PIt_e,4,median_range,260.8089266105634
PIt_e,4,median_midpoint,133.31886822727034
PIt_e,4,std_range,2.5031806060601105
PIt_e,4,frac_fixed,0.0
PIt_e,4,frac_variable,1.0
PIt_e,4,frac_bidirectional,0.0
PIt_e,5,minimum,3.7472908014988713
PIt_e,5,maximum,259.5356877561935
PIt_e,5,mean_range,250.735700181457
PIt_e,5,mean_midpoint,129.3486656150159
PIt_e,5,median_range,252.05841218159435
PIt_e,5,median_midpoint,129.98405815397115
PIt_e,5,std_range,4.933995555244449
PIt_e,5,frac_fixed,0.0
PIt_e,5,frac_variable,1.0
PIt_e,5,frac_bidirectional,0.0
PIt_e,6,minimum,-0.22
PIt_e,6,maximum,303.67094638248824
PIt_e,6,mean_range,291.9894310361416
PIt_e,6,mean_midpoint,145.7747155180708
PIt_e,6,median_range,291.96025369418936
PIt_e,6,median_midpoint,145.76012684709465
PIt_e,6,std_range,7.032962949304983
PIt_e,6,frac_fixed,0.0
PIt_e,6,frac_variable,1.0
PIt_e,6,frac_bidirectional,1.0
PIt_e,7,minimum,-0.11235039782111239
PIt_e,7,maximum,278.94147052300343
PIt_e,7,mean_range,272.309031865004
PIt_e,7,mean_midpoint,137.1610991831059
PIt_e,7,median_range,272.2119855544778
PIt_e,7,median_midpoint,137.12867562434684
PIt_e,7,std_range,4.310246840160054
PIt_e,7,frac_fixed,0.0
PIt_e,7,frac_variable,1.0
PIt_e,7,frac_bidirectional,0.10526315789473684
PIt_e,8,minimum,3.860265959428896
PIt_e,8,maximum,258.05026280510657
PIt_e,8,mean_range,252.05841218159665
PIt_e,8,mean_midpoint,129.9840581539725
PIt_e,8,median_range,252.0584121815944
PIt_e,8,median_midpoint,129.98405815397172
PIt_e,8,std_range,2.131584664067048
PIt_e,8,frac_fixed,0.0
PIt_e,8,frac_variable,1.0
PIt_e,8,frac_bidirectional,0.0
PIt_e,9,minimum,2.3468882995234916
PIt_e,9,maximum,266.5767325932668
PIt_e,9,mean_range,260.31631446418726
PIt_e,9,mean_midpoint,133.15428454771796
PIt_e,9,median_range,260.80892661056384
PIt_e,9,median_midpoint,133.31886822727063
PIt_e,9,std_range,2.6155982550545565
PIt_e,9,frac_fixed,0.0
PIt_e,9,frac_variable,1.0
PIt_e,9,frac_bidirectional,0.0
PIt_e,10,minimum,-0.22
PIt_e,10,maximum,303.670946382513
PIt_e,10,mean_range,292.5389440623757
PIt_e,10,mean_midpoint,146.04947203118783
PIt_e,10,median_range,292.4773421396494
PIt_e,10,median_midpoint,146.01867106982468
PIt_e,10,std_range,7.111271742862716
PIt_e,10,frac_fixed,0.0
PIt_e,10,frac_variable,1.0
PIt_e,10,frac_bidirectional,1.0
PIt_e,11,minimum,-0.11235039782138327
PIt_e,11,maximum,278.94147052300696
PIt_e,11,mean_range,272.41465234084546
PIt_e,11,mean_midpoint,137.1963874046367
PIt_e,11,median_range,272.21198555447955
PIt_e,11,median_midpoint,137.1286756243472
PIt_e,11,std_range,4.2660623942926055
PIt_e,11,frac_fixed,0.0
PIt_e,11,frac_variable,1.0
PIt_e,11,frac_bidirectional,0.0835117773019272
SO4t_e,1,minimum,-748.1974698546389
SO4t_e,1,maximum,-6.290501583352125
SO4t_e,1,mean_range,741.906968271231
SO4t_e,1,mean_midpoint,-377.2439857189745
SO4t_e,1,median_range,741.9069682712241
SO4t_e,1,median_midpoint,-377.2439857189739
SO4t_e,1,std_range,2.6341986155800204e-11
SO4t_e,1,frac_fixed,0.0
SO4t_e,1,frac_variable,1.0
SO4t_e,1,frac_bidirectional,0.0
SO4t_e,2,minimum,-804.6220800693904
SO4t_e,2,maximum,2.500000000000462
SO4t_e,2,mean_range,807.1220800693899
SO4t_e,2,mean_midpoint,-401.0610400346949
SO4t_e,2,median_range,807.1220800693898
SO4t_e,2,median_midpoint,-401.0610400346949
SO4t_e,2,std_range,4.1398246721730913e-13
SO4t_e,2,frac_fixed,0.0
SO4t_e,2,frac_variable,1.0
SO4t_e,2,frac_bidirectional,1.0
SO4t_e,3,minimum,-804.6220800693898
SO4t_e,3,maximum,2.499999999999801
SO4t_e,3,mean_range,807.1220800693895
SO4t_e,3,mean_midpoint,-401.061040034695
SO4t_e,3,median_range,807.1220800693895
SO4t_e,3,median_midpoint,-401.061040034695
SO4t_e,3,std_range,0.0
SO4t_e,3,frac_fixed,0.0
SO4t_e,3,frac_variable,1.0
SO4t_e,3,frac_bidirectional,1.0
SO4t_e,4,minimum,-770.0782072646124
SO4t_e,4,maximum,-3.532401266681461
SO4t_e,4,mean_range,762.7479846840673
SO4t_e,4,mean_midpoint,-385.82571159877716
SO4t_e,4,median_range,763.1275854425575
SO4t_e,4,median_midpoint,-385.9236240829709
SO4t_e,4,std_range,2.5012070426308224
SO4t_e,4,frac_fixed,0.0
SO4t_e,4,frac_variable,1.0
SO4t_e,4,frac_bidirectional,0.0
SO4t_e,5,minimum,-763.6851796436351
SO4t_e,5,maximum,-5.574165559365865
SO4t_e,5,mean_range,753.0823085062224
SO4t_e,5,mean_midpoint,-382.42227512881027
SO4t_e,5,median_range,754.3820157479221
SO4t_e,5,median_midpoint,-383.0677944098204
SO4t_e,5,std_range,4.897398474807417
SO4t_e,5,frac_fixed,0.0
SO4t_e,5,frac_variable,1.0
SO4t_e,5,frac_bidirectional,0.0
SO4t_e,6,minimum,-803.7584832492694
SO4t_e,6,maximum,2.404769992087884
SO4t_e,6,mean_range,794.1654737857199
SO4t_e,6,mean_midpoint,-395.8695779394629
SO4t_e,6,median_range,794.1360604460108
SO4t_e,6,median_midpoint,-395.85779258187347
SO4t_e,6,std_range,7.0898483033389725
SO4t_e,6,frac_fixed,0.0
SO4t_e,6,frac_variable,1.0
SO4t_e,6,frac_bidirectional,1.0
SO4t_e,7,minimum,-781.3049659261645
SO4t_e,7,maximum,-0.12503501468796685
SO4t_e,7,mean_range,774.5950886640769
SO4t_e,7,mean_midpoint,-388.89933751805813
SO4t_e,7,median_range,774.5216539604338
SO4t_e,7,median_midpoint,-388.8625580252295
SO4t_e,7,std_range,4.271901005691204
SO4t_e,7,frac_fixed,0.0
SO4t_e,7,frac_variable,1.0
SO4t_e,7,frac_bidirectional,0.0
SO4t_e,8,minimum,-762.2520324107165
SO4t_e,8,maximum,-5.738881520011631
SO4t_e,8,mean_range,754.3820157479155
SO4t_e,8,mean_midpoint,-383.0677944098154
SO4t_e,8,median_range,754.3820157479315
SO4t_e,8,median_midpoint,-383.0677944098256
SO4t_e,8,std_range,2.1311351427700216
SO4t_e,8,frac_fixed,0.0
SO4t_e,8,frac_variable,1.0
SO4t_e,8,frac_bidirectional,0.0
SO4t_e,9,minimum,-770.0782072646213
SO4t_e,9,maximum,-3.5324012666797557
SO4t_e,9,mean_range,762.6353616825901
SO4t_e,9,mean_midpoint,-385.7966621366624
SO4t_e,9,median_range,763.1275854425472
SO4t_e,9,median_midpoint,-385.9236240829629
SO4t_e,9,std_range,2.6135360590422843
SO4t_e,9,frac_fixed,0.0
SO4t_e,9,frac_variable,1.0
SO4t_e,9,frac_bidirectional,0.0
SO4t_e,10,minimum,-803.758483249278
SO4t_e,10,maximum,2.4047699920937915
SO4t_e,10,mean_range,794.7194314881551
SO4t_e,10,mean_midpoint,-396.09153810029466
SO4t_e,10,median_range,794.657331305001
SO4t_e,10,median_midpoint,-396.06665575534333
SO4t_e,10,std_range,7.168790489035291
SO4t_e,10,frac_fixed,0.0
SO4t_e,10,frac_variable,1.0
SO4t_e,10,frac_bidirectional,1.0
SO4t_e,11,minimum,-781.3049659261677
SO4t_e,11,maximum,-0.12503501468370437
SO4t_e,11,mean_range,774.7012796504013
SO4t_e,11,mean_midpoint,-388.926232409516
SO4t_e,11,median_range,774.5216539604316
SO4t_e,11,median_midpoint,-388.8625580252314
SO4t_e,11,std_range,4.2295648932377805
SO4t_e,11,frac_fixed,0.0
SO4t_e,11,frac_variable,1.0
SO4t_e,11,frac_bidirectional,0.0
NASO4t_e,1,minimum,-748.1652746462788
NASO4t_e,1,maximum,-6.258306375008065
NASO4t_e,1,mean_range,741.9069682712325
NASO4t_e,1,mean_midpoint,-377.2117905106261
NASO4t_e,1,median_range,741.9069682712254
NASO4t_e,1,median_midpoint,-377.21179051062285
NASO4t_e,1,std_range,1.7314405826925375e-11
NASO4t_e,1,frac_fixed,0.0
NASO4t_e,1,frac_variable,1.0
NASO4t_e,1,frac_bidirectional,0.0
NASO4t_e,2,minimum,-804.6220800693903
NASO4t_e,2,maximum,2.5000000000009237
NASO4t_e,2,mean_range,807.1220800693899
NASO4t_e,2,mean_midpoint,-401.0610400346949
NASO4t_e,2,median_range,807.1220800693898
NASO4t_e,2,median_midpoint,-401.0610400346949
NASO4t_e,2,std_range,3.203468350785754e-13
NASO4t_e,2,frac_fixed,0.0
NASO4t_e,2,frac_variable,1.0
NASO4t_e,2,frac_bidirectional,1.0
NASO4t_e,3,minimum,-804.6220800693901
NASO4t_e,3,maximum,2.500000000000057
NASO4t_e,3,mean_range,807.1220800693902
NASO4t_e,3,mean_midpoint,-401.061040034695
NASO4t_e,3,median_range,807.1220800693902
NASO4t_e,3,median_midpoint,-401.061040034695
NASO4t_e,3,std_range,0.0
NASO4t_e,3,frac_fixed,0.0
NASO4t_e,3,frac_variable,1.0
NASO4t_e,3,frac_bidirectional,1.0
NASO4t_e,4,minimum,-770.0524510979308
NASO4t_e,4,maximum,-3.506645100007684
NASO4t_e,4,mean_range,762.7479846840699
NASO4t_e,4,mean_midpoint,-385.79780919876106
NASO4t_e,4,median_range,763.1275854425633
NASO4t_e,4,median_midpoint,-385.8959362037891
NASO4t_e,4,std_range,2.50120704263032
NASO4t_e,4,frac_fixed,0.0
NASO4t_e,4,frac_variable,1.0
NASO4t_e,4,frac_bidirectional,0.0
NASO4t_e,5,minimum,-763.6546567883481
NASO4t_e,5,maximum,-5.543642704076283
NASO4t_e,5,mean_range,753.0823085062193
NASO4t_e,5,mean_midpoint,-382.3910356577902
NASO4t_e,5,median_range,754.382015747919
NASO4t_e,5,median_midpoint,-383.03656505771824
NASO4t_e,5,std_range,4.897398474812619
NASO4t_e,5,frac_fixed,0.0
NASO4t_e,5,frac_variable,1.0
NASO4t_e,5,frac_bidirectional,0.0
NASO4t_e,6,minimum,-803.7578393451016
NASO4t_e,6,maximum,2.4054138962559857
NASO4t_e,6,mean_range,794.1654737857158
NASO4t_e,6,mean_midpoint,-395.86087687631937
NASO4t_e,6,median_range,794.1360604460164
NASO4t_e,6,median_midpoint,-395.8490717660804
NASO4t_e,6,std_range,7.089848303342776
NASO4t_e,6,frac_fixed,0.0
NASO4t_e,6,frac_variable,1.0
NASO4t_e,6,frac_bidirectional,1.0
NASO4t_e,7,minimum,-781.2875805136549
NASO4t_e,7,maximum,-0.1076496021833887
NASO4t_e,7,mean_range,774.595088664077
NASO4t_e,7,mean_midpoint,-388.8781434803389
NASO4t_e,7,median_range,774.5216539604293
NASO4t_e,7,median_midpoint,-388.8413091877208
NASO4t_e,7,std_range,4.271901005692751
NASO4t_e,7,frac_fixed,0.0
NASO4t_e,7,frac_variable,1.0
NASO4t_e,7,frac_bidirectional,0.0
NASO4t_e,8,minimum,-762.2211250107079
NASO4t_e,8,maximum,-5.707974120007266
NASO4t_e,8,mean_range,754.3820157479146
NASO4t_e,8,mean_midpoint,-383.0365650577155
NASO4t_e,8,median_range,754.3820157479242
NASO4t_e,8,median_midpoint,-383.03656505772005
NASO4t_e,8,std_range,2.131135142771717
NASO4t_e,8,frac_fixed,0.0
NASO4t_e,8,frac_variable,1.0
NASO4t_e,8,frac_bidirectional,0.0
NASO4t_e,9,minimum,-770.0524510979401
NASO4t_e,9,maximum,-3.506645100005111
NASO4t_e,9,mean_range,762.6353616825903
NASO4t_e,9,mean_midpoint,-385.76869609088294
NASO4t_e,9,median_range,763.1275854425597
NASO4t_e,9,median_midpoint,-385.89593620378724
NASO4t_e,9,std_range,2.6135360590430223
NASO4t_e,9,frac_fixed,0.0
NASO4t_e,9,frac_variable,1.0
NASO4t_e,9,frac_bidirectional,0.0
NASO4t_e,10,minimum,-803.7578393451079
NASO4t_e,10,maximum,2.4054138962577363
NASO4t_e,10,mean_range,794.7194314881552
NASO4t_e,10,mean_midpoint,-396.08320904976193
NASO4t_e,10,median_range,794.6573313049964
NASO4t_e,10,median_midpoint,-396.05828500117093
NASO4t_e,10,std_range,7.16879048903565
NASO4t_e,10,frac_fixed,0.0
NASO4t_e,10,frac_variable,1.0
NASO4t_e,10,frac_bidirectional,1.0
NASO4t_e,11,minimum,-781.2875805136597
NASO4t_e,11,maximum,-0.10764960217091775
NASO4t_e,11,mean_range,774.701279650401
NASO4t_e,11,mean_midpoint,-388.9050980132175
NASO4t_e,11,median_range,774.5216539604306
NASO4t_e,11,median_midpoint,-388.8413091877211
NASO4t_e,11,std_range,4.229564893238207
NASO4t_e,11,frac_fixed,0.0
NASO4t_e,11,frac_variable,1.0
NASO4t_e,11,frac_bidirectional,0.0
CLt_e,1,minimum,3.599392001200688
CLt_e,1,maximum,8.599392001209335
CLt_e,1,mean_range,5.000000000000891
CLt_e,1,mean_midpoint,6.099392001205896
CLt_e,1,median_range,5.000000000000941
CLt_e,1,median_midpoint,6.099392001205992
CLt_e,1,std_range,1.926424409370089e-12
CLt_e,1,frac_fixed,0.0
CLt_e,1,frac_variable,1.0
CLt_e,1,frac_bidirectional,0.0
CLt_e,2,minimum,0.0
CLt_e,2,maximum,20.0
CLt_e,2,mean_range,20.0
CLt_e,2,mean_midpoint,10.0
CLt_e,2,median_range,20.0
CLt_e,2,median_midpoint,10.0
CLt_e,2,std_range,0.0
CLt_e,2,frac_fixed,0.0
CLt_e,2,frac_variable,1.0
CLt_e,2,frac_bidirectional,0.0
CLt_e,3,minimum,0.0
CLt_e,3,maximum,20.0
CLt_e,3,mean_range,20.0
CLt_e,3,mean_midpoint,10.0
CLt_e,3,median_range,20.0
CLt_e,3,median_midpoint,10.0
CLt_e,3,std_range,0.0
CLt_e,3,frac_fixed,0.0
CLt_e,3,frac_variable,1.0
CLt_e,3,frac_bidirectional,0.0
CLt_e,4,minimum,1.8795136009644897
CLt_e,4,maximum,11.785842714888247
CLt_e,4,mean_range,8.270972853566908
CLt_e,4,mean_midpoint,6.588262408558495
CLt_e,4,median_range,8.434430379747928
CLt_e,4,median_midpoint,6.612692310910565
CLt_e,4,std_range,1.0770292379733355
CLt_e,4,frac_fixed,0.0
CLt_e,4,frac_variable,1.0
CLt_e,4,frac_bidirectional,0.0
CLt_e,5,minimum,3.152703805138378
CLt_e,5,maximum,9.426979533499502
CLt_e,5,mean_range,5.728239097229041
CLt_e,5,mean_midpoint,6.208232569453019
CLt_e,5,median_range,5.735949367088131
CLt_e,5,median_midpoint,6.209384924713888
CLt_e,5,std_range,0.4283308827972279
CLt_e,5,frac_fixed,0.0
CLt_e,5,frac_variable,1.0
CLt_e,5,frac_bidirectional,0.0
CLt_e,6,minimum,0.0
CLt_e,6,maximum,20.0
CLt_e,6,mean_range,19.088760692458845
CLt_e,6,mean_midpoint,9.544380346229422
CLt_e,6,median_range,20.0
CLt_e,6,median_midpoint,10.0
CLt_e,6,std_range,1.2286017767296766
CLt_e,6,frac_fixed,0.0
CLt_e,6,frac_variable,1.0
CLt_e,6,frac_bidirectional,0.0
CLt_e,7,minimum,0.0
CLt_e,7,maximum,15.928228642673036
CLt_e,7,mean_range,13.33544486921715
CLt_e,7,mean_midpoint,7.375754230000498
CLt_e,7,median_range,13.340759493670589
CLt_e,7,median_midpoint,7.345978467631014
CLt_e,7,std_range,1.7863004086248149
CLt_e,7,frac_fixed,0.0
CLt_e,7,frac_variable,1.0
CLt_e,7,frac_bidirectional,0.0
CLt_e,8,minimum,3.2554163211566767
CLt_e,8,maximum,9.236682143944398
CLt_e,8,mean_range,5.7359493670882085
CLt_e,8,mean_midpoint,6.209384924713618
CLt_e,8,median_range,5.735949367086802
CLt_e,8,median_midpoint,6.2093849247131185
CLt_e,8,std_range,0.2453164556966181
CLt_e,8,frac_fixed,0.0
CLt_e,8,frac_variable,1.0
CLt_e,8,frac_bidirectional,0.0
CLt_e,9,minimum,1.87951360096263
CLt_e,9,maximum,11.785842714889984
CLt_e,9,mean_range,8.222476962025494
CLt_e,9,mean_midpoint,6.581014348939936
CLt_e,9,median_range,8.43443037974529
CLt_e,9,median_midpoint,6.612692310909381
CLt_e,9,std_range,1.125398538429414
CLt_e,9,frac_fixed,0.0
CLt_e,9,frac_variable,1.0
CLt_e,9,frac_bidirectional,0.0
CLt_e,10,minimum,0.0
CLt_e,10,maximum,20.0
CLt_e,10,mean_range,19.159398782936183
CLt_e,10,mean_midpoint,9.579699391468091
CLt_e,10,median_range,20.0
CLt_e,10,median_midpoint,10.0
CLt_e,10,std_range,1.2073063052156152
CLt_e,10,frac_fixed,0.0
CLt_e,10,frac_variable,1.0
CLt_e,10,frac_bidirectional,0.0
CLt_e,11,minimum,0.0
CLt_e,11,maximum,15.928228642683505
CLt_e,11,mean_range,13.382197156804171
CLt_e,11,mean_midpoint,7.38189248600803
CLt_e,11,median_range,13.340759493671998
CLt_e,11,median_midpoint,7.345978467631643
CLt_e,11,std_range,1.7707946712961495
CLt_e,11,frac_fixed,0.0
CLt_e,11,frac_variable,1.0
CLt_e,11,frac_bidirectional,0.0
EX_hco3_e,1,minimum,-8.599392001207422
EX_hco3_e,1,maximum,-3.599392001204187
EX_hco3_e,1,mean_range,5.000000000000163
EX_hco3_e,1,mean_midpoint,-6.0993920012058
EX_hco3_e,1,median_range,5.000000000000121
EX_hco3_e,1,median_midpoint,-6.099392001205789
EX_hco3_e,1,std_range,7.826875648872261e-13
EX_hco3_e,1,frac_fixed,0.0
EX_hco3_e,1,frac_variable,1.0
EX_hco3_e,1,frac_bidirectional,0.0
EX_hco3_e,2,minimum,-20.0
EX_hco3_e,2,maximum,0.0
EX_hco3_e,2,mean_range,20.0
EX_hco3_e,2,mean_midpoint,-10.0
EX_hco3_e,2,median_range,20.0
EX_hco3_e,2,median_midpoint,-10.0
EX_hco3_e,2,std_range,0.0
EX_hco3_e,2,frac_fixed,0.0
EX_hco3_e,2,frac_variable,1.0
EX_hco3_e,2,frac_bidirectional,0.0
EX_hco3_e,3,minimum,-20.0
EX_hco3_e,3,maximum,0.0
EX_hco3_e,3,mean_range,20.0
EX_hco3_e,3,mean_midpoint,-10.0
EX_hco3_e,3,median_range,20.0
EX_hco3_e,3,median_midpoint,-10.0
EX_hco3_e,3,std_range,0.0
EX_hco3_e,3,frac_fixed,0.0
EX_hco3_e,3,frac_variable,1.0
EX_hco3_e,3,frac_bidirectional,0.0
EX_hco3_e,4,minimum,-11.785842714888673
EX_hco3_e,4,maximum,-1.8795136009648228
EX_hco3_e,4,mean_range,8.270972853566787
EX_hco3_e,4,mean_midpoint,-6.5882624085583155
EX_hco3_e,4,median_range,8.434430379746711
EX_hco3_e,4,median_midpoint,-6.612692310910196
EX_hco3_e,4,std_range,1.0770292379730897
EX_hco3_e,4,frac_fixed,0.0
EX_hco3_e,4,frac_variable,1.0
EX_hco3_e,4,frac_bidirectional,0.0
EX_hco3_e,5,minimum,-9.426979533499983
EX_hco3_e,5,maximum,-3.152703805154112
EX_hco3_e,5,mean_range,5.728239097225698
EX_hco3_e,5,mean_midpoint,-6.208232569455115
EX_hco3_e,5,median_range,5.735949367088661
EX_hco3_e,5,median_midpoint,-6.2093849247137145
EX_hco3_e,5,std_range,0.42833088279190634
EX_hco3_e,5,frac_fixed,0.0
EX_hco3_e,5,frac_variable,1.0
EX_hco3_e,5,frac_bidirectional,0.0
EX_hco3_e,6,minimum,-20.0
EX_hco3_e,6,maximum,0.0
EX_hco3_e,6,mean_range,19.088760692458663
EX_hco3_e,6,mean_midpoint,-9.544380346229332
EX_hco3_e,6,median_range,20.0
EX_hco3_e,6,median_midpoint,-10.0
EX_hco3_e,6,std_range,1.2286017767299524
EX_hco3_e,6,frac_fixed,0.0
EX_hco3_e,6,frac_variable,1.0
EX_hco3_e,6,frac_bidirectional,0.0
EX_hco3_e,7,minimum,-15.928228642676961
EX_hco3_e,7,maximum,0.0
EX_hco3_e,7,mean_range,13.335444869217497
EX_hco3_e,7,mean_midpoint,-7.375754230000456
EX_hco3_e,7,median_range,13.340759493671833
EX_hco3_e,7,median_midpoint,-7.345978467630749
EX_hco3_e,7,std_range,1.7863004086247478
EX_hco3_e,7,frac_fixed,0.0
EX_hco3_e,7,frac_variable,1.0
EX_hco3_e,7,frac_bidirectional,0.0
EX_hco3_e,8,minimum,-9.236682143942646
EX_hco3_e,8,maximum,-3.255416321155994
EX_hco3_e,8,mean_range,5.735949367088598
EX_hco3_e,8,mean_midpoint,-6.20938492471377
EX_hco3_e,8,median_range,5.735949367088556
EX_hco3_e,8,median_midpoint,-6.209384924713823
EX_hco3_e,8,std_range,0.24531645569624994
EX_hco3_e,8,frac_fixed,0.0
EX_hco3_e,8,frac_variable,1.0
EX_hco3_e,8,frac_bidirectional,0.0
EX_hco3_e,9,minimum,-11.785842714889123
EX_hco3_e,9,maximum,-1.8795136009623679
EX_hco3_e,9,mean_range,8.222476962025178
EX_hco3_e,9,mean_midpoint,-6.581014348940047
EX_hco3_e,9,median_range,8.434430379744867
EX_hco3_e,9,median_midpoint,-6.612692310909901
EX_hco3_e,9,std_range,1.1253985384294287
EX_hco3_e,9,frac_fixed,0.0
EX_hco3_e,9,frac_variable,1.0
EX_hco3_e,9,frac_bidirectional,0.0
EX_hco3_e,10,minimum,-20.0
EX_hco3_e,10,maximum,0.0
EX_hco3_e,10,mean_range,19.159398782936147
EX_hco3_e,10,mean_midpoint,-9.579699391468074
EX_hco3_e,10,median_range,20.0
EX_hco3_e,10,median_midpoint,-10.0
EX_hco3_e,10,std_range,1.2073063052156165
EX_hco3_e,10,frac_fixed,0.0
EX_hco3_e,10,frac_variable,1.0
EX_hco3_e,10,frac_bidirectional,0.0
EX_hco3_e,11,minimum,-15.928228642676908
EX_hco3_e,11,maximum,0.0
EX_hco3_e,11,mean_range,13.382197156803986
EX_hco3_e,11,mean_midpoint,-7.3818924860080735
EX_hco3_e,11,median_range,13.340759493671225
EX_hco3_e,11,median_midpoint,-7.345978467631346
EX_hco3_e,11,std_range,1.770794671296057
EX_hco3_e,11,frac_fixed,0.0
EX_hco3_e,11,frac_variable,1.0
EX_hco3_e,11,frac_bidirectional,0.0
PGAM_h,1,minimum,22.07671859773944
PGAM_h,1,maximum,488.1886729729997
PGAM_h,1,mean_range,466.1119543751466
PGAM_h,1,mean_midpoint,255.13269578537904
PGAM_h,1,median_range,466.111954375152
PGAM_h,1,median_midpoint,255.13269578537208
PGAM_h,1,std_range,4.8649102098986164e-11
PGAM_h,1,frac_fixed,0.0
PGAM_h,1,frac_variable,1.0
PGAM_h,1,frac_bidirectional,0.0
PGAM_h,2,minimum,-4.66101265823449
PGAM_h,2,maximum,626.0860780221369
PGAM_h,2,mean_range,630.7470906803616
PGAM_h,2,mean_midpoint,310.7125326819529
PGAM_h,2,median_range,630.7470906803616
PGAM_h,2,median_midpoint,310.71253268195295
PGAM_h,2,std_range,1.4644877029135981e-12
PGAM_h,2,frac_fixed,0.0
PGAM_h,2,frac_variable,1.0
PGAM_h,2,frac_bidirectional,1.0
PGAM_h,3,minimum,-4.661012658227808
PGAM_h,3,maximum,626.0860780221337
PGAM_h,3,mean_range,630.7470906803616
PGAM_h,3,mean_midpoint,310.71253268195295
PGAM_h,3,median_range,630.7470906803616
PGAM_h,3,median_midpoint,310.71253268195295
PGAM_h,3,std_range,0.0
PGAM_h,3,frac_fixed,0.0
PGAM_h,3,frac_variable,1.0
PGAM_h,3,frac_bidirectional,1.0
PGAM_h,4,minimum,0.7436186768174906
PGAM_h,4,maximum,523.6552689993846
PGAM_h,4,mean_range,513.7941644301904
PGAM_h,4,mean_midpoint,258.16910984569836
PGAM_h,4,median_range,514.7757235384001
PGAM_h,4,median_midpoint,258.53682779614564
PGAM_h,4,std_range,6.074123749170689
PGAM_h,4,frac_fixed,0.0
PGAM_h,4,frac_variable,1.0
PGAM_h,4,frac_bidirectional,0.0
PGAM_h,5,minimum,2.468005889531671
PGAM_h,5,maximum,504.5793118333432
PGAM_h,5,mean_range,488.64273599815243
PGAM_h,5,mean_midpoint,253.3920454882581
PGAM_h,5,median_range,490.40965090606244
PGAM_h,5,median_midpoint,253.5121948753698
PGAM_h,5,std_range,12.306853317915492
PGAM_h,5,frac_fixed,0.0
PGAM_h,5,frac_variable,1.0
PGAM_h,5,frac_bidirectional,0.0
PGAM_h,6,minimum,-4.525896874852055
PGAM_h,6,maximum,624.1528016420483
PGAM_h,6,mean_range,594.7438062888223
PGAM_h,6,mean_midpoint,294.5367071579069
PGAM_h,6,median_range,594.6606126848318
PGAM_h,6,median_midpoint,294.49925521952997
PGAM_h,6,std_range,20.053147249184832
PGAM_h,6,frac_fixed,0.0
PGAM_h,6,frac_variable,1.0
PGAM_h,6,frac_bidirectional,1.0
PGAM_h,7,minimum,-1.0128865070721877
PGAM_h,7,maximum,557.1544465469401
PGAM_h,7,mean_range,542.1262835418331
PGAM_h,7,mean_midpoint,270.84945086694194
PGAM_h,7,median_range,541.8954794856586
PGAM_h,7,median_midpoint,270.7455479360142
PGAM_h,7,std_range,10.251007466727907
PGAM_h,7,frac_fixed,0.0
PGAM_h,7,frac_variable,1.0
PGAM_h,7,frac_bidirectional,0.631578947368421
PGAM_h,8,minimum,2.7437749129109505
PGAM_h,8,maximum,501.18793276538577
PGAM_h,8,mean_range,490.4096509060679
PGAM_h,8,mean_midpoint,252.7332923641964
PGAM_h,8,median_range,490.4096509060879
PGAM_h,8,median_midpoint,252.733292364176
PGAM_h,8,std_range,8.034506946343813
PGAM_h,8,frac_fixed,0.0
PGAM_h,8,frac_variable,1.0
PGAM_h,8,frac_bidirectional,0.0
PGAM_h,9,minimum,0.7436186768155575
PGAM_h,9,maximum,523.6552689993973
PGAM_h,9,mean_range,513.5011281642909
PGAM_h,9,mean_midpoint,258.0609220446896
PGAM_h,9,median_range,514.7757235383833
PGAM_h,9,median_midpoint,258.5368277961369
PGAM_h,9,std_range,6.368445581801941
PGAM_h,9,frac_fixed,0.0
PGAM_h,9,frac_variable,1.0
PGAM_h,9,frac_bidirectional,0.0
PGAM_h,10,minimum,-4.525896874854272
PGAM_h,10,maximum,624.1528016420551
PGAM_h,10,mean_range,596.3106374679203
PGAM_h,10,mean_midpoint,295.2420602373825
PGAM_h,10,median_range,596.1349913801797
PGAM_h,10,median_midpoint,295.1629882157516
PGAM_h,10,std_range,20.276429780237308
PGAM_h,10,frac_fixed,0.0
PGAM_h,10,frac_variable,1.0
PGAM_h,10,frac_bidirectional,1.0
PGAM_h,11,minimum,-1.0128865070739828
PGAM_h,11,maximum,557.1544465469767
PGAM_h,11,mean_range,542.3774794307553
PGAM_h,11,mean_midpoint,270.96253375434327
PGAM_h,11,median_range,541.8954794856571
PGAM_h,11,median_midpoint,270.7455479360128
PGAM_h,11,std_range,10.145924138259844
PGAM_h,11,frac_fixed,0.0
PGAM_h,11,frac_variable,1.0
PGAM_h,11,frac_bidirectional,0.6338329764453962
ANTHt_h,1,minimum,-0.005545057622583631
ANTHt_h,1,maximum,-0.005545057622303948
ANTHt_h,1,mean_range,4.21615665506751e-14
ANTHt_h,1,mean_midpoint,-0.005545057622325029
ANTHt_h,1,median_range,3.408558157946828e-14
ANTHt_h,1,median_midpoint,-0.0055450576223209916
ANTHt_h,1,std_range,8.629701491149171e-14
ANTHt_h,1,frac_fixed,1.0
ANTHt_h,1,frac_variable,0.0
ANTHt_h,1,frac_bidirectional,0.0
ANTHt_h,2,minimum,-1.1150747986191751
ANTHt_h,2,maximum,0.0
ANTHt_h,2,mean_range,0.8153344073648054
ANTHt_h,2,mean_midpoint,-0.4076672036824027
ANTHt_h,2,median_range,1.0200000000006493
ANTHt_h,2,median_midpoint,-0.5100000000003246
ANTHt_h,2,std_range,0.35909613638163407
ANTHt_h,2,frac_fixed,0.0
ANTHt_h,2,frac_variable,1.0
ANTHt_h,2,frac_bidirectional,0.0
ANTHt_h,3,minimum,0.0
ANTHt_h,3,maximum,0.0
ANTHt_h,3,mean_range,0.0
ANTHt_h,3,mean_midpoint,0.0
ANTHt_h,3,median_range,0.0
ANTHt_h,3,median_midpoint,0.0
ANTHt_h,3,std_range,0.0
ANTHt_h,3,frac_fixed,1.0
ANTHt_h,3,frac_variable,0.0
ANTHt_h,3,frac_bidirectional,0.0
ANTHt_h,4,minimum,-0.005212354165034058
ANTHt_h,4,maximum,-0.004436046097843159
ANTHt_h,4,mean_range,-2.4026708652949678e-14
ANTHt_h,4,mean_midpoint,-0.004805696991039339
ANTHt_h,4,median_range,-5.2474517786560426e-14
ANTHt_h,4,median_midpoint,-0.004768749555263869
ANTHt_h,4,std_range,1.573077066190488e-13
ANTHt_h,4,frac_fixed,1.0
ANTHt_h,4,frac_variable,0.0
ANTHt_h,4,frac_bidirectional,0.0
ANTHt_h,5,minimum,-0.005507358749206387
ANTHt_h,5,maximum,-0.005257024260647671
ANTHt_h,5,mean_range,2.363018634932157e-14
ANTHt_h,5,mean_midpoint,-0.005380448699303634
ANTHt_h,5,median_range,1.981401154260709e-14
ANTHt_h,5,median_midpoint,-0.005378705893667713
ANTHt_h,5,std_range,5.1215715118915086e-14
ANTHt_h,5,frac_fixed,1.0
ANTHt_h,5,frac_variable,0.0
ANTHt_h,5,frac_bidirectional,0.0
ANTHt_h,6,minimum,-0.0028834299635214235
ANTHt_h,6,maximum,-0.00011090115244607898
ANTHt_h,6,mean_range,-8.077216811594682e-15
ANTHt_h,6,mean_midpoint,-0.0014986048853020029
ANTHt_h,6,median_range,4.920868400259959e-15
ANTHt_h,6,median_midpoint,-0.0015020069315091699
ANTHt_h,6,std_range,1.834071962433984e-13
ANTHt_h,6,frac_fixed,1.0
ANTHt_h,6,frac_variable,0.0
ANTHt_h,6,frac_bidirectional,0.0
ANTHt_h,7,minimum,-0.0043251449453849955
ANTHt_h,7,maximum,-0.002994331116044132
ANTHt_h,7,mean_range,5.897146805965367e-16
ANTHt_h,7,mean_midpoint,-0.0036502997319879456
ANTHt_h,7,median_range,-1.8669527729331392e-14
ANTHt_h,7,median_midpoint,-0.0036597380307112713
ANTHt_h,7,std_range,1.2629400983738568e-13
ANTHt_h,7,frac_fixed,1.0
ANTHt_h,7,frac_variable,0.0
ANTHt_h,7,frac_bidirectional,0.0
ANTHt_h,8,minimum,-0.04992624726298152
ANTHt_h,8,maximum,-0.005323255317411791
ANTHt_h,8,mean_range,0.03300757874046845
ANTHt_h,8,mean_midpoint,-0.021882495263869057
ANTHt_h,8,median_range,0.025859343103782947
ANTHt_h,8,median_midpoint,-0.018308377445526304
ANTHt_h,8,std_range,0.011326738763459004
ANTHt_h,8,frac_fixed,0.0
ANTHt_h,8,frac_variable,1.0
ANTHt_h,8,frac_bidirectional,0.0
ANTHt_h,9,minimum,-0.22745100582185515
ANTHt_h,9,maximum,-0.004436046097843159
ANTHt_h,9,mean_range,0.1370744396714939
ANTHt_h,9,mean_midpoint,-0.07335387868878504
ANTHt_h,9,median_range,0.13380897583428222
ANTHt_h,9,median_midpoint,-0.07178413862476858
ANTHt_h,9,std_range,0.05543798172705815
ANTHt_h,9,frac_fixed,0.0
ANTHt_h,9,frac_variable,1.0
ANTHt_h,9,frac_bidirectional,0.0
ANTHt_h,10,minimum,-1.0928842037993078
ANTHt_h,10,maximum,-0.00011090115244607898
ANTHt_h,10,mean_range,0.6323192565450073
ANTHt_h,10,mean_midpoint,-0.3175941605371754
ANTHt_h,10,median_range,0.6690448791714384
ANTHt_h,10,median_midpoint,-0.33674046263462387
ANTHt_h,10,std_range,0.2887335960617099
ANTHt_h,10,frac_fixed,0.0
ANTHt_h,10,frac_variable,1.0
ANTHt_h,10,frac_bidirectional,0.0
ANTHt_h,11,minimum,-0.5159287384808771
ANTHt_h,11,maximum,-0.002994331116044132
ANTHt_h,11,mean_range,0.3300778107097561
ANTHt_h,11,mean_midpoint,-0.1686789329024016
ANTHt_h,11,median_range,0.33452243958587347
ANTHt_h,11,median_midpoint,-0.1711427601285495
ANTHt_h,11,std_range,0.12459793595498568
ANTHt_h,11,frac_fixed,0.0
ANTHt_h,11,frac_variable,1.0
ANTHt_h,11,frac_bidirectional,0.0
PRAIC_c,1,minimum,-0.011925135218015514
PRAIC_c,1,maximum,-0.011925135217943916
PRAIC_c,1,mean_range,1.3489693858072668e-15
PRAIC_c,1,mean_midpoint,-0.011925135217996789
PRAIC_c,1,median_range,1.3114509478384662e-15
PRAIC_c,1,median_midpoint,-0.011925135217997328
PRAIC_c,1,std_range,1.350883707023671e-14
PRAIC_c,1,frac_fixed,1.0
PRAIC_c,1,frac_variable,0.0
PRAIC_c,1,frac_bidirectional,0.0
PRAIC_c,2,minimum,-0.22222222222222138
PRAIC_c,2,maximum,0.0
PRAIC_c,2,mean_range,0.11333333333333305
PRAIC_c,2,mean_midpoint,-0.056666666666666525
PRAIC_c,2,median_range,0.11333333333333293
PRAIC_c,2,median_midpoint,-0.05666666666666646
PRAIC_c,2,std_range,0.0641371986207188
PRAIC_c,2,frac_fixed,0.0
PRAIC_c,2,frac_variable,1.0
PRAIC_c,2,frac_bidirectional,0.0
PRAIC_c,3,minimum,0.0
PRAIC_c,3,maximum,0.0
PRAIC_c,3,mean_range,0.0
PRAIC_c,3,mean_midpoint,0.0
PRAIC_c,3,median_range,0.0
PRAIC_c,3,median_midpoint,0.0
PRAIC_c,3,std_range,0.0
PRAIC_c,3,frac_fixed,1.0
PRAIC_c,3,frac_variable,0.0
PRAIC_c,3,frac_bidirectional,0.0
PRAIC_c,4,minimum,-0.011209627104916063
PRAIC_c,4,maximum,-0.00954010817439499
PRAIC_c,4,mean_range,-9.26342336171615e-16
PRAIC_c,4,mean_midpoint,-0.010335075005261079
PRAIC_c,4,median_range,1.7017637299332478e-15
PRAIC_c,4,median_midpoint,-0.010255616287473228
PRAIC_c,4,std_range,1.0622729595412017e-14
PRAIC_c,4,frac_fixed,1.0
PRAIC_c,4,frac_variable,0.0
PRAIC_c,4,frac_bidirectional,0.0
PRAIC_c,5,minimum,-0.011844060468306898
PRAIC_c,5,maximum,-0.011305694083382889
PRAIC_c,5,mean_range,1.2104033053628172e-15
PRAIC_c,5,mean_midpoint,-0.01157112921864955
PRAIC_c,5,median_range,1.1544584732625651e-15
PRAIC_c,5,median_midpoint,-0.011567381161453812
PRAIC_c,5,std_range,1.3890160493083841e-15
PRAIC_c,5,frac_fixed,1.0
PRAIC_c,5,frac_variable,0.0
PRAIC_c,5,frac_bidirectional,0.0
PRAIC_c,6,minimum,-0.0062010703133578305
PRAIC_c,6,maximum,-0.0002385027043487753
PRAIC_c,6,mean_range,4.61096019779051e-15
PRAIC_c,6,mean_midpoint,-0.0032228819090588043
PRAIC_c,6,median_range,1.7763568394002505e-15
PRAIC_c,6,median_midpoint,-0.003230198309534542
PRAIC_c,6,std_range,3.6135652200459494e-14
PRAIC_c,6,frac_fixed,1.0
PRAIC_c,6,frac_variable,0.0
PRAIC_c,6,frac_bidirectional,0.0
PRAIC_c,7,minimum,-0.00930160547003784
PRAIC_c,7,maximum,-0.00643957301771797
PRAIC_c,7,mean_range,3.5606112356779745e-15
PRAIC_c,7,mean_midpoint,-0.007850291350456564
PRAIC_c,7,median_range,2.688821387764051e-15
PRAIC_c,7,median_midpoint,-0.007870589243877978
PRAIC_c,7,std_range,5.31076709792569e-15
PRAIC_c,7,frac_fixed,1.0
PRAIC_c,7,frac_variable,0.0
PRAIC_c,7,frac_bidirectional,0.0
PRAIC_c,8,minimum,-0.022351083395785933
PRAIC_c,8,maximum,-0.01144812980926918
PRAIC_c,8,mean_range,0.007919005687584073
PRAIC_c,8,mean_midpoint,-0.015526884005247816
PRAIC_c,8,median_range,0.005451476793319534
PRAIC_c,8,median_midpoint,-0.014412370910278957
PRAIC_c,8,std_range,0.00286589659822443
PRAIC_c,8,frac_fixed,0.0
PRAIC_c,8,frac_variable,1.0
PRAIC_c,8,frac_bidirectional,0.0
PRAIC_c,9,minimum,-0.06405487610689597
PRAIC_c,9,maximum,-0.009540108174377337
PRAIC_c,9,mean_range,0.030734816357954792
PRAIC_c,9,mean_midpoint,-0.025726057634738234
PRAIC_c,9,median_range,0.030637782383936586
PRAIC_c,9,median_midpoint,-0.025336004775078014
PRAIC_c,9,std_range,0.014202699391070495
PRAIC_c,9,frac_fixed,0.0
PRAIC_c,9,frac_variable,1.0
PRAIC_c,9,frac_bidirectional,0.0
PRAIC_c,10,minimum,-0.22049178323730792
PRAIC_c,10,maximum,-0.00023850270432538396
PRAIC_c,10,mean_range,0.09863893945447715
PRAIC_c,10,mean_midpoint,-0.05240455781757431
PRAIC_c,10,median_range,0.09887685377101484
PRAIC_c,10,median_midpoint,-0.05254815969652903
PRAIC_c,10,std_range,0.05728566128658603
PRAIC_c,10,frac_fixed,0.0
PRAIC_c,10,frac_variable,1.0
PRAIC_c,10,frac_bidirectional,0.0
PRAIC_c,11,minimum,-0.13182353926244703
PRAIC_c,11,maximum,-0.006439573017655414
PRAIC_c,11,mean_range,0.06530587033445964
PRAIC_c,11,mean_midpoint,-0.04048113527949728
PRAIC_c,11,median_range,0.06689587696399543
PRAIC_c,11,median_midpoint,-0.041771963525174635
PRAIC_c,11,std_range,0.03312071278280067
PRAIC_c,11,frac_fixed,0.0
PRAIC_c,11,frac_variable,1.0
PRAIC_c,11,frac_bidirectional,0.0
EX_h_e,1,minimum,-9.567952921334523
EX_h_e,1,maximum,-4.5679529213288825
EX_h_e,1,mean_range,5.0000000000008304
EX_h_e,1,mean_midpoint,-7.067952921333168
EX_h_e,1,median_range,5.000000000000572
EX_h_e,1,median_midpoint,-7.06795292133324
EX_h_e,1,std_range,1.008062023725341e-12
EX_h_e,1,frac_fixed,0.0
EX_h_e,1,frac_variable,1.0
EX_h_e,1,frac_bidirectional,0.0
EX_h_e,2,minimum,-12.265822784810313
EX_h_e,2,maximum,5.000000000000313
EX_h_e,2,mean_range,17.265822784810112
EX_h_e,2,mean_midpoint,-3.6329113924050596
EX_h_e,2,median_range,17.265822784810133
EX_h_e,2,median_midpoint,-3.6329113924050582
EX_h_e,2,std_range,1.2466228800482835e-13
EX_h_e,2,frac_fixed,0.0
EX_h_e,2,frac_variable,1.0
EX_h_e,2,frac_bidirectional,1.0
EX_h_e,3,minimum,-12.265822784810103
EX_h_e,3,maximum,5.000000000000853
EX_h_e,3,mean_range,17.265822784810958
EX_h_e,3,mean_midpoint,-3.6329113924046252
EX_h_e,3,median_range,17.265822784810958
EX_h_e,3,median_midpoint,-3.6329113924046252
EX_h_e,3,std_range,0.0
EX_h_e,3,frac_fixed,0.0
EX_h_e,3,frac_variable,1.0
EX_h_e,3,frac_bidirectional,1.0
EX_h_e,4,minimum,-10.107526894028823
EX_h_e,4,maximum,-2.654362337066785
EX_h_e,4,mean_range,6.635486426783415
EX_h_e,4,mean_midpoint,-6.609935233114754
EX_h_e,4,median_range,6.7172151898739205
EX_h_e,4,median_midpoint,-6.587047107283671
EX_h_e,4,std_range,0.5385146189866246
EX_h_e,4,frac_fixed,0.0
EX_h_e,4,frac_variable,1.0
EX_h_e,4,frac_bidirectional,0.0
EX_h_e,5,minimum,-9.708091505820413
EX_h_e,5,maximum,-4.07095364164711
EX_h_e,5,mean_range,5.364119548612846
EX_h_e,5,mean_midpoint,-6.965981305329996
EX_h_e,5,median_range,5.36797468354409
EX_h_e,5,median_midpoint,-6.964901675465812
EX_h_e,5,std_range,0.2141654413960062
EX_h_e,5,frac_fixed,0.0
EX_h_e,5,frac_variable,1.0
EX_h_e,5,frac_bidirectional,0.0
EX_h_e,6,minimum,-12.211865387540467
EX_h_e,6,maximum,4.808640941574097
EX_h_e,6,mean_range,13.950866800641759
EX_h_e,6,mean_midpoint,-4.561264236886874
EX_h_e,6,median_range,13.943341378913967
EX_h_e,6,median_midpoint,-4.563371729927566
EX_h_e,6,std_range,1.8139422118290431
EX_h_e,6,frac_fixed,0.0
EX_h_e,6,frac_variable,1.0
EX_h_e,6,frac_bidirectional,1.0
EX_h_e,7,minimum,-10.808973058532814
EX_h_e,7,maximum,-0.1666945775196978
EX_h_e,7,mean_range,9.191257528011652
EX_h_e,7,mean_midpoint,-5.894191982525325
EX_h_e,7,median_range,9.170379746835792
EX_h_e,7,median_midpoint,-5.900038801497713
EX_h_e,7,std_range,0.927272658331841
EX_h_e,7,frac_fixed,0.0
EX_h_e,7,frac_variable,1.0
EX_h_e,7,frac_bidirectional,0.0
EX_h_e,8,minimum,-9.675867715873213
EX_h_e,8,maximum,-4.185234804478572
EX_h_e,8,mean_range,5.367974683544146
EX_h_e,8,mean_midpoint,-6.964901675465759
EX_h_e,8,median_range,5.367974683543304
EX_h_e,8,median_midpoint,-6.964901675466187
EX_h_e,8,std_range,0.12265822784811041
EX_h_e,8,frac_fixed,0.0
EX_h_e,8,frac_variable,1.0
EX_h_e,8,frac_bidirectional,0.0
EX_h_e,9,minimum,-10.10752689402918
EX_h_e,9,maximum,-2.6543623370634695
EX_h_e,9,mean_range,6.611238481012609
EX_h_e,9,mean_midpoint,-6.616725866093513
EX_h_e,9,median_range,6.7172151898731745
EX_h_e,9,median_midpoint,-6.587047107283649
EX_h_e,9,std_range,0.5626992692148908
EX_h_e,9,frac_fixed,0.0
EX_h_e,9,frac_variable,1.0
EX_h_e,9,frac_bidirectional,0.0
EX_h_e,10,minimum,-12.211865387540726
EX_h_e,10,maximum,4.808640941574424
EX_h_e,10,mean_range,14.092597232242325
EX_h_e,10,mean_midpoint,-4.521572654267256
EX_h_e,10,median_range,14.076708860759968
EX_h_e,10,median_midpoint,-4.526022189926245
EX_h_e,10,std_range,1.8341396204057072
EX_h_e,10,frac_fixed,0.0
EX_h_e,10,frac_variable,1.0
EX_h_e,10,frac_bidirectional,1.0
EX_h_e,11,minimum,-10.80897305853295
EX_h_e,11,maximum,-0.16669457751345362
EX_h_e,11,mean_range,9.213979887783317
EX_h_e,11,mean_midpoint,-5.887828589639261
EX_h_e,11,median_range,9.170379746836234
EX_h_e,11,median_midpoint,-5.900038801497454
EX_h_e,11,std_range,0.9177671636134689
EX_h_e,11,frac_fixed,0.0
EX_h_e,11,frac_variable,1.0
EX_h_e,11,frac_bidirectional,0.0
ATP2t_m,1,minimum,3.085239676622848
ATP2t_m,1,maximum,596.4566209279956
ATP2t_m,1,mean_range,593.3713812512398
ATP2t_m,1,mean_midpoint,299.7709303022481
ATP2t_m,1,median_range,593.371381251276
ATP2t_m,1,median_midpoint,299.7709303022678
ATP2t_m,1,std_range,9.541947333397145e-11
ATP2t_m,1,frac_fixed,0.0
ATP2t_m,1,frac_variable,1.0
ATP2t_m,1,frac_bidirectional,0.0
ATP2t_m,2,minimum,0.0
ATP2t_m,2,maximum,656.5794595180673
ATP2t_m,2,mean_range,656.5794595180658
ATP2t_m,2,mean_midpoint,328.2897297590329
ATP2t_m,2,median_range,656.5794595180657
ATP2t_m,2,median_midpoint,328.28972975903287
ATP2t_m,2,std_range,4.785662254073301e-13
ATP2t_m,2,frac_fixed,0.0
ATP2t_m,2,frac_variable,1.0
ATP2t_m,2,frac_bidirectional,0.0
ATP2t_m,3,minimum,0.0
ATP2t_m,3,maximum,656.5794595180655
ATP2t_m,3,mean_range,656.5794595180655
ATP2t_m,3,mean_midpoint,328.28972975903275
ATP2t_m,3,median_range,656.5794595180655
ATP2t_m,3,median_midpoint,328.28972975903275
ATP2t_m,3,std_range,0.0
ATP2t_m,3,frac_fixed,0.0
ATP2t_m,3,frac_variable,1.0
ATP2t_m,3,frac_bidirectional,0.0
ATP2t_m,4,minimum,0.013551507515575878
ATP2t_m,4,maximum,611.0787034302563
ATP2t_m,4,mean_range,606.2503965451742
ATP2t_m,4,mean_midpoint,304.16197667519776
ATP2t_m,4,median_range,606.7316421441662
ATP2t_m,4,median_midpoint,304.3003256515234
ATP2t_m,4,std_range,3.1709496218087603
ATP2t_m,4,frac_fixed,0.0
ATP2t_m,4,frac_variable,1.0
ATP2t_m,4,frac_bidirectional,0.0
ATP2t_m,5,minimum,2.286092848282813
ATP2t_m,5,maximum,602.6578876147239
ATP2t_m,5,mean_range,597.5303022983841
ATP2t_m,5,mean_midpoint,301.39289393652143
ATP2t_m,5,median_range,597.6980457688517
ATP2t_m,5,median_midpoint,301.4719414290609
ATP2t_m,5,std_range,2.3653759091857123
ATP2t_m,5,frac_fixed,0.0
ATP2t_m,5,frac_variable,1.0
ATP2t_m,5,frac_bidirectional,0.0
ATP2t_m,6,minimum,0.0
ATP2t_m,6,maximum,655.441940615852
ATP2t_m,6,mean_range,641.208191083444
ATP2t_m,6,mean_midpoint,320.604095541722
ATP2t_m,6,median_range,641.1732961171314
ATP2t_m,6,median_midpoint,320.5866480585657
ATP2t_m,6,std_range,8.41115019206305
ATP2t_m,6,frac_fixed,0.0
ATP2t_m,6,frac_variable,1.0
ATP2t_m,6,frac_bidirectional,0.0
ATP2t_m,7,minimum,0.0
ATP2t_m,7,maximum,625.8664491588083
ATP2t_m,7,mean_range,619.1381448677749
ATP2t_m,7,mean_midpoint,309.56907243388747
ATP2t_m,7,median_range,619.0413357456298
ATP2t_m,7,median_midpoint,309.5206678728149
ATP2t_m,7,std_range,4.299712277140204
ATP2t_m,7,frac_fixed,0.0
ATP2t_m,7,frac_variable,1.0
ATP2t_m,7,frac_bidirectional,0.0
ATP2t_m,8,minimum,2.4694263659762505
ATP2t_m,8,maximum,601.609078775471
ATP2t_m,8,mean_range,597.6980457688497
ATP2t_m,8,mean_midpoint,301.47194142905926
ATP2t_m,8,median_range,597.6980457688051
ATP2t_m,8,median_midpoint,301.4719414290371
ATP2t_m,8,std_range,1.4416066405312533
ATP2t_m,8,frac_fixed,0.0
ATP2t_m,8,frac_variable,1.0
ATP2t_m,8,frac_bidirectional,0.0
ATP2t_m,9,minimum,0.013551507513099637
ATP2t_m,9,maximum,611.0787034302945
ATP2t_m,9,mean_range,606.1076167361255
ATP2t_m,9,mean_midpoint,304.12093018985985
ATP2t_m,9,median_range,606.7316421442065
ATP2t_m,9,median_midpoint,304.3003256515418
ATP2t_m,9,std_range,3.3133567260804107
ATP2t_m,9,frac_fixed,0.0
ATP2t_m,9,frac_variable,1.0
ATP2t_m,9,frac_bidirectional,0.0
ATP2t_m,10,minimum,0.0
ATP2t_m,10,maximum,655.4419406158821
ATP2t_m,10,mean_range,641.8653872935547
ATP2t_m,10,mean_midpoint,320.93269364677735
ATP2t_m,10,median_range,641.7917137895602
ATP2t_m,10,median_midpoint,320.8958568947801
ATP2t_m,10,std_range,8.50480446391283
ATP2t_m,10,frac_fixed,0.0
ATP2t_m,10,frac_variable,1.0
ATP2t_m,10,frac_bidirectional,0.0
ATP2t_m,11,minimum,0.0
ATP2t_m,11,maximum,625.8664491588358
ATP2t_m,11,mean_range,619.2435071993366
ATP2t_m,11,mean_midpoint,309.6217535996683
ATP2t_m,11,median_range,619.0413357456273
ATP2t_m,11,median_midpoint,309.52066787281365
ATP2t_m,11,std_range,4.2556358213358045
ATP2t_m,11,frac_fixed,0.0
ATP2t_m,11,frac_variable,1.0
ATP2t_m,11,frac_bidirectional,0.0
PIt_m,1,minimum,3.09500330873675
PIt_m,1,maximum,596.4516597254167
PIt_m,1,mean_range,593.3566564161981
PIt_m,1,mean_midpoint,299.77333151683763
PIt_m,1,median_range,593.3566564161603
PIt_m,1,median_midpoint,299.77333151681825
PIt_m,1,std_range,1.1361511042648195e-10
PIt_m,1,frac_fixed,0.0
PIt_m,1,frac_variable,1.0
PIt_m,1,frac_bidirectional,0.0
PIt_m,2,minimum,-12.265822784810325
PIt_m,2,maximum,656.5794595180665
PIt_m,2,mean_range,668.8452823028761
PIt_m,2,mean_midpoint,322.1568183666278
PIt_m,2,median_range,668.8452823028761
PIt_m,2,median_midpoint,322.1568183666278
PIt_m,2,std_range,4.3736199726643794e-13
PIt_m,2,frac_fixed,0.0
PIt_m,2,frac_variable,1.0
PIt_m,2,frac_bidirectional,1.0
PIt_m,3,minimum,-12.265822784810133
PIt_m,3,maximum,656.5794595180658
PIt_m,3,mean_range,668.845282302876
PIt_m,3,mean_midpoint,322.1568183666279
PIt_m,3,median_range,668.845282302876
PIt_m,3,median_midpoint,322.1568183666279
PIt_m,3,std_range,0.0
PIt_m,3,frac_fixed,0.0
PIt_m,3,frac_variable,1.0
PIt_m,3,frac_bidirectional,1.0
PIt_m,4,minimum,0.021362413201870822
PIt_m,4,maximum,611.0747344678235
PIt_m,4,mean_range,606.2376350734709
PIt_m,4,mean_midpoint,304.164057719303
PIt_m,4,median_range,606.7189787860088
PIt_m,4,median_midpoint,304.30239069605784
PIt_m,4,std_range,3.1715960961041114
PIt_m,4,frac_fixed,0.0
PIt_m,4,frac_variable,1.0
PIt_m,4,frac_bidirectional,0.0
PIt_m,5,minimum,2.2953493167212073
PIt_m,5,maximum,602.6531841172009
PIt_m,5,mean_range,597.5160145802901
PIt_m,5,mean_midpoint,301.3952238693191
PIt_m,5,median_range,597.6837626787799
PIt_m,5,median_midpoint,301.4742706071705
PIt_m,5,std_range,2.3656325359038823
PIt_m,5,frac_fixed,0.0
PIt_m,5,frac_variable,1.0
PIt_m,5,frac_bidirectional,0.0
PIt_m,6,minimum,-11.958643154859459
PIt_m,6,maximum,655.4418413918191
PIt_m,6,mean_range,649.3217613297048
PIt_m,6,mean_midpoint,316.5459696059944
PIt_m,6,median_range,649.2774401593235
PIt_m,6,median_midpoint,316.5332321810041
PIt_m,6,std_range,10.683260648379473
PIt_m,6,frac_fixed,0.0
PIt_m,6,frac_variable,1.0
PIt_m,6,frac_bidirectional,1.0
PIt_m,7,minimum,-3.9719727761517056
PIt_m,7,maximum,625.8637701091473
PIt_m,7,mean_range,621.2899165926714
PIt_m,7,mean_midpoint,308.48992062194066
PIt_m,7,median_range,621.1669563480643
PIt_m,7,median_midpoint,308.45458317758255
PIt_m,7,std_range,5.4611968542721705
PIt_m,7,frac_fixed,0.0
PIt_m,7,frac_variable,1.0
PIt_m,7,frac_bidirectional,1.0
PIt_m,8,minimum,2.478799452802001
PIt_m,8,maximum,601.6043160205452
PIt_m,8,mean_range,597.6837626787683
PIt_m,8,mean_midpoint,301.47427060716416
PIt_m,8,median_range,597.6837626787691
PIt_m,8,median_midpoint,301.4742706071649
PIt_m,8,std_range,1.441753888851075
PIt_m,8,frac_fixed,0.0
PIt_m,8,frac_variable,1.0
PIt_m,8,frac_bidirectional,0.0
PIt_m,9,minimum,0.02136241320047816
PIt_m,9,maximum,611.0747344678261
PIt_m,9,mean_range,606.0948261553219
PIt_m,9,mean_midpoint,304.12301598085287
PIt_m,9,median_range,606.7189787860021
PIt_m,9,median_midpoint,304.30239069605443
PIt_m,9,std_range,3.314032233479788
PIt_m,9,frac_fixed,0.0
PIt_m,9,frac_variable,1.0
PIt_m,9,frac_bidirectional,0.0
PIt_m,10,minimum,-11.958643154861107
PIt_m,10,maximum,655.4418413918418
PIt_m,10,mean_range,650.1564864564036
PIt_m,10,mean_midpoint,316.78586057899247
PIt_m,10,median_range,650.0629114721945
PIt_m,10,median_midpoint,316.7589681406409
PIt_m,10,std_range,10.80221382055617
PIt_m,10,frac_fixed,0.0
PIt_m,10,frac_variable,1.0
PIt_m,10,frac_bidirectional,1.0
PIt_m,11,minimum,-3.9719727761526826
PIt_m,11,maximum,625.8637701091882
PIt_m,11,mean_range,621.4237405317167
PIt_m,11,mean_midpoint,308.52838017457805
PIt_m,11,median_range,621.1669563480665
PIt_m,11,median_midpoint,308.4545831775832
PIt_m,11,std_range,5.405213991638521
PIt_m,11,frac_fixed,0.0
PIt_m,11,frac_variable,1.0
PIt_m,11,frac_bidirectional,1.0
ATPS_m,1,minimum,24.94614687219207
ATPS_m,1,maximum,399.2955658822241
ATPS_m,1,mean_range,374.34941900991066
ATPS_m,1,mean_midpoint,212.12085637723186
ATPS_m,1,median_range,374.34941900991447
ATPS_m,1,median_midpoint,212.1208563772276
ATPS_m,1,std_range,4.511377199382158e-11
ATPS_m,1,frac_fixed,0.0
ATPS_m,1,frac_variable,1.0
ATPS_m,1,frac_bidirectional,0.0
ATPS_m,2,minimum,-8.011953487111448
ATPS_m,2,maximum,459.6275662049761
ATPS_m,2,mean_range,467.6395196920821
ATPS_m,2,mean_midpoint,225.80780635892967
ATPS_m,2,median_range,467.63951969208244
ATPS_m,2,median_midpoint,225.80780635892984
ATPS_m,2,std_range,2.6614984689634756e-12
ATPS_m,2,frac_fixed,0.0
ATPS_m,2,frac_variable,1.0
ATPS_m,2,frac_bidirectional,1.0
ATPS_m,3,minimum,-8.011953487111374
ATPS_m,3,maximum,459.62756620497095
ATPS_m,3,mean_range,467.63951969208233
ATPS_m,3,mean_midpoint,225.80780635892978
ATPS_m,3,median_range,467.63951969208233
ATPS_m,3,median_midpoint,225.80780635892978
ATPS_m,3,std_range,0.0
ATPS_m,3,frac_fixed,0.0
ATPS_m,3,frac_variable,1.0
ATPS_m,3,frac_bidirectional,1.0
ATPS_m,4,minimum,0.0039703054284672135
ATPS_m,4,maximum,411.36196594676125
ATPS_m,4,mean_range,406.6439020471116
ATPS_m,4,mean_midpoint,204.01809498523468
ATPS_m,4,median_range,407.13688133749525
ATPS_m,4,median_midpoint,204.17360525861685
ATPS_m,4,std_range,3.129831779757544
ATPS_m,4,frac_fixed,0.0
ATPS_m,4,frac_variable,1.0
ATPS_m,4,frac_bidirectional,0.0
ATPS_m,5,minimum,1.9924056051265753
ATPS_m,5,maximum,402.4294609743947
ATPS_m,5,mean_range,390.61436501672125
ATPS_m,5,mean_midpoint,205.77938110060367
ATPS_m,5,median_range,391.8522358189419
ATPS_m,5,median_midpoint,205.179407982411
ATPS_m,5,std_range,8.928588752452772
ATPS_m,5,frac_fixed,0.0
ATPS_m,5,frac_variable,1.0
ATPS_m,5,frac_bidirectional,0.0
ATPS_m,6,minimum,-7.811555392298245
ATPS_m,6,maximum,458.4209261984956
ATPS_m,6,mean_range,448.62624412311686
ATPS_m,6,mean_midpoint,219.00914371509825
ATPS_m,6,median_range,448.58308128242356
ATPS_m,6,median_midpoint,218.99370978360554
ATPS_m,6,std_range,10.404054625276641
ATPS_m,6,frac_fixed,0.0
ATPS_m,6,frac_variable,1.0
ATPS_m,6,frac_bidirectional,1.0
ATPS_m,7,minimum,-2.601204927147177
ATPS_m,7,maximum,427.04828603068063
ATPS_m,7,mean_range,421.32700904026706
ATPS_m,7,mean_midpoint,209.24763318053863
ATPS_m,7,median_range,421.20726235019464
ATPS_m,7,median_midpoint,209.20481481683228
ATPS_m,7,std_range,5.31846898257976
ATPS_m,7,frac_fixed,0.0
ATPS_m,7,frac_variable,1.0
ATPS_m,7,frac_bidirectional,1.0
ATPS_m,8,minimum,4.022337805524513
ATPS_m,8,maximum,401.7088458951345
ATPS_m,8,mean_range,391.8522358189232
ATPS_m,8,mean_midpoint,205.17940798242205
ATPS_m,8,median_range,391.8522358189864
ATPS_m,8,median_midpoint,205.17940798239619
ATPS_m,8,std_range,5.834272269681298
ATPS_m,8,frac_fixed,0.0
ATPS_m,8,frac_variable,1.0
ATPS_m,8,frac_bidirectional,0.0
ATPS_m,9,minimum,0.00397030542808352
ATPS_m,9,maximum,411.3619659468002
ATPS_m,9,mean_range,406.4970764824232
ATPS_m,9,mean_midpoint,203.97223920339613
ATPS_m,9,median_range,407.1368813374835
ATPS_m,9,median_midpoint,204.17360525861113
ATPS_m,9,std_range,3.2779074052270287
ATPS_m,9,frac_fixed,0.0
ATPS_m,9,frac_variable,1.0
ATPS_m,9,frac_bidirectional,0.0
ATPS_m,10,minimum,-7.811555392301813
ATPS_m,10,maximum,458.4209261985271
ATPS_m,10,mean_range,449.439153786291
ATPS_m,10,mean_midpoint,219.29981948739126
ATPS_m,10,median_range,449.34802437561797
ATPS_m,10,median_midpoint,219.26723393327296
ATPS_m,10,std_range,10.519898967369157
ATPS_m,10,frac_fixed,0.0
ATPS_m,10,frac_variable,1.0
ATPS_m,10,frac_bidirectional,1.0
ATPS_m,11,minimum,-2.601204927147221
ATPS_m,11,maximum,427.0482860307066
ATPS_m,11,mean_range,421.4573355031162
ATPS_m,11,mean_midpoint,209.29423460128064
ATPS_m,11,median_range,421.20726235020356
ATPS_m,11,median_midpoint,209.20481481683612
ATPS_m,11,std_range,5.263949226856744
ATPS_m,11,frac_fixed,0.0
ATPS_m,11,frac_variable,1.0
ATPS_m,11,frac_bidirectional,1.0
ATPt_m,1,minimum,3.0852396765873493
ATPt_m,1,maximum,616.7680109118695
ATPt_m,1,mean_range,613.682771235055
ATPt_m,1,mean_midpoint,309.92662529415634
ATPt_m,1,median_range,613.6827712350445
ATPt_m,1,median_midpoint,309.9266252941498
ATPt_m,1,std_range,6.585530256792231e-11
ATPt_m,1,frac_fixed,0.0
ATPt_m,1,frac_variable,1.0
ATPt_m,1,frac_bidirectional,0.0
ATPt_m,2,minimum,0.0
ATPt_m,2,maximum,690.7788266066802
ATPt_m,2,mean_range,690.778826606673
ATPt_m,2,mean_midpoint,345.3894133033365
ATPt_m,2,median_range,690.7788266066734
ATPt_m,2,median_midpoint,345.3894133033367
ATPt_m,2,std_range,2.8846452933319266e-12
ATPt_m,2,frac_fixed,0.0
ATPt_m,2,frac_variable,1.0
ATPt_m,2,frac_bidirectional,0.0
ATPt_m,3,minimum,0.0
ATPt_m,3,maximum,690.7788266066736
ATPt_m,3,mean_range,690.7788266066736
ATPt_m,3,mean_midpoint,345.3894133033368
ATPt_m,3,median_range,690.7788266066736
ATPt_m,3,median_midpoint,345.3894133033368
ATPt_m,3,std_range,0.0
ATPt_m,3,frac_fixed,0.0
ATPt_m,3,frac_variable,1.0
ATPt_m,3,frac_bidirectional,0.0
ATPt_m,4,minimum,0.013551507514951062
ATPt_m,4,maximum,636.9034950568603
ATPt_m,4,mean_range,631.3773439132617
ATPt_m,4,mean_midpoint,316.7254503592432
ATPt_m,4,median_range,631.9283406111222
ATPt_m,4,median_midpoint,316.898674885
ATPt_m,4,std_range,3.630542854283107
ATPt_m,4,frac_fixed,0.0
ATPt_m,4,frac_variable,1.0
ATPt_m,4,frac_bidirectional,0.0
ATPt_m,5,minimum,2.286092848283714
ATPt_m,5,maximum,626.9327982379368
ATPt_m,5,mean_range,620.2730239390341
ATPt_m,5,mean_midpoint,312.7642547568467
ATPt_m,5,median_range,620.59712569869
ATPt_m,5,median_midpoint,312.9214813939798
ATPt_m,5,std_range,3.7140577659563583
ATPt_m,5,frac_fixed,0.0
ATPt_m,5,frac_variable,1.0
ATPt_m,5,frac_bidirectional,0.0
ATPt_m,6,minimum,0.0
ATPt_m,6,maximum,689.4319433179154
ATPt_m,6,mean_range,672.5784217241976
ATPt_m,6,mean_midpoint,336.2892108620988
ATPt_m,6,median_range,672.53710421562
ATPt_m,6,median_midpoint,336.26855210781
ATPt_m,6,std_range,9.959252203154124
ATPt_m,6,frac_fixed,0.0
ATPt_m,6,frac_variable,1.0
ATPt_m,6,frac_bidirectional,0.0
ATPt_m,7,minimum,0.0
ATPt_m,7,maximum,654.4129778105086
ATPt_m,7,mean_range,646.4463052623205
ATPt_m,7,mean_midpoint,323.22315263116025
ATPt_m,7,median_range,646.3316780780167
ATPt_m,7,median_midpoint,323.16583903900835
ATPt_m,7,std_range,5.091089564591541
ATPt_m,7,frac_fixed,0.0
ATPt_m,7,frac_variable,1.0
ATPt_m,7,frac_bidirectional,0.0
ATPt_m,8,minimum,2.4694263659777658
ATPt_m,8,maximum,625.3707220206605
ATPt_m,8,mean_range,620.5971256986894
ATPt_m,8,mean_midpoint,312.9214813939793
ATPt_m,8,median_range,620.5971256986613
ATPt_m,8,median_midpoint,312.92148139396534
ATPt_m,8,std_range,2.304169955888681
ATPt_m,8,frac_fixed,0.0
ATPt_m,8,frac_variable,1.0
ATPt_m,8,frac_bidirectional,0.0
ATPt_m,9,minimum,0.013551507505006555
ATPt_m,9,maximum,636.9034950568603
ATPt_m,9,mean_range,631.2138697880562
ATPt_m,9,mean_midpoint,316.67405671582463
ATPt_m,9,median_range,631.9283406111182
ATPt_m,9,median_midpoint,316.8986748849973
ATPt_m,9,std_range,3.793590255371096
ATPt_m,9,frac_fixed,0.0
ATPt_m,9,frac_variable,1.0
ATPt_m,9,frac_bidirectional,0.0
ATPt_m,10,minimum,0.0
ATPt_m,10,maximum,689.4319433179598
ATPt_m,10,mean_range,673.3565772265958
ATPt_m,10,mean_midpoint,336.6782886132979
ATPt_m,10,median_range,673.26934385301
ATPt_m,10,median_midpoint,336.634671926505
ATPt_m,10,std_range,10.070143875757042
ATPt_m,10,frac_fixed,0.0
ATPt_m,10,frac_variable,1.0
ATPt_m,10,frac_bidirectional,0.0
ATPt_m,11,minimum,0.0
ATPt_m,11,maximum,654.4129778105573
ATPt_m,11,mean_range,646.571059904533
ATPt_m,11,mean_midpoint,323.2855299522665
ATPt_m,11,median_range,646.3316780780415
ATPt_m,11,median_midpoint,323.16583903902074
ATPt_m,11,std_range,5.038900680845917
ATPt_m,11,frac_fixed,0.0
ATPt_m,11,frac_variable,1.0
ATPt_m,11,frac_bidirectional,0.0
PRAIS_c,1,minimum,0.011925135217989682
PRAIS_c,1,maximum,0.011925135218017748
PRAIS_c,1,mean_range,-1.2559236596446411e-14
PRAIS_c,1,mean_midpoint,0.011925135217996445
PRAIS_c,1,median_range,-8.36136715420821e-15
PRAIS_c,1,median_midpoint,0.011925135217993363
PRAIS_c,1,std_range,2.716073001545178e-14
PRAIS_c,1,frac_fixed,1.0
PRAIS_c,1,frac_variable,0.0
PRAIS_c,1,frac_bidirectional,0.0
PRAIS_c,2,minimum,0.0
PRAIS_c,2,maximum,0.22222222222222196
PRAIS_c,2,mean_range,0.1133333333333269
PRAIS_c,2,mean_midpoint,0.05666666666666345
PRAIS_c,2,median_range,0.11333333333334833
PRAIS_c,2,median_midpoint,0.056666666666674165
PRAIS_c,2,std_range,0.06413719862073046
PRAIS_c,2,frac_fixed,0.0
PRAIS_c,2,frac_variable,1.0
PRAIS_c,2,frac_bidirectional,0.0
PRAIS_c,3,minimum,0.0
PRAIS_c,3,maximum,0.0
PRAIS_c,3,mean_range,0.0
PRAIS_c,3,mean_midpoint,0.0
PRAIS_c,3,median_range,0.0
PRAIS_c,3,median_midpoint,0.0
PRAIS_c,3,std_range,0.0
PRAIS_c,3,frac_fixed,1.0
PRAIS_c,3,frac_variable,0.0
PRAIS_c,3,frac_bidirectional,0.0
PRAIS_c,4,minimum,0.009540108174395101
PRAIS_c,4,maximum,0.011209627104911135
PRAIS_c,4,mean_range,-2.247097709926684e-15
PRAIS_c,4,mean_midpoint,0.010335075005256206
PRAIS_c,4,median_range,-5.773159728050814e-15
PRAIS_c,4,median_midpoint,0.010255616287480881
PRAIS_c,4,std_range,1.922578660512998e-14
PRAIS_c,4,frac_fixed,1.0
PRAIS_c,4,frac_variable,0.0
PRAIS_c,4,frac_bidirectional,0.0
PRAIS_c,5,minimum,0.011305694083384665
PRAIS_c,5,maximum,0.011844060468284059
PRAIS_c,5,mean_range,-3.2443665809456235e-15
PRAIS_c,5,mean_midpoint,0.011571129218650477
PRAIS_c,5,median_range,-1.1267028976469362e-15
PRAIS_c,5,median_midpoint,0.011567381161459172
PRAIS_c,5,std_range,1.6851367577929797e-14
PRAIS_c,5,frac_fixed,1.0
PRAIS_c,5,frac_variable,0.0
PRAIS_c,5,frac_bidirectional,0.0
PRAIS_c,6,minimum,0.00023850270436004753
PRAIS_c,6,maximum,0.006201070313369379
PRAIS_c,6,mean_range,4.019738160012845e-16
PRAIS_c,6,mean_midpoint,0.0032228819090614944
PRAIS_c,6,median_range,-2.5847379792054426e-16
PRAIS_c,6,median_midpoint,0.0032301983095390334
PRAIS_c,6,std_range,1.2664123593000207e-14
PRAIS_c,6,frac_fixed,1.0
PRAIS_c,6,frac_variable,0.0
PRAIS_c,6,frac_bidirectional,0.0
PRAIS_c,7,minimum,0.006439573017714561
PRAIS_c,7,maximum,0.009301605470017727
PRAIS_c,7,mean_range,2.461709564264456e-15
PRAIS_c,7,mean_midpoint,0.007850291350459516
PRAIS_c,7,median_range,-2.095545958979983e-15
PRAIS_c,7,median_midpoint,0.007870589243881827
PRAIS_c,7,std_range,1.328353349626434e-14
PRAIS_c,7,frac_fixed,1.0
PRAIS_c,7,frac_variable,0.0
PRAIS_c,7,frac_bidirectional,0.0
PRAIS_c,8,minimum,0.011448129809263463
PRAIS_c,8,maximum,0.022351083395786234
PRAIS_c,8,mean_range,0.007919005687579866
PRAIS_c,8,mean_midpoint,0.01552688400524621
PRAIS_c,8,median_range,0.0054514767932654605
PRAIS_c,8,median_midpoint,0.014412370910271128
PRAIS_c,8,std_range,0.002865896598228894
PRAIS_c,8,frac_fixed,0.0
PRAIS_c,8,frac_variable,1.0
PRAIS_c,8,frac_bidirectional,0.0
PRAIS_c,9,minimum,0.009540108174376323
PRAIS_c,9,maximum,0.06405487610690118
PRAIS_c,9,mean_range,0.03073481635795371
PRAIS_c,9,mean_midpoint,0.02572605763473613
PRAIS_c,9,median_range,0.03063778238394621
PRAIS_c,9,median_midpoint,0.025336004775077248
PRAIS_c,9,std_range,0.01420269939107354
PRAIS_c,9,frac_fixed,0.0
PRAIS_c,9,frac_variable,1.0
PRAIS_c,9,frac_bidirectional,0.0
PRAIS_c,10,minimum,0.00023850270433540914
PRAIS_c,10,maximum,0.22049178323730917
PRAIS_c,10,mean_range,0.09863893945447333
PRAIS_c,10,mean_midpoint,0.05240455781757542
PRAIS_c,10,median_range,0.09887685377108045
PRAIS_c,10,median_midpoint,0.0525481596966043
PRAIS_c,10,std_range,0.05728566128659191
PRAIS_c,10,frac_fixed,0.0
PRAIS_c,10,frac_variable,1.0
PRAIS_c,10,frac_bidirectional,0.0
PRAIS_c,11,minimum,0.00643957301770634
PRAIS_c,11,maximum,0.13182353926245485
PRAIS_c,11,mean_range,0.0653058703344653
PRAIS_c,11,mean_midpoint,0.04048113527949374
PRAIS_c,11,median_range,0.06689587696399901
PRAIS_c,11,median_midpoint,0.041771963525190255
PRAIS_c,11,std_range,0.03312071278281287
PRAIS_c,11,frac_fixed,0.0
PRAIS_c,11,frac_variable,1.0
PRAIS_c,11,frac_bidirectional,0.0
NITR_c,1,minimum,0.8860237601715745
NITR_c,1,maximum,0.8860237601723605
NITR_c,1,mean_range,3.633785778738245e-14
NITR_c,1,mean_midpoint,0.8860237601721835
NITR_c,1,median_range,5.229150445984487e-14
NITR_c,1,median_midpoint,0.8860237601721764
NITR_c,1,std_range,3.705832042441439e-13
NITR_c,1,frac_fixed,1.0
NITR_c,1,frac_variable,0.0
NITR_c,1,frac_bidirectional,0.0
NITR_c,2,minimum,0.0
NITR_c,2,maximum,2.0
NITR_c,2,mean_range,1.02
NITR_c,2,mean_midpoint,0.51
NITR_c,2,median_range,1.02
NITR_c,2,median_midpoint,0.51
NITR_c,2,std_range,0.5772347875864725
NITR_c,2,frac_fixed,0.0
NITR_c,2,frac_variable,1.0
NITR_c,2,frac_bidirectional,0.0
NITR_c,3,minimum,0.0
NITR_c,3,maximum,0.0
NITR_c,3,mean_range,0.0
NITR_c,3,mean_midpoint,0.0
NITR_c,3,median_range,0.0
NITR_c,3,median_midpoint,0.0
NITR_c,3,std_range,0.0
NITR_c,3,frac_fixed,1.0
NITR_c,3,frac_variable,0.0
NITR_c,3,frac_bidirectional,0.0
NITR_c,4,minimum,0.7088190081378055
NITR_c,4,maximum,0.8328623345618301
NITR_c,4,mean_range,-7.712012846509837e-14
NITR_c,4,mean_midpoint,0.7678841246180597
NITR_c,4,median_range,-6.794564910705958e-14
NITR_c,4,median_midpoint,0.7619804337479932
NITR_c,4,std_range,1.2096200282624393e-13
NITR_c,4,frac_fixed,1.0
NITR_c,4,frac_variable,0.0
NITR_c,4,frac_bidirectional,0.0
NITR_c,5,minimum,0.8400000000000223
NITR_c,5,maximum,0.8799999999999999
NITR_c,5,mean_range,-8.218425939787721e-14
NITR_c,5,mean_midpoint,0.8597215236835387
NITR_c,5,median_range,-3.774758283725532e-14
NITR_c,5,median_midpoint,0.8594430473670583
NITR_c,5,std_range,4.613324442258582e-13
NITR_c,5,frac_fixed,1.0
NITR_c,5,frac_variable,0.0
NITR_c,5,frac_bidirectional,0.0
NITR_c,6,minimum,0.017720475202259674
NITR_c,6,maximum,0.46073235528952305
NITR_c,6,mean_range,-1.315548645995233e-14
NITR_c,6,mean_midpoint,0.23945639990294068
NITR_c,6,median_range,-2.3314683517128287e-14
NITR_c,6,median_midpoint,0.24000000000001165
NITR_c,6,std_range,3.2662287395404634e-13
NITR_c,6,frac_fixed,1.0
NITR_c,6,frac_variable,0.0
NITR_c,6,frac_bidirectional,0.0
NITR_c,7,minimum,0.47845283049296106
NITR_c,7,maximum,0.6910985329342846
NITR_c,7,mean_range,-1.0539230307185071e-13
NITR_c,7,mean_midpoint,0.583267571698849
NITR_c,7,median_range,-7.993605777301127e-15
NITR_c,7,median_midpoint,0.584775681713603
NITR_c,7,std_range,4.3122268726532243e-13
NITR_c,7,frac_fixed,1.0
NITR_c,7,frac_variable,0.0
NITR_c,7,frac_bidirectional,0.0
NITR_c,8,minimum,0.8505828097620058
NITR_c,8,maximum,0.9487093920438561
NITR_c,8,mean_range,0.07127105118839802
NITR_c,8,mean_midpoint,0.895078572961063
NITR_c,8,median_range,0.04906329114119479
NITR_c,8,median_midpoint,0.8928349305386916
NITR_c,8,std_range,0.025793069384047733
NITR_c,8,frac_fixed,0.0
NITR_c,8,frac_variable,1.0
NITR_c,8,frac_bidirectional,0.0
NITR_c,9,minimum,0.7088190081369323
NITR_c,9,maximum,1.1994519195302444
NITR_c,9,mean_range,0.27661334722167874
NITR_c,9,mean_midpoint,0.907942352646724
NITR_c,9,median_range,0.2757400414553631
NITR_c,9,median_midpoint,0.9200796120031335
NITR_c,9,std_range,0.1278242945196714
NITR_c,9,frac_fixed,0.0
NITR_c,9,frac_variable,1.0
NITR_c,9,frac_bidirectional,0.0
NITR_c,10,minimum,0.017720475202482874
NITR_c,10,maximum,2.0
NITR_c,10,mean_range,0.8877504550903383
NITR_c,10,mean_midpoint,0.6730937060186833
NITR_c,10,median_range,0.8898916839397881
NITR_c,10,median_midpoint,0.6841722572163249
NITR_c,10,std_range,0.5155709515792857
NITR_c,10,frac_fixed,0.0
NITR_c,10,frac_variable,1.0
NITR_c,10,frac_bidirectional,0.0
NITR_c,11,minimum,0.4784528304920271
NITR_c,11,maximum,1.6069085266956447
NITR_c,11,mean_range,0.5877528330101182
NITR_c,11,mean_midpoint,0.8755026347457139
NITR_c,11,median_range,0.60206289267606
NITR_c,11,median_midpoint,0.9435276032558431
NITR_c,11,std_range,0.2980864150452118
NITR_c,11,frac_fixed,0.0
NITR_c,11,frac_variable,1.0
NITR_c,11,frac_bidirectional,0.0
AIAL_c,1,minimum,0.011925135217985883
AIAL_c,1,maximum,0.011925135218058908
AIAL_c,1,mean_range,1.0306193882810301e-14
AIAL_c,1,mean_midpoint,0.01192513521800021
AIAL_c,1,median_range,8.982398158607907e-15
AIAL_c,1,median_midpoint,0.011925135217998557
AIAL_c,1,std_range,1.248159354629184e-14
AIAL_c,1,frac_fixed,1.0
AIAL_c,1,frac_variable,0.0
AIAL_c,1,frac_bidirectional,0.0
AIAL_c,2,minimum,0.0
AIAL_c,2,maximum,0.22222222222222204
AIAL_c,2,mean_range,0.1133333333333322
AIAL_c,2,mean_midpoint,0.0566666666666661
AIAL_c,2,median_range,0.11333333333333331
AIAL_c,2,median_midpoint,0.05666666666666666
AIAL_c,2,std_range,0.0641371986207192
AIAL_c,2,frac_fixed,0.0
AIAL_c,2,frac_variable,1.0
AIAL_c,2,frac_bidirectional,0.0
AIAL_c,3,minimum,0.0
AIAL_c,3,maximum,0.0
AIAL_c,3,mean_range,0.0
AIAL_c,3,mean_midpoint,0.0
AIAL_c,3,median_range,0.0
AIAL_c,3,median_midpoint,0.0
AIAL_c,3,std_range,0.0
AIAL_c,3,frac_fixed,1.0
AIAL_c,3,frac_variable,0.0
AIAL_c,3,frac_bidirectional,0.0
AIAL_c,4,minimum,0.009540108174397308
AIAL_c,4,maximum,0.011209627104920525
AIAL_c,4,mean_range,-9.433268560227697e-15
AIAL_c,4,mean_midpoint,0.010335075005253939
AIAL_c,4,median_range,-3.552713678800501e-15
AIAL_c,4,median_midpoint,0.010255616287471996
AIAL_c,4,std_range,1.5426753064222815e-14
AIAL_c,4,frac_fixed,1.0
AIAL_c,4,frac_variable,0.0
AIAL_c,4,frac_bidirectional,0.0
AIAL_c,5,minimum,0.011305694083388185
AIAL_c,5,maximum,0.011844060468304586
AIAL_c,5,mean_range,4.950467119568813e-15
AIAL_c,5,mean_midpoint,0.01157112921865423
AIAL_c,5,median_range,1.2247147740396258e-15
AIAL_c,5,median_midpoint,0.0115673811614643
AIAL_c,5,std_range,1.1750714601424979e-14
AIAL_c,5,frac_fixed,1.0
AIAL_c,5,frac_variable,0.0
AIAL_c,5,frac_bidirectional,0.0
AIAL_c,6,minimum,0.00023850270436564985
AIAL_c,6,maximum,0.006201070313373691
AIAL_c,6,mean_range,2.1572282717659827e-15
AIAL_c,6,mean_midpoint,0.00322288190906169
AIAL_c,6,median_range,1.8175565219546996e-15
AIAL_c,6,median_midpoint,0.003230198309531777
AIAL_c,6,std_range,1.1638529183187004e-14
AIAL_c,6,frac_fixed,1.0
AIAL_c,6,frac_variable,0.0
AIAL_c,6,frac_bidirectional,0.0
AIAL_c,7,minimum,0.006439573017717115
AIAL_c,7,maximum,0.009301605470032115
AIAL_c,7,mean_range,-5.373990726104993e-16
AIAL_c,7,mean_midpoint,0.007850291350457835
AIAL_c,7,median_range,-1.6237011735142914e-15
AIAL_c,7,median_midpoint,0.007870589243871948
AIAL_c,7,std_range,1.8657597198321752e-14
AIAL_c,7,frac_fixed,1.0
AIAL_c,7,frac_variable,0.0
AIAL_c,7,frac_bidirectional,0.0
AIAL_c,8,minimum,0.011448129809121707
AIAL_c,8,maximum,0.022351083395791994
AIAL_c,8,mean_range,0.007919005687586274
AIAL_c,8,mean_midpoint,0.015526884005245236
AIAL_c,8,median_range,0.005451476793302008
AIAL_c,8,median_midpoint,0.014412370910264956
AIAL_c,8,std_range,0.0028658965982316584
AIAL_c,8,frac_fixed,0.0
AIAL_c,8,frac_variable,1.0
AIAL_c,8,frac_bidirectional,0.0
AIAL_c,9,minimum,0.009540108174364459
AIAL_c,9,maximum,0.06405487610689958
AIAL_c,9,mean_range,0.030734816357955684
AIAL_c,9,mean_midpoint,0.02572605763473738
AIAL_c,9,median_range,0.030637782383942713
AIAL_c,9,median_midpoint,0.02533600477508763
AIAL_c,9,std_range,0.014202699391075543
AIAL_c,9,frac_fixed,0.0
AIAL_c,9,frac_variable,1.0
AIAL_c,9,frac_bidirectional,0.0
AIAL_c,10,minimum,0.00023850270422187117
AIAL_c,10,maximum,0.22049178323731614
AIAL_c,10,mean_range,0.09863893945447903
AIAL_c,10,mean_midpoint,0.05240455781757284
AIAL_c,10,median_range,0.09887685377105868
AIAL_c,10,median_midpoint,0.052548159696547386
AIAL_c,10,std_range,0.057285661286589365
AIAL_c,10,frac_fixed,0.0
AIAL_c,10,frac_variable,1.0
AIAL_c,10,frac_bidirectional,0.0
AIAL_c,11,minimum,0.00643957301770115
AIAL_c,11,maximum,0.131823539262446
AIAL_c,11,mean_range,0.06530587033446104
AIAL_c,11,mean_midpoint,0.04048113527949855
AIAL_c,11,median_range,0.06689587696401067
AIAL_c,11,median_midpoint,0.04177196352518142
AIAL_c,11,std_range,0.03312071278279807
AIAL_c,11,frac_fixed,0.0
AIAL_c,11,frac_variable,1.0
AIAL_c,11,frac_bidirectional,0.0
CHRL_h,1,minimum,0.005545057622303948
CHRL_h,1,maximum,0.005545057622427407
CHRL_h,1,mean_range,5.5387199187538324e-14
CHRL_h,1,mean_midpoint,0.005545057622331642
CHRL_h,1,median_range,5.1758944352719993e-14
CHRL_h,1,median_midpoint,0.005545057622329827
CHRL_h,1,std_range,3.335426973931647e-14
CHRL_h,1,frac_fixed,1.0
CHRL_h,1,frac_variable,0.0
CHRL_h,1,frac_bidirectional,0.0
CHRL_h,2,minimum,0.0
CHRL_h,2,maximum,1.1150747986191138
CHRL_h,2,mean_range,0.8153344073647842
CHRL_h,2,mean_midpoint,0.4076672036823921
CHRL_h,2,median_range,1.02
CHRL_h,2,median_midpoint,0.51
CHRL_h,2,std_range,0.359096136381621
CHRL_h,2,frac_fixed,0.0
CHRL_h,2,frac_variable,1.0
CHRL_h,2,frac_bidirectional,0.0
CHRL_h,3,minimum,0.0
CHRL_h,3,maximum,0.0
CHRL_h,3,mean_range,0.0
CHRL_h,3,mean_midpoint,0.0
CHRL_h,3,median_range,0.0
CHRL_h,3,median_midpoint,0.0
CHRL_h,3,std_range,0.0
CHRL_h,3,frac_fixed,1.0
CHRL_h,3,frac_variable,0.0
CHRL_h,3,frac_bidirectional,0.0
CHRL_h,4,minimum,0.004436046097843159
CHRL_h,4,maximum,0.00521235416494191
CHRL_h,4,mean_range,-2.847887645404415e-14
CHRL_h,4,mean_midpoint,0.0048056969910371125
CHRL_h,4,median_range,-4.81082187975268e-14
CHRL_h,4,median_midpoint,0.004768749555195854
CHRL_h,4,std_range,8.254853086149445e-14
CHRL_h,4,frac_fixed,1.0
CHRL_h,4,frac_variable,0.0
CHRL_h,4,frac_bidirectional,0.0
CHRL_h,5,minimum,0.005257024260647671
CHRL_h,5,maximum,0.005507358749219244
CHRL_h,5,mean_range,-2.3272833313270347e-14
CHRL_h,5,mean_midpoint,0.005380448699280182
CHRL_h,5,median_range,-3.8719027983802334e-14
CHRL_h,5,median_midpoint,0.005378705893630917
CHRL_h,5,std_range,4.025763508403335e-14
CHRL_h,5,frac_fixed,1.0
CHRL_h,5,frac_variable,0.0
CHRL_h,5,frac_bidirectional,0.0
CHRL_h,6,minimum,0.00011090115244607898
CHRL_h,6,maximum,0.0028834299636942076
CHRL_h,6,mean_range,2.1101100174602194e-14
CHRL_h,6,mean_midpoint,0.0014986048853165923
CHRL_h,6,median_range,9.887381711981558e-16
CHRL_h,6,median_midpoint,0.0015020069315953288
CHRL_h,6,std_range,6.499112096774908e-14
CHRL_h,6,frac_fixed,1.0
CHRL_h,6,frac_variable,0.0
CHRL_h,6,frac_bidirectional,0.0
CHRL_h,7,minimum,0.002994331116044132
CHRL_h,7,maximum,0.004325144944968273
CHRL_h,7,mean_range,-5.6272398108196016e-14
CHRL_h,7,mean_midpoint,0.003650299731959515
CHRL_h,7,median_range,-2.7798943702528334e-14
CHRL_h,7,median_midpoint,0.00365973803074947
CHRL_h,7,std_range,1.6684657762551578e-13
CHRL_h,7,frac_fixed,1.0
CHRL_h,7,frac_variable,0.0
CHRL_h,7,frac_bidirectional,0.0
CHRL_h,8,minimum,0.005323255317411791
CHRL_h,8,maximum,0.04992624726230546
CHRL_h,8,mean_range,0.03300757874043955
CHRL_h,8,mean_midpoint,0.021882495263854603
CHRL_h,8,median_range,0.025859343103553707
CHRL_h,8,median_midpoint,0.018308377445411684
CHRL_h,8,std_range,0.01132673876346337
CHRL_h,8,frac_fixed,0.0
CHRL_h,8,frac_variable,1.0
CHRL_h,8,frac_bidirectional,0.0
CHRL_h,9,minimum,0.004436046097843159
CHRL_h,9,maximum,0.2274510058217345
CHRL_h,9,mean_range,0.13707443967148894
CHRL_h,9,mean_midpoint,0.07335387868878257
CHRL_h,9,median_range,0.13380897583424417
CHRL_h,9,median_midpoint,0.07178413862474955
CHRL_h,9,std_range,0.055437981727064996
CHRL_h,9,frac_fixed,0.0
CHRL_h,9,frac_variable,1.0
CHRL_h,9,frac_bidirectional,0.0
CHRL_h,10,minimum,0.00011090115244607898
CHRL_h,10,maximum,1.0928842037992912
CHRL_h,10,mean_range,0.6323192565449949
CHRL_h,10,mean_midpoint,0.31759416053716916
CHRL_h,10,median_range,0.6690448791714163
CHRL_h,10,median_midpoint,0.3367404626346263
CHRL_h,10,std_range,0.28873359606171634
CHRL_h,10,frac_fixed,0.0
CHRL_h,10,frac_variable,1.0
CHRL_h,10,frac_bidirectional,0.0
CHRL_h,11,minimum,0.002994331116044132
CHRL_h,11,maximum,0.5159287384808751
CHRL_h,11,mean_range,0.3300778107097558
CHRL_h,11,mean_midpoint,0.16867893290240144
CHRL_h,11,median_range,0.33452243958579725
CHRL_h,11,median_midpoint,0.1711427601285114
CHRL_h,11,std_range,0.12459793595498996
CHRL_h,11,frac_fixed,0.0
CHRL_h,11,frac_variable,1.0
CHRL_h,11,frac_bidirectional,0.0
PRAI_c,1,minimum,0.005545057622303948
PRAI_c,1,maximum,0.005545057622391235
PRAI_c,1,mean_range,-1.3807934931101577e-14
PRAI_c,1,mean_midpoint,0.005545057622297043
PRAI_c,1,median_range,-1.0055324628499562e-14
PRAI_c,1,median_midpoint,0.00554505762229892
PRAI_c,1,std_range,3.182368190679818e-14
PRAI_c,1,frac_fixed,1.0
PRAI_c,1,frac_variable,0.0
PRAI_c,1,frac_bidirectional,0.0
PRAI_c,2,minimum,0.0
PRAI_c,2,maximum,1.115074798623019
PRAI_c,2,mean_range,0.8153344073648605
PRAI_c,2,mean_midpoint,0.40766720368243026
PRAI_c,2,median_range,1.0199999999999996
PRAI_c,2,median_midpoint,0.5099999999999998
PRAI_c,2,std_range,0.3590961363816814
PRAI_c,2,frac_fixed,0.0
PRAI_c,2,frac_variable,1.0
PRAI_c,2,frac_bidirectional,0.0
PRAI_c,3,minimum,0.0
PRAI_c,3,maximum,0.0
PRAI_c,3,mean_range,0.0
PRAI_c,3,mean_midpoint,0.0
PRAI_c,3,median_range,0.0
PRAI_c,3,median_midpoint,0.0
PRAI_c,3,std_range,0.0
PRAI_c,3,frac_fixed,1.0
PRAI_c,3,frac_variable,0.0
PRAI_c,3,frac_bidirectional,0.0
PRAI_c,4,minimum,0.004436046097843159
PRAI_c,4,maximum,0.005212354165010424
PRAI_c,4,mean_range,-4.423497553100604e-14
PRAI_c,4,mean_midpoint,0.004805696991029235
PRAI_c,4,median_range,-5.350060672260071e-14
PRAI_c,4,median_midpoint,0.004768749555215796
PRAI_c,4,std_range,8.898306420251907e-14
PRAI_c,4,frac_fixed,1.0
PRAI_c,4,frac_variable,0.0
PRAI_c,4,frac_bidirectional,0.0
PRAI_c,5,minimum,0.005257024260647671
PRAI_c,5,maximum,0.005507358749211229
PRAI_c,5,mean_range,2.9838544829408065e-14
PRAI_c,5,mean_midpoint,0.005380448699306737
PRAI_c,5,median_range,-3.562124553657675e-14
PRAI_c,5,median_midpoint,0.00537870589368248
PRAI_c,5,std_range,1.2432750765532918e-13
PRAI_c,5,frac_fixed,1.0
PRAI_c,5,frac_variable,0.0
PRAI_c,5,frac_bidirectional,0.0
PRAI_c,6,minimum,0.00011090115244607898
PRAI_c,6,maximum,0.0028834299636812943
PRAI_c,6,mean_range,-5.635780104490658e-14
PRAI_c,6,mean_midpoint,0.001498604885277863
PRAI_c,6,median_range,-4.0744426062222505e-14
PRAI_c,6,median_midpoint,0.0015020069315688778
PRAI_c,6,std_range,3.1907996287832887e-13
PRAI_c,6,frac_fixed,1.0
PRAI_c,6,frac_variable,0.0
PRAI_c,6,frac_bidirectional,0.0
PRAI_c,7,minimum,0.002994331116044132
PRAI_c,7,maximum,0.00432514494531322
PRAI_c,7,mean_range,2.520425388864492e-14
PRAI_c,7,mean_midpoint,0.003650299732000253
PRAI_c,7,median_range,2.7128473079063298e-14
PRAI_c,7,median_midpoint,0.003659738030770904
PRAI_c,7,std_range,7.523254530985717e-14
PRAI_c,7,frac_fixed,1.0
PRAI_c,7,frac_variable,0.0
PRAI_c,7,frac_bidirectional,0.0
PRAI_c,8,minimum,0.005323255317411791
PRAI_c,8,maximum,0.049926247262673806
PRAI_c,8,mean_range,0.033007578740455706
PRAI_c,8,mean_midpoint,0.021882495263862684
PRAI_c,8,median_range,0.025859343103631863
PRAI_c,8,median_midpoint,0.01830837744545076
PRAI_c,8,std_range,0.011326738763462262
PRAI_c,8,frac_fixed,0.0
PRAI_c,8,frac_variable,1.0
PRAI_c,8,frac_bidirectional,0.0
PRAI_c,9,minimum,0.004436046097843159
PRAI_c,9,maximum,0.2274510058217559
PRAI_c,9,mean_range,0.13707443967150446
PRAI_c,9,mean_midpoint,0.0733538786887903
PRAI_c,9,median_range,0.13380897583425372
PRAI_c,9,median_midpoint,0.07178413862475433
PRAI_c,9,std_range,0.05543798172705935
PRAI_c,9,frac_fixed,0.0
PRAI_c,9,frac_variable,1.0
PRAI_c,9,frac_bidirectional,0.0
PRAI_c,10,minimum,0.00011090115244607898
PRAI_c,10,maximum,1.0928842037992499
PRAI_c,10,mean_range,0.6323192565449901
PRAI_c,10,mean_midpoint,0.3175941605371667
PRAI_c,10,median_range,0.6690448791714363
PRAI_c,10,median_midpoint,0.3367404626346338
PRAI_c,10,std_range,0.2887335960617263
PRAI_c,10,frac_fixed,0.0
PRAI_c,10,frac_variable,1.0
PRAI_c,10,frac_bidirectional,0.0
PRAI_c,11,minimum,0.002994331116044132
PRAI_c,11,maximum,0.515928738480864
PRAI_c,11,mean_range,0.3300778107097534
PRAI_c,11,mean_midpoint,0.1686789329024002
PRAI_c,11,median_range,0.33452243958575295
PRAI_c,11,median_midpoint,0.17114276012848925
PRAI_c,11,std_range,0.12459793595497591
PRAI_c,11,frac_fixed,0.0
PRAI_c,11,frac_variable,1.0
PRAI_c,11,frac_bidirectional,0.0
PRDPAR_c,1,minimum,0.011925135217989682
PRDPAR_c,1,maximum,0.011925135218057603
PRDPAR_c,1,mean_range,-1.1857682148836255e-14
PRDPAR_c,1,mean_midpoint,0.011925135217997127
PRDPAR_c,1,median_range,-3.552713678800501e-15
PRDPAR_c,1,median_midpoint,0.01192513521799643
PRDPAR_c,1,std_range,4.0962707996875733e-14
PRDPAR_c,1,frac_fixed,1.0
PRDPAR_c,1,frac_variable,0.0
PRDPAR_c,1,frac_bidirectional,0.0
PRDPAR_c,2,minimum,0.0
PRDPAR_c,2,maximum,0.2629629629629606
PRDPAR_c,2,mean_range,0.15148148148148136
PRDPAR_c,2,mean_midpoint,0.07574074074074068
PRDPAR_c,2,median_range,0.15407407407407453
PRDPAR_c,2,median_midpoint,0.07703703703703726
PRDPAR_c,2,std_range,0.06852212202736456
PRDPAR_c,2,frac_fixed,0.0
PRDPAR_c,2,frac_variable,1.0
PRDPAR_c,2,frac_bidirectional,0.0
PRDPAR_c,3,minimum,0.0
PRDPAR_c,3,maximum,0.0
PRDPAR_c,3,mean_range,0.0
PRDPAR_c,3,mean_midpoint,0.0
PRDPAR_c,3,median_range,0.0
PRDPAR_c,3,median_midpoint,0.0
PRDPAR_c,3,std_range,0.0
PRDPAR_c,3,frac_fixed,1.0
PRDPAR_c,3,frac_variable,0.0
PRDPAR_c,3,frac_bidirectional,0.0
PRDPAR_c,4,minimum,0.009540108174395101
PRDPAR_c,4,maximum,0.011209627104905483
PRDPAR_c,4,mean_range,3.015895614052769e-15
PRDPAR_c,4,mean_midpoint,0.010335075005257946
PRDPAR_c,4,median_range,-3.191891195797325e-15
PRDPAR_c,4,median_midpoint,0.010255616287493682
PRDPAR_c,4,std_range,1.9625516372725008e-14
PRDPAR_c,4,frac_fixed,1.0
PRDPAR_c,4,frac_variable,0.0
PRDPAR_c,4,frac_bidirectional,0.0
PRDPAR_c,5,minimum,0.011305694083384665
PRDPAR_c,5,maximum,0.011844060468267017
PRDPAR_c,5,mean_range,-1.0897966556955296e-14
PRDPAR_c,5,mean_midpoint,0.011571129218644637
PRDPAR_c,5,median_range,-3.611694276983712e-15
PRDPAR_c,5,median_midpoint,0.01156738116145309
PRDPAR_c,5,std_range,1.689064475743642e-14
PRDPAR_c,5,frac_fixed,1.0
PRDPAR_c,5,frac_variable,0.0
PRDPAR_c,5,frac_bidirectional,0.0
PRDPAR_c,6,minimum,0.00023850270435943344
PRDPAR_c,6,maximum,0.0062010703133610345
PRDPAR_c,6,mean_range,-5.36490779541561e-15
PRDPAR_c,6,mean_midpoint,0.003222881909058045
PRDPAR_c,6,median_range,-2.018350764299015e-15
PRDPAR_c,6,median_midpoint,0.0032301983095305593
PRDPAR_c,6,std_range,4.1769390517341776e-14
PRDPAR_c,6,frac_fixed,1.0
PRDPAR_c,6,frac_variable,0.0
PRDPAR_c,6,frac_bidirectional,0.0
PRDPAR_c,7,minimum,0.006439573017712852
PRDPAR_c,7,maximum,0.009301605470001913
PRDPAR_c,7,mean_range,-5.661452666321465e-15
PRDPAR_c,7,mean_midpoint,0.007850291350456028
PRDPAR_c,7,median_range,-3.0531133177191805e-15
PRDPAR_c,7,median_midpoint,0.00787058924386872
PRDPAR_c,7,std_range,1.880995023604263e-14
PRDPAR_c,7,frac_fixed,1.0
PRDPAR_c,7,frac_variable,0.0
PRDPAR_c,7,frac_bidirectional,0.0
PRDPAR_c,8,minimum,0.011448129809267016
PRDPAR_c,8,maximum,0.028366506064220556
PRDPAR_c,8,mean_range,0.012428453086590244
PRDPAR_c,8,mean_midpoint,0.017781607704757205
PRDPAR_c,8,median_range,0.00845918812750688
PRDPAR_c,8,median_midpoint,0.015916226577380423
PRDPAR_c,8,std_range,0.004397655267271197
PRDPAR_c,8,frac_fixed,0.0
PRDPAR_c,8,frac_variable,1.0
PRDPAR_c,8,frac_bidirectional,0.0
PRDPAR_c,9,minimum,0.00954010817438435
PRDPAR_c,9,maximum,0.0858668222777181
PRDPAR_c,9,mean_range,0.0484497617677099
PRDPAR_c,9,mean_midpoint,0.034583530339614185
PRDPAR_c,9,median_range,0.050755128764714316
PRDPAR_c,9,median_midpoint,0.035871683374188924
PRDPAR_c,9,std_range,0.019402244698289207
PRDPAR_c,9,frac_fixed,0.0
PRDPAR_c,9,frac_variable,1.0
PRDPAR_c,9,frac_bidirectional,0.0
PRDPAR_c,10,minimum,0.00023850270417824504
PRDPAR_c,10,maximum,0.26106603460683
PRDPAR_c,10,mean_range,0.13323946356135238
PRDPAR_c,10,mean_midpoint,0.0697048198710086
PRDPAR_c,10,median_range,0.13733779023705112
PRDPAR_c,10,median_midpoint,0.07194553398379658
PRDPAR_c,10,std_range,0.06168836538343502
PRDPAR_c,10,frac_fixed,0.0
PRDPAR_c,10,frac_variable,1.0
PRDPAR_c,10,frac_bidirectional,0.0
PRDPAR_c,11,minimum,0.0064395730177011475
PRDPAR_c,11,maximum,0.1550206770018272
PRDPAR_c,11,mean_range,0.09163161089554078
PRDPAR_c,11,mean_midpoint,0.05364400556003828
PRDPAR_c,11,median_range,0.0943687955420122
PRDPAR_c,11,median_midpoint,0.05532500209921389
PRDPAR_c,11,std_range,0.03542925804444913
PRDPAR_c,11,frac_fixed,0.0
PRDPAR_c,11,frac_variable,1.0
PRDPAR_c,11,frac_bidirectional,0.0
PPRGL_c,1,minimum,0.011925135217985883
PPRGL_c,1,maximum,0.011925135218037715
PPRGL_c,1,mean_range,2.0299088637377907e-15
PPRGL_c,1,mean_midpoint,0.011925135217996779
PPRGL_c,1,median_range,-2.3418766925686896e-16
PPRGL_c,1,median_midpoint,0.01192513521799654
PPRGL_c,1,std_range,8.369735354603428e-15
PPRGL_c,1,frac_fixed,1.0
PPRGL_c,1,frac_variable,0.0
PPRGL_c,1,frac_bidirectional,0.0
PPRGL_c,2,minimum,0.0
PPRGL_c,2,maximum,0.2629629629629506
PPRGL_c,2,mean_range,0.15148148148147933
PPRGL_c,2,mean_midpoint,0.07574074074073966
PPRGL_c,2,median_range,0.15407407407407497
PPRGL_c,2,median_midpoint,0.07703703703703749
PPRGL_c,2,std_range,0.06852212202736442
PPRGL_c,2,frac_fixed,0.0
PPRGL_c,2,frac_variable,1.0
PPRGL_c,2,frac_bidirectional,0.0
PPRGL_c,3,minimum,0.0
PPRGL_c,3,maximum,0.0
PPRGL_c,3,mean_range,0.0
PPRGL_c,3,mean_midpoint,0.0
PPRGL_c,3,median_range,0.0
PPRGL_c,3,median_midpoint,0.0
PPRGL_c,3,std_range,0.0
PPRGL_c,3,frac_fixed,1.0
PPRGL_c,3,frac_variable,0.0
PPRGL_c,3,frac_bidirectional,0.0
PPRGL_c,4,minimum,0.009540108174396877
PPRGL_c,4,maximum,0.0112096271048725
PPRGL_c,4,mean_range,4.0631166360731316e-14
PPRGL_c,4,mean_midpoint,0.010335075005282073
PPRGL_c,4,median_range,-4.720182578132892e-15
PPRGL_c,4,median_midpoint,0.01025561628748295
PPRGL_c,4,std_range,1.567368436906597e-13
PPRGL_c,4,frac_fixed,1.0
PPRGL_c,4,frac_variable,0.0
PPRGL_c,4,frac_bidirectional,0.0
PPRGL_c,5,minimum,0.011305694083383756
PPRGL_c,5,maximum,0.011844060468268396
PPRGL_c,5,mean_range,-7.671380891638435e-15
PPRGL_c,5,mean_midpoint,0.011571129218645533
PPRGL_c,5,median_range,-1.7104373473131318e-15
PPRGL_c,5,median_midpoint,0.011567381161456124
PPRGL_c,5,std_range,1.8817312790978075e-14
PPRGL_c,5,frac_fixed,1.0
PPRGL_c,5,frac_variable,0.0
PPRGL_c,5,frac_bidirectional,0.0
PPRGL_c,6,minimum,0.000238502704364138
PPRGL_c,6,maximum,0.006201070313361189
PPRGL_c,6,mean_range,-7.335477476945575e-16
PPRGL_c,6,mean_midpoint,0.003222881909060473
PPRGL_c,6,median_range,-1.6479873021779667e-15
PPRGL_c,6,median_midpoint,0.003230198309539557
PPRGL_c,6,std_range,1.3990216660665594e-14
PPRGL_c,6,frac_fixed,1.0
PPRGL_c,6,frac_variable,0.0
PPRGL_c,6,frac_bidirectional,0.0
PPRGL_c,7,minimum,0.006439573017717137
PPRGL_c,7,maximum,0.009301605470033003
PPRGL_c,7,mean_range,2.410261318016407e-15
PPRGL_c,7,mean_midpoint,0.007850291350458428
PPRGL_c,7,median_range,1.577731001400906e-15
PPRGL_c,7,median_midpoint,0.007870589243883508
PPRGL_c,7,std_range,2.176686871893392e-14
PPRGL_c,7,frac_fixed,1.0
PPRGL_c,7,frac_variable,0.0
PPRGL_c,7,frac_bidirectional,0.0
PPRGL_c,8,minimum,0.011448129809252389
PPRGL_c,8,maximum,0.02836650606420102
PPRGL_c,8,mean_range,0.01242845308658554
PPRGL_c,8,mean_midpoint,0.017781607704749517
PPRGL_c,8,median_range,0.008459188127494662
PPRGL_c,8,median_midpoint,0.015916226577367423
PPRGL_c,8,std_range,0.004397655267278725
PPRGL_c,8,frac_fixed,0.0
PPRGL_c,8,frac_variable,1.0
PPRGL_c,8,frac_bidirectional,0.0
PPRGL_c,9,minimum,0.00954010817438275
PPRGL_c,9,maximum,0.08586682227936154
PPRGL_c,9,mean_range,0.04844976176771465
PPRGL_c,9,mean_midpoint,0.03458353033961892
PPRGL_c,9,median_range,0.05075512876470746
PPRGL_c,9,median_midpoint,0.035871683374188286
PPRGL_c,9,std_range,0.019402244698305135
PPRGL_c,9,frac_fixed,0.0
PPRGL_c,9,frac_variable,1.0
PPRGL_c,9,frac_bidirectional,0.0
PPRGL_c,10,minimum,0.00023850270430246165
PPRGL_c,10,maximum,0.2610660346068403
PPRGL_c,10,mean_range,0.13323946356134914
PPRGL_c,10,mean_midpoint,0.06970481987100893
PPRGL_c,10,median_range,0.13733779023705533
PPRGL_c,10,median_midpoint,0.0719455339837882
PPRGL_c,10,std_range,0.06168836538343006
PPRGL_c,10,frac_fixed,0.0
PPRGL_c,10,frac_variable,1.0
PPRGL_c,10,frac_bidirectional,0.0
PPRGL_c,11,minimum,0.00643957301769772
PPRGL_c,11,maximum,0.15502067700184308
PPRGL_c,11,mean_range,0.0916316108955248
PPRGL_c,11,mean_midpoint,0.0536440055600299
PPRGL_c,11,median_range,0.09436879554200986
PPRGL_c,11,median_midpoint,0.055325002099215016
PPRGL_c,11,std_range,0.03542925804442663
PPRGL_c,11,frac_fixed,0.0
PPRGL_c,11,frac_variable,1.0
PPRGL_c,11,frac_bidirectional,0.0
FPGFT_c,1,minimum,0.011925135217861618
FPGFT_c,1,maximum,0.011925135218103452
FPGFT_c,1,mean_range,2.6115576109921723e-14
FPGFT_c,1,mean_midpoint,0.01192513521799566
FPGFT_c,1,median_range,5.7696902810988604e-15
FPGFT_c,1,median_midpoint,0.011925135217996194
FPGFT_c,1,std_range,7.567029739117315e-14
FPGFT_c,1,frac_fixed,1.0
FPGFT_c,1,frac_variable,0.0
FPGFT_c,1,frac_bidirectional,0.0
FPGFT_c,2,minimum,0.0
FPGFT_c,2,maximum,0.2629629629629626
FPGFT_c,2,mean_range,0.15148148148148113
FPGFT_c,2,mean_midpoint,0.07574074074074057
FPGFT_c,2,median_range,0.15407407407407298
FPGFT_c,2,median_midpoint,0.07703703703703649
FPGFT_c,2,std_range,0.06852212202736539
FPGFT_c,2,frac_fixed,0.0
FPGFT_c,2,frac_variable,1.0
FPGFT_c,2,frac_bidirectional,0.0
FPGFT_c,3,minimum,0.0
FPGFT_c,3,maximum,0.0
FPGFT_c,3,mean_range,0.0
FPGFT_c,3,mean_midpoint,0.0
FPGFT_c,3,median_range,0.0
FPGFT_c,3,median_midpoint,0.0
FPGFT_c,3,std_range,0.0
FPGFT_c,3,frac_fixed,1.0
FPGFT_c,3,frac_variable,0.0
FPGFT_c,3,frac_bidirectional,0.0
FPGFT_c,4,minimum,0.00954010817438286
FPGFT_c,4,maximum,0.011209627104916464
FPGFT_c,4,mean_range,-1.359345085988844e-14
FPGFT_c,4,mean_midpoint,0.010335075005252239
FPGFT_c,4,median_range,-1.3322676295501878e-15
FPGFT_c,4,median_midpoint,0.010255616287474598
FPGFT_c,4,std_range,2.769507410182127e-14
FPGFT_c,4,frac_fixed,1.0
FPGFT_c,4,frac_variable,0.0
FPGFT_c,4,frac_bidirectional,0.0
FPGFT_c,5,minimum,0.011305694083389994
FPGFT_c,5,maximum,0.01184406046830046
FPGFT_c,5,mean_range,-4.071916415160359e-14
FPGFT_c,5,mean_midpoint,0.01157112921863199
FPGFT_c,5,median_range,-1.621272560647924e-14
FPGFT_c,5,median_midpoint,0.011567381161420594
FPGFT_c,5,std_range,4.468115041524269e-14
FPGFT_c,5,frac_fixed,1.0
FPGFT_c,5,frac_variable,0.0
FPGFT_c,5,frac_bidirectional,0.0
FPGFT_c,6,minimum,0.00023850270436653886
FPGFT_c,6,maximum,0.006201070313361618
FPGFT_c,6,mean_range,-7.042447665053197e-15
FPGFT_c,6,mean_midpoint,0.0032228819090559836
FPGFT_c,6,median_range,1.7763568394002505e-15
FPGFT_c,6,median_midpoint,0.0032301983095461284
FPGFT_c,6,std_range,7.308755613876431e-14
FPGFT_c,6,frac_fixed,1.0
FPGFT_c,6,frac_variable,0.0
FPGFT_c,6,frac_bidirectional,0.0
FPGFT_c,7,minimum,0.006439573017719191
FPGFT_c,7,maximum,0.009301605470026317
FPGFT_c,7,mean_range,7.475836470339838e-15
FPGFT_c,7,mean_midpoint,0.007850291350460536
FPGFT_c,7,median_range,3.2751579226442118e-15
FPGFT_c,7,median_midpoint,0.007870589243880413
FPGFT_c,7,std_range,1.8164131525441287e-14
FPGFT_c,7,frac_fixed,1.0
FPGFT_c,7,frac_variable,0.0
FPGFT_c,7,frac_bidirectional,0.0
FPGFT_c,8,minimum,0.011448129809199594
FPGFT_c,8,maximum,0.028366506064700526
FPGFT_c,8,mean_range,0.012428453086607184
FPGFT_c,8,mean_midpoint,0.01778160770476154
FPGFT_c,8,median_range,0.008459188127541883
FPGFT_c,8,median_midpoint,0.015916226577422886
FPGFT_c,8,std_range,0.004397655267290303
FPGFT_c,8,frac_fixed,0.0
FPGFT_c,8,frac_variable,1.0
FPGFT_c,8,frac_bidirectional,0.0
FPGFT_c,9,minimum,0.009540108174221018
FPGFT_c,9,maximum,0.08586682227776098
FPGFT_c,9,mean_range,0.04844976176773217
FPGFT_c,9,mean_midpoint,0.0345835303396047
FPGFT_c,9,median_range,0.050755128764708154
FPGFT_c,9,median_midpoint,0.0358716833741924
FPGFT_c,9,std_range,0.019402244698296874
FPGFT_c,9,frac_fixed,0.0
FPGFT_c,9,frac_variable,1.0
FPGFT_c,9,frac_bidirectional,0.0
FPGFT_c,10,minimum,0.0002385027043487753
FPGFT_c,10,maximum,0.26106603460681554
FPGFT_c,10,mean_range,0.1332394635613488
FPGFT_c,10,mean_midpoint,0.06970481987100999
FPGFT_c,10,median_range,0.1373377902370428
FPGFT_c,10,median_midpoint,0.07194553398378821
FPGFT_c,10,std_range,0.061688365383433016
FPGFT_c,10,frac_fixed,0.0
FPGFT_c,10,frac_variable,1.0
FPGFT_c,10,frac_bidirectional,0.0
FPGFT_c,11,minimum,0.00643957301770115
FPGFT_c,11,maximum,0.15502067700181327
FPGFT_c,11,mean_range,0.0916316108955203
FPGFT_c,11,mean_midpoint,0.053644005560026464
FPGFT_c,11,median_range,0.09436879554200092
FPGFT_c,11,median_midpoint,0.05532500209922295
FPGFT_c,11,std_range,0.03542925804442647
FPGFT_c,11,frac_fixed,0.0
FPGFT_c,11,frac_variable,1.0
FPGFT_c,11,frac_bidirectional,0.0
IGPS_c,1,minimum,0.005545057622303948
IGPS_c,1,maximum,0.005545057622512995
IGPS_c,1,mean_range,9.250209206493913e-14
IGPS_c,1,mean_midpoint,0.005545057622350199
IGPS_c,1,median_range,1.0182740067810059e-13
IGPS_c,1,median_midpoint,0.005545057622354861
IGPS_c,1,std_range,5.718960841603592e-14
IGPS_c,1,frac_fixed,1.0
IGPS_c,1,frac_variable,0.0
IGPS_c,1,frac_bidirectional,0.0
IGPS_c,2,minimum,0.0
IGPS_c,2,maximum,1.1150747986192755
IGPS_c,2,mean_range,0.8153344073647765
IGPS_c,2,mean_midpoint,0.40766720368238824
IGPS_c,2,median_range,1.0199999999999987
IGPS_c,2,median_midpoint,0.5099999999999993
IGPS_c,2,std_range,0.35909613638165283
IGPS_c,2,frac_fixed,0.0
IGPS_c,2,frac_variable,1.0
IGPS_c,2,frac_bidirectional,0.0
IGPS_c,3,minimum,0.0
IGPS_c,3,maximum,0.0
IGPS_c,3,mean_range,0.0
IGPS_c,3,mean_midpoint,0.0
IGPS_c,3,median_range,0.0
IGPS_c,3,median_midpoint,0.0
IGPS_c,3,std_range,0.0
IGPS_c,3,frac_fixed,1.0
IGPS_c,3,frac_variable,0.0
IGPS_c,3,frac_bidirectional,0.0
IGPS_c,4,minimum,0.004436046097843159
IGPS_c,4,maximum,0.0052123541648370075
IGPS_c,4,mean_range,-1.396793034771158e-13
IGPS_c,4,mean_midpoint,0.004805696990981513
IGPS_c,4,median_range,8.500145032286355e-16
IGPS_c,4,median_midpoint,0.004768749555309944
IGPS_c,4,std_range,5.160873110711785e-13
IGPS_c,4,frac_fixed,1.0
IGPS_c,4,frac_variable,0.0
IGPS_c,4,frac_bidirectional,0.0
IGPS_c,5,minimum,0.005257024260647671
IGPS_c,5,maximum,0.005507358749216706
IGPS_c,5,mean_range,9.28814317124882e-14
IGPS_c,5,mean_midpoint,0.005380448699338259
IGPS_c,5,median_range,-8.275498342147358e-15
IGPS_c,5,median_midpoint,0.005378705893749753
IGPS_c,5,std_range,2.0380581687996968e-13
IGPS_c,5,frac_fixed,1.0
IGPS_c,5,frac_variable,0.0
IGPS_c,5,frac_bidirectional,0.0
IGPS_c,6,minimum,0.00011090115244607898
IGPS_c,6,maximum,0.002883429963345563
IGPS_c,6,mean_range,1.650284305354268e-13
IGPS_c,6,mean_midpoint,0.001498604885388556
IGPS_c,6,median_range,4.0732391418107916e-14
IGPS_c,6,median_midpoint,0.0015020069313326223
IGPS_c,6,std_range,9.880514029531933e-13
IGPS_c,6,frac_fixed,1.0
IGPS_c,6,frac_variable,0.0
IGPS_c,6,frac_bidirectional,0.0
IGPS_c,7,minimum,0.002994331116044132
IGPS_c,7,maximum,0.004325144945394599
IGPS_c,7,mean_range,-1.5960403229305744e-13
IGPS_c,7,mean_midpoint,0.0036502997319078486
IGPS_c,7,median_range,-1.2364241575024693e-15
IGPS_c,7,median_midpoint,0.003659738030593186
IGPS_c,7,std_range,7.422888072185549e-13
IGPS_c,7,frac_fixed,1.0
IGPS_c,7,frac_variable,0.0
IGPS_c,7,frac_bidirectional,0.0
IGPS_c,8,minimum,0.005323255317411791
IGPS_c,8,maximum,0.049926247262342974
IGPS_c,8,mean_range,0.033007578740444375
IGPS_c,8,mean_midpoint,0.021882495263857018
IGPS_c,8,median_range,0.025859343103663675
IGPS_c,8,median_midpoint,0.018308377445466668
IGPS_c,8,std_range,0.0113267387634587
IGPS_c,8,frac_fixed,0.0
IGPS_c,8,frac_variable,1.0
IGPS_c,8,frac_bidirectional,0.0
IGPS_c,9,minimum,0.004436046097843159
IGPS_c,9,maximum,0.227451005822147
IGPS_c,9,mean_range,0.13707443967149588
IGPS_c,9,mean_midpoint,0.07335387868878604
IGPS_c,9,median_range,0.1338089758343381
IGPS_c,9,median_midpoint,0.07178413862479652
IGPS_c,9,std_range,0.0554379817270537
IGPS_c,9,frac_fixed,0.0
IGPS_c,9,frac_variable,1.0
IGPS_c,9,frac_bidirectional,0.0
IGPS_c,10,minimum,0.00011090115244607898
IGPS_c,10,maximum,1.092884203799613
IGPS_c,10,mean_range,0.6323192565450109
IGPS_c,10,mean_midpoint,0.31759416053717715
IGPS_c,10,median_range,0.6690448791713501
IGPS_c,10,median_midpoint,0.33674046263459345
IGPS_c,10,std_range,0.28873359606167925
IGPS_c,10,frac_fixed,0.0
IGPS_c,10,frac_variable,1.0
IGPS_c,10,frac_bidirectional,0.0
IGPS_c,11,minimum,0.002994331116044132
IGPS_c,11,maximum,0.5159287384823322
IGPS_c,11,mean_range,0.33007781070976094
IGPS_c,11,mean_midpoint,0.16867893290240396
IGPS_c,11,median_range,0.33452243958584243
IGPS_c,11,median_midpoint,0.171142760128534
IGPS_c,11,std_range,0.12459793595496549
IGPS_c,11,frac_fixed,0.0
IGPS_c,11,frac_variable,1.0
IGPS_c,11,frac_bidirectional,0.0
PRFGCL_c,1,minimum,0.011925135217989455
PRFGCL_c,1,maximum,0.01192513521801171
PRFGCL_c,1,mean_range,-4.453680641335153e-15
PRFGCL_c,1,mean_midpoint,0.011925135217994192
PRFGCL_c,1,median_range,3.7470027081099033e-16
PRFGCL_c,1,median_midpoint,0.011925135217995937
PRFGCL_c,1,std_range,1.5006226784402315e-14
PRFGCL_c,1,frac_fixed,1.0
PRFGCL_c,1,frac_variable,0.0
PRFGCL_c,1,frac_bidirectional,0.0
PRFGCL_c,2,minimum,0.0
PRFGCL_c,2,maximum,0.2629629629629606
PRFGCL_c,2,mean_range,0.1514814814814818
PRFGCL_c,2,mean_midpoint,0.0757407407407409
PRFGCL_c,2,median_range,0.15407407407407386
PRFGCL_c,2,median_midpoint,0.07703703703703693
PRFGCL_c,2,std_range,0.06852212202736468
PRFGCL_c,2,frac_fixed,0.0
PRFGCL_c,2,frac_variable,1.0
PRFGCL_c,2,frac_bidirectional,0.0
PRFGCL_c,3,minimum,0.0
PRFGCL_c,3,maximum,0.0
PRFGCL_c,3,mean_range,0.0
PRFGCL_c,3,mean_midpoint,0.0
PRFGCL_c,3,median_range,0.0
PRFGCL_c,3,median_midpoint,0.0
PRFGCL_c,3,std_range,0.0
PRFGCL_c,3,frac_fixed,1.0
PRFGCL_c,3,frac_variable,0.0
PRFGCL_c,3,frac_bidirectional,0.0
PRFGCL_c,4,minimum,0.00954010817439672
PRFGCL_c,4,maximum,0.01120962710491824
PRFGCL_c,4,mean_range,-1.5115749561125178e-15
PRFGCL_c,4,mean_midpoint,0.010335075005259424
PRFGCL_c,4,median_range,1.6878859421254333e-15
PRFGCL_c,4,median_midpoint,0.010255616287481503
PRFGCL_c,4,std_range,8.864164552238059e-15
PRFGCL_c,4,frac_fixed,1.0
PRFGCL_c,4,frac_variable,0.0
PRFGCL_c,4,frac_bidirectional,0.0
PRFGCL_c,5,minimum,0.011305694083383055
PRFGCL_c,5,maximum,0.01184406046831099
PRFGCL_c,5,mean_range,-5.10182174284779e-15
PRFGCL_c,5,mean_midpoint,0.011571129218647223
PRFGCL_c,5,median_range,2.706168622523819e-15
PRFGCL_c,5,median_midpoint,0.011567381161456709
PRFGCL_c,5,std_range,1.5712051348222622e-14
PRFGCL_c,5,frac_fixed,1.0
PRFGCL_c,5,frac_variable,0.0
PRFGCL_c,5,frac_bidirectional,0.0
PRFGCL_c,6,minimum,0.00023850270435943344
PRFGCL_c,6,maximum,0.00620107031336814
PRFGCL_c,6,mean_range,1.8354158224702565e-15
PRFGCL_c,6,mean_midpoint,0.0032228819090615647
PRFGCL_c,6,median_range,1.033895191682177e-15
PRFGCL_c,6,median_midpoint,0.003230198309545045
PRFGCL_c,6,std_range,1.5081460054783477e-14
PRFGCL_c,6,frac_fixed,1.0
PRFGCL_c,6,frac_variable,0.0
PRFGCL_c,6,frac_bidirectional,0.0
PRFGCL_c,7,minimum,0.006439573017712852
PRFGCL_c,7,maximum,0.00930160547004921
PRFGCL_c,7,mean_range,-2.8155475027459355e-15
PRFGCL_c,7,mean_midpoint,0.007850291350457764
PRFGCL_c,7,median_range,-7.32920668600201e-16
PRFGCL_c,7,median_midpoint,0.007870589243882264
PRFGCL_c,7,std_range,1.0233116318108944e-14
PRFGCL_c,7,frac_fixed,1.0
PRFGCL_c,7,frac_variable,0.0
PRFGCL_c,7,frac_bidirectional,0.0
PRFGCL_c,8,minimum,0.011448129809179974
PRFGCL_c,8,maximum,0.028366506064252395
PRFGCL_c,8,mean_range,0.01242845308659994
PRFGCL_c,8,mean_midpoint,0.017781607704754347
PRFGCL_c,8,median_range,0.008459188127498171
PRFGCL_c,8,median_midpoint,0.015916226577382446
PRFGCL_c,8,std_range,0.00439765526728384
PRFGCL_c,8,frac_fixed,0.0
PRFGCL_c,8,frac_variable,1.0
PRFGCL_c,8,frac_bidirectional,0.0
PRFGCL_c,9,minimum,0.009540108174372083
PRFGCL_c,9,maximum,0.0858668222777181
PRFGCL_c,9,mean_range,0.048449761767711354
PRFGCL_c,9,mean_midpoint,0.03458353033961281
PRFGCL_c,9,median_range,0.050755128764708474
PRFGCL_c,9,median_midpoint,0.0358716833741896
PRFGCL_c,9,std_range,0.019402244698292707
PRFGCL_c,9,frac_fixed,0.0
PRFGCL_c,9,frac_variable,1.0
PRFGCL_c,9,frac_bidirectional,0.0
PRFGCL_c,10,minimum,0.00023850270417824504
PRFGCL_c,10,maximum,0.2610660346068354
PRFGCL_c,10,mean_range,0.13323946356135047
PRFGCL_c,10,mean_midpoint,0.06970481987100881
PRFGCL_c,10,median_range,0.13733779023705273
PRFGCL_c,10,median_midpoint,0.07194553398379203
PRFGCL_c,10,std_range,0.061688365383436305
PRFGCL_c,10,frac_fixed,0.0
PRFGCL_c,10,frac_variable,1.0
PRFGCL_c,10,frac_bidirectional,0.0
PRFGCL_c,11,minimum,0.006439573017685755
PRFGCL_c,11,maximum,0.15502067700182806
PRFGCL_c,11,mean_range,0.09163161089554046
PRFGCL_c,11,mean_midpoint,0.05364400556003777
PRFGCL_c,11,median_range,0.09436879554200783
PRFGCL_c,11,median_midpoint,0.055325002099214184
PRFGCL_c,11,std_range,0.03542925804444981
PRFGCL_c,11,frac_fixed,0.0
PRFGCL_c,11,frac_variable,1.0
PRFGCL_c,11,frac_bidirectional,0.0
DXPS_h,1,minimum,0.028418666973324257
DXPS_h,1,maximum,0.02841866697332426
DXPS_h,1,mean_range,-4.599034331659442e-18
DXPS_h,1,mean_midpoint,0.028418666973324253
DXPS_h,1,median_range,0.0
DXPS_h,1,median_midpoint,0.028418666973324257
DXPS_h,1,std_range,7.320562904067452e-18
DXPS_h,1,frac_fixed,1.0
DXPS_h,1,frac_variable,0.0
DXPS_h,1,frac_bidirectional,0.0
DXPS_h,2,minimum,0.0
DXPS_h,2,maximum,0.07333333333417613
DXPS_h,2,mean_range,0.06866666666668203
DXPS_h,2,mean_midpoint,0.034333333333341015
DXPS_h,2,median_range,0.07333333333333286
DXPS_h,2,median_midpoint,0.03666666666666643
DXPS_h,2,std_range,0.01377598554652049
DXPS_h,2,frac_fixed,0.0
DXPS_h,2,frac_variable,1.0
DXPS_h,2,frac_bidirectional,0.0
DXPS_h,3,minimum,0.0
DXPS_h,3,maximum,0.0
DXPS_h,3,mean_range,0.0
DXPS_h,3,mean_midpoint,0.0
DXPS_h,3,median_range,0.0
DXPS_h,3,median_midpoint,0.0
DXPS_h,3,std_range,0.0
DXPS_h,3,frac_fixed,1.0
DXPS_h,3,frac_variable,0.0
DXPS_h,3,frac_bidirectional,0.0
DXPS_h,4,minimum,0.022734933578659404
DXPS_h,4,maximum,0.026713546954924804
DXPS_h,4,mean_range,-3.1540426835941946e-18
DXPS_h,4,mean_midpoint,0.024629410849413304
DXPS_h,4,median_range,0.0
DXPS_h,4,median_midpoint,0.02444005359705887
DXPS_h,4,std_range,6.180636161411447e-18
DXPS_h,4,frac_fixed,1.0
DXPS_h,4,frac_variable,0.0
DXPS_h,4,frac_bidirectional,0.0
DXPS_h,5,minimum,0.026942483182340365
DXPS_h,5,maximum,0.028225458571975608
DXPS_h,5,mean_range,4.336808689942018e-18
DXPS_h,5,mean_midpoint,0.027575038920641268
DXPS_h,5,median_range,0.0
DXPS_h,5,median_midpoint,0.027566106964124537
DXPS_h,5,std_range,7.511572993685797e-18
DXPS_h,5,frac_fixed,1.0
DXPS_h,5,frac_variable,0.0
DXPS_h,5,frac_bidirectional,0.0
DXPS_h,6,minimum,0.0005683733394664854
DXPS_h,6,maximum,0.01477770682623486
DXPS_h,6,mean_range,3.807307791109232e-15
DXPS_h,6,mean_midpoint,0.00768041669915496
DXPS_h,6,median_range,0.0
DXPS_h,6,median_midpoint,0.00769785233781153
DXPS_h,6,std_range,2.124711043098978e-14
DXPS_h,6,frac_fixed,1.0
DXPS_h,6,frac_variable,0.0
DXPS_h,6,frac_bidirectional,0.0
DXPS_h,7,minimum,0.015346080165595102
DXPS_h,7,maximum,0.022166560239192924
DXPS_h,7,mean_range,2.7390370673318005e-19
DXPS_h,7,mean_midpoint,0.018707948501546806
DXPS_h,7,median_range,0.0
DXPS_h,7,median_midpoint,0.01875632020239401
DXPS_h,7,std_range,1.9709227985888e-18
DXPS_h,7,frac_fixed,1.0
DXPS_h,7,frac_variable,0.0
DXPS_h,7,frac_bidirectional,0.0
DXPS_h,8,minimum,0.027281920294391297
DXPS_h,8,maximum,0.0442002965493333
DXPS_h,8,mean_range,0.01242845308659506
DXPS_h,8,mean_midpoint,0.03378033350742207
DXPS_h,8,median_range,0.00845918812746929
DXPS_h,8,median_midpoint,0.032079887697592416
DXPS_h,8,std_range,0.004397655267282086
DXPS_h,8,frac_fixed,0.0
DXPS_h,8,frac_variable,1.0
DXPS_h,8,frac_bidirectional,0.0
DXPS_h,9,minimum,0.022734933578659404
DXPS_h,9,maximum,0.08461841712675752
DXPS_h,9,mean_range,0.04552537621121236
DXPS_h,9,mean_midpoint,0.04744827898531457
DXPS_h,9,median_range,0.05075512876471124
DXPS_h,9,median_midpoint,0.0503859913188796
DXPS_h,9,std_range,0.01613517901403277
DXPS_h,9,frac_fixed,0.0
DXPS_h,9,frac_variable,1.0
DXPS_h,9,frac_bidirectional,0.0
DXPS_h,10,minimum,0.0005683733394664853
DXPS_h,10,maximum,0.08031933758632961
DXPS_h,10,mean_range,0.06403123847306597
DXPS_h,10,mean_midpoint,0.03936766090481318
DXPS_h,10,median_range,0.06883812031036807
DXPS_h,10,median_midpoint,0.04106126217303266
DXPS_h,10,std_range,0.015085357278811325
DXPS_h,10,frac_fixed,0.0
DXPS_h,10,frac_variable,1.0
DXPS_h,10,frac_bidirectional,0.0
DXPS_h,11,minimum,0.015346080165595102
DXPS_h,11,maximum,0.08381233971282018
DXPS_h,11,mean_range,0.05781529744417393
DXPS_h,11,mean_midpoint,0.04756295182132099
DXPS_h,11,median_range,0.06314418381460762
DXPS_h,11,median_midpoint,0.04964118673306239
DXPS_h,11,std_range,0.014530203719088936
DXPS_h,11,frac_fixed,0.0
DXPS_h,11,frac_variable,1.0
DXPS_h,11,frac_bidirectional,0.0
AMETt_h,1,minimum,0.0032352611261608375
AMETt_h,1,maximum,0.003235261126160838
AMETt_h,1,mean_range,0.0
AMETt_h,1,mean_midpoint,0.0032352611261608384
AMETt_h,1,median_range,0.0
AMETt_h,1,median_midpoint,0.0032352611261608375
AMETt_h,1,std_range,0.0
AMETt_h,1,frac_fixed,1.0
AMETt_h,1,frac_variable,0.0
AMETt_h,1,frac_bidirectional,0.0
AMETt_h,2,minimum,0.0
AMETt_h,2,maximum,0.07333333333341763
AMETt_h,2,mean_range,0.06866666666663197
AMETt_h,2,mean_midpoint,0.034333333333315987
AMETt_h,2,median_range,0.07333333333333228
AMETt_h,2,median_midpoint,0.03666666666666614
AMETt_h,2,std_range,0.013775985546534747
AMETt_h,2,frac_fixed,0.0
AMETt_h,2,frac_variable,1.0
AMETt_h,2,frac_bidirectional,0.0
AMETt_h,3,minimum,0.0
AMETt_h,3,maximum,0.0
AMETt_h,3,mean_range,0.0
AMETt_h,3,mean_midpoint,0.0
AMETt_h,3,median_range,0.0
AMETt_h,3,median_midpoint,0.0
AMETt_h,3,std_range,0.0
AMETt_h,3,frac_fixed,1.0
AMETt_h,3,frac_variable,0.0
AMETt_h,3,frac_bidirectional,0.0
AMETt_h,4,minimum,0.0025882089009286705
AMETt_h,4,maximum,0.003041145458591188
AMETt_h,4,mean_range,0.0
AMETt_h,4,mean_midpoint,0.0028038815316758694
AMETt_h,4,median_range,0.0
AMETt_h,4,median_midpoint,0.0027823245684983214
AMETt_h,4,std_range,0.0
AMETt_h,4,frac_fixed,1.0
AMETt_h,4,frac_variable,0.0
AMETt_h,4,frac_bidirectional,0.0
AMETt_h,5,minimum,0.003067208203815048
AMETt_h,5,maximum,0.0032132657373300493
AMETt_h,5,mean_range,0.0
AMETt_h,5,mean_midpoint,0.003139220131474281
AMETt_h,5,median_range,0.0
AMETt_h,5,median_midpoint,0.003138203292376013
AMETt_h,5,std_range,0.0
AMETt_h,5,frac_fixed,1.0
AMETt_h,5,frac_variable,0.0
AMETt_h,5,frac_bidirectional,0.0
AMETt_h,6,minimum,6.470522252321677e-05
AMETt_h,6,maximum,0.001682335785603636
AMETt_h,6,mean_range,0.0
AMETt_h,6,mean_midpoint,0.0008743602788551142
AMETt_h,6,median_range,0.0
AMETt_h,6,median_midpoint,0.0008763452010900133
AMETt_h,6,std_range,0.0
AMETt_h,6,frac_fixed,1.0
AMETt_h,6,frac_variable,0.0
AMETt_h,6,frac_bidirectional,0.0
AMETt_h,7,minimum,0.0017470410081268527
AMETt_h,7,maximum,0.0025235036784054536
AMETt_h,7,mean_range,0.0
AMETt_h,7,mean_midpoint,0.0021297655725402726
AMETt_h,7,median_range,0.0
AMETt_h,7,median_midpoint,0.002135272343266153
AMETt_h,7,std_range,0.0
AMETt_h,7,frac_fixed,1.0
AMETt_h,7,frac_variable,0.0
AMETt_h,7,frac_bidirectional,0.0
AMETt_h,8,minimum,0.003105850681114405
AMETt_h,8,maximum,0.020024226937265313
AMETt_h,8,mean_range,0.01242845308660431
AMETt_h,8,mean_midpoint,0.009352429835678168
AMETt_h,8,median_range,0.008459188127609145
AMETt_h,8,median_midpoint,0.007400149967442194
AMETt_h,8,std_range,0.0043976552672838455
AMETt_h,8,frac_fixed,0.0
AMETt_h,8,frac_variable,1.0
AMETt_h,8,frac_bidirectional,0.0
AMETt_h,9,minimum,0.0025882089009286705
AMETt_h,9,maximum,0.06393430750640035
AMETt_h,9,mean_range,0.045525376211129155
AMETt_h,9,mean_midpoint,0.025572965330192928
AMETt_h,9,median_range,0.050755128764657806
AMETt_h,9,median_midpoint,0.028224594173350444
AMETt_h,9,std_range,0.016135179014238967
AMETt_h,9,frac_fixed,0.0
AMETt_h,9,frac_variable,1.0
AMETt_h,9,frac_bidirectional,0.0
AMETt_h,10,minimum,6.470522252321677e-05
AMETt_h,10,maximum,0.07309835768852033
AMETt_h,10,mean_range,0.06403123847306551
AMETt_h,10,mean_midpoint,0.03285259637658048
AMETt_h,10,median_range,0.06883812031036492
AMETt_h,10,median_midpoint,0.035389638493030603
AMETt_h,10,std_range,0.015085357278816568
AMETt_h,10,frac_fixed,0.0
AMETt_h,10,frac_variable,1.0
AMETt_h,10,frac_bidirectional,0.0
AMETt_h,11,minimum,0.0017470410081268527
AMETt_h,11,maximum,0.06698899090091613
AMETt_h,11,mean_range,0.05781529744418453
AMETt_h,11,mean_midpoint,0.031031420993689413
AMETt_h,11,median_range,0.0631441838146074
AMETt_h,11,median_midpoint,0.033772069473093067
AMETt_h,11,std_range,0.014530203719086405
AMETt_h,11,frac_fixed,0.0
AMETt_h,11,frac_variable,1.0
AMETt_h,11,frac_bidirectional,0.0
ANPRT_c,1,minimum,0.005545057622303948
ANPRT_c,1,maximum,0.005545057622480698
ANPRT_c,1,mean_range,-8.808804783790972e-15
ANPRT_c,1,mean_midpoint,0.005545057622299543
ANPRT_c,1,median_range,-4.438290013286661e-15
ANPRT_c,1,median_midpoint,0.005545057622301728
ANPRT_c,1,std_range,1.1444693248142157e-13
ANPRT_c,1,frac_fixed,1.0
ANPRT_c,1,frac_variable,0.0
ANPRT_c,1,frac_bidirectional,0.0
ANPRT_c,2,minimum,0.0
ANPRT_c,2,maximum,1.115074798619195
ANPRT_c,2,mean_range,0.8153344073647771
ANPRT_c,2,mean_midpoint,0.40766720368238857
ANPRT_c,2,median_range,1.02
ANPRT_c,2,median_midpoint,0.51
ANPRT_c,2,std_range,0.3590961363816192
ANPRT_c,2,frac_fixed,0.0
ANPRT_c,2,frac_variable,1.0
ANPRT_c,2,frac_bidirectional,0.0
ANPRT_c,3,minimum,0.0
ANPRT_c,3,maximum,0.0
ANPRT_c,3,mean_range,0.0
ANPRT_c,3,mean_midpoint,0.0
ANPRT_c,3,median_range,0.0
ANPRT_c,3,median_midpoint,0.0
ANPRT_c,3,std_range,0.0
ANPRT_c,3,frac_fixed,1.0
ANPRT_c,3,frac_variable,0.0
ANPRT_c,3,frac_bidirectional,0.0
ANPRT_c,4,minimum,0.004436046097843159
ANPRT_c,4,maximum,0.005212354165868849
ANPRT_c,4,mean_range,-1.1579547295773293e-13
ANPRT_c,4,mean_midpoint,0.004805696990993454
ANPRT_c,4,median_range,-2.889711039899545e-13
ANPRT_c,4,median_midpoint,0.004768749554973934
ANPRT_c,4,std_range,8.783652801246843e-13
ANPRT_c,4,frac_fixed,1.0
ANPRT_c,4,frac_variable,0.0
ANPRT_c,4,frac_bidirectional,0.0
ANPRT_c,5,minimum,0.005257024260647671
ANPRT_c,5,maximum,0.005507358751128066
ANPRT_c,5,mean_range,4.821950130851071e-13
ANPRT_c,5,mean_midpoint,0.0053804486995329154
ANPRT_c,5,median_range,9.776988246779084e-14
ANPRT_c,5,median_midpoint,0.005378705893683716
ANPRT_c,5,std_range,8.122445595618049e-13
ANPRT_c,5,frac_fixed,1.0
ANPRT_c,5,frac_variable,0.0
ANPRT_c,5,frac_bidirectional,0.0
ANPRT_c,6,minimum,0.00011090115244607898
ANPRT_c,6,maximum,0.0028834299637616246
ANPRT_c,6,mean_range,1.5838348874782762e-13
ANPRT_c,6,mean_midpoint,0.0014986048853852334
ANPRT_c,6,median_range,3.5611921397893376e-14
ANPRT_c,6,median_midpoint,0.0015020069322287007
ANPRT_c,6,std_range,6.805066824537356e-13
ANPRT_c,6,frac_fixed,1.0
ANPRT_c,6,frac_variable,0.0
ANPRT_c,6,frac_bidirectional,0.0
ANPRT_c,7,minimum,0.002994331116044132
ANPRT_c,7,maximum,0.0043251449424318855
ANPRT_c,7,mean_range,-2.285919078295457e-13
ANPRT_c,7,mean_midpoint,0.003650299731873355
ANPRT_c,7,median_range,-4.165721587123805e-14
ANPRT_c,7,median_midpoint,0.003659738030713171
ANPRT_c,7,std_range,1.1347577305212581e-12
ANPRT_c,7,frac_fixed,1.0
ANPRT_c,7,frac_variable,0.0
ANPRT_c,7,frac_bidirectional,0.0
ANPRT_c,8,minimum,0.005323255317411791
ANPRT_c,8,maximum,0.04992624726264572
ANPRT_c,8,mean_range,0.03300757874042103
ANPRT_c,8,mean_midpoint,0.02188249526384534
ANPRT_c,8,median_range,0.025859343103683104
ANPRT_c,8,median_midpoint,0.018308377445476382
ANPRT_c,8,std_range,0.011326738763468082
ANPRT_c,8,frac_fixed,0.0
ANPRT_c,8,frac_variable,1.0
ANPRT_c,8,frac_bidirectional,0.0
ANPRT_c,9,minimum,0.004436046097843159
ANPRT_c,9,maximum,0.22745100582201933
ANPRT_c,9,mean_range,0.1370744396714812
ANPRT_c,9,mean_midpoint,0.07335387868877871
ANPRT_c,9,median_range,0.133808975834203
ANPRT_c,9,median_midpoint,0.07178413862472897
ANPRT_c,9,std_range,0.05543798172706368
ANPRT_c,9,frac_fixed,0.0
ANPRT_c,9,frac_variable,1.0
ANPRT_c,9,frac_bidirectional,0.0
ANPRT_c,10,minimum,0.00011090115244607898
ANPRT_c,10,maximum,1.0928842037995898
ANPRT_c,10,mean_range,0.6323192565450232
ANPRT_c,10,mean_midpoint,0.31759416053718326
ANPRT_c,10,median_range,0.669044879171218
ANPRT_c,10,median_midpoint,0.3367404626344926
ANPRT_c,10,std_range,0.28873359606172305
ANPRT_c,10,frac_fixed,0.0
ANPRT_c,10,frac_variable,1.0
ANPRT_c,10,frac_bidirectional,0.0
ANPRT_c,11,minimum,0.002994331116044132
ANPRT_c,11,maximum,0.5159287384828417
ANPRT_c,11,mean_range,0.3300778107097563
ANPRT_c,11,mean_midpoint,0.16867893290240174
ANPRT_c,11,median_range,0.3345224395857895
ANPRT_c,11,median_midpoint,0.17114276012850752
ANPRT_c,11,std_range,0.12459793595493714
ANPRT_c,11,frac_fixed,0.0
ANPRT_c,11,frac_variable,1.0
ANPRT_c,11,frac_bidirectional,0.0
PRFGS_c,1,minimum,0.011925135217989455
PRFGS_c,1,maximum,0.01192513521801171
PRFGS_c,1,mean_range,-4.453680641335153e-15
PRFGS_c,1,mean_midpoint,0.011925135217994192
PRFGS_c,1,median_range,3.7470027081099033e-16
PRFGS_c,1,median_midpoint,0.011925135217995937
PRFGS_c,1,std_range,1.5006226784402315e-14
PRFGS_c,1,frac_fixed,1.0
PRFGS_c,1,frac_variable,0.0
PRFGS_c,1,frac_bidirectional,0.0
PRFGS_c,2,minimum,0.0
PRFGS_c,2,maximum,0.2629629629629606
PRFGS_c,2,mean_range,0.1514814814814818
PRFGS_c,2,mean_midpoint,0.0757407407407409
PRFGS_c,2,median_range,0.15407407407407386
PRFGS_c,2,median_midpoint,0.07703703703703693
PRFGS_c,2,std_range,0.06852212202736468
PRFGS_c,2,frac_fixed,0.0
PRFGS_c,2,frac_variable,1.0
PRFGS_c,2,frac_bidirectional,0.0
PRFGS_c,3,minimum,0.0
PRFGS_c,3,maximum,0.0
PRFGS_c,3,mean_range,0.0
PRFGS_c,3,mean_midpoint,0.0
PRFGS_c,3,median_range,0.0
PRFGS_c,3,median_midpoint,0.0
PRFGS_c,3,std_range,0.0
PRFGS_c,3,frac_fixed,1.0
PRFGS_c,3,frac_variable,0.0
PRFGS_c,3,frac_bidirectional,0.0
PRFGS_c,4,minimum,0.00954010817439672
PRFGS_c,4,maximum,0.01120962710491824
PRFGS_c,4,mean_range,-1.5115749561125178e-15
PRFGS_c,4,mean_midpoint,0.010335075005259424
PRFGS_c,4,median_range,1.6878859421254333e-15
PRFGS_c,4,median_midpoint,0.010255616287481503
PRFGS_c,4,std_range,8.864164552238059e-15
PRFGS_c,4,frac_fixed,1.0
PRFGS_c,4,frac_variable,0.0
PRFGS_c,4,frac_bidirectional,0.0
PRFGS_c,5,minimum,0.011305694083383055
PRFGS_c,5,maximum,0.01184406046831099
PRFGS_c,5,mean_range,-5.10182174284779e-15
PRFGS_c,5,mean_midpoint,0.011571129218647223
PRFGS_c,5,median_range,2.706168622523819e-15
PRFGS_c,5,median_midpoint,0.011567381161456709
PRFGS_c,5,std_range,1.5712051348222622e-14
PRFGS_c,5,frac_fixed,1.0
PRFGS_c,5,frac_variable,0.0
PRFGS_c,5,frac_bidirectional,0.0
PRFGS_c,6,minimum,0.00023850270435943344
PRFGS_c,6,maximum,0.00620107031336814
PRFGS_c,6,mean_range,1.8354158224702565e-15
PRFGS_c,6,mean_midpoint,0.0032228819090615647
PRFGS_c,6,median_range,1.033895191682177e-15
PRFGS_c,6,median_midpoint,0.003230198309545045
PRFGS_c,6,std_range,1.5081460054783477e-14
PRFGS_c,6,frac_fixed,1.0
PRFGS_c,6,frac_variable,0.0
PRFGS_c,6,frac_bidirectional,0.0
PRFGS_c,7,minimum,0.006439573017712852
PRFGS_c,7,maximum,0.00930160547004921
PRFGS_c,7,mean_range,-2.8155475027459355e-15
PRFGS_c,7,mean_midpoint,0.007850291350457764
PRFGS_c,7,median_range,-7.32920668600201e-16
PRFGS_c,7,median_midpoint,0.007870589243882264
PRFGS_c,7,std_range,1.0233116318108944e-14
PRFGS_c,7,frac_fixed,1.0
PRFGS_c,7,frac_variable,0.0
PRFGS_c,7,frac_bidirectional,0.0
PRFGS_c,8,minimum,0.011448129809179974
PRFGS_c,8,maximum,0.028366506064252395
PRFGS_c,8,mean_range,0.01242845308659994
PRFGS_c,8,mean_midpoint,0.017781607704754347
PRFGS_c,8,median_range,0.008459188127498171
PRFGS_c,8,median_midpoint,0.015916226577382446
PRFGS_c,8,std_range,0.00439765526728384
PRFGS_c,8,frac_fixed,0.0
PRFGS_c,8,frac_variable,1.0
PRFGS_c,8,frac_bidirectional,0.0
PRFGS_c,9,minimum,0.009540108174372083
PRFGS_c,9,maximum,0.0858668222777181
PRFGS_c,9,mean_range,0.048449761767711354
PRFGS_c,9,mean_midpoint,0.03458353033961281
PRFGS_c,9,median_range,0.050755128764708474
PRFGS_c,9,median_midpoint,0.0358716833741896
PRFGS_c,9,std_range,0.019402244698292707
PRFGS_c,9,frac_fixed,0.0
PRFGS_c,9,frac_variable,1.0
PRFGS_c,9,frac_bidirectional,0.0
PRFGS_c,10,minimum,0.00023850270417824504
PRFGS_c,10,maximum,0.2610660346068354
PRFGS_c,10,mean_range,0.13323946356135047
PRFGS_c,10,mean_midpoint,0.06970481987100881
PRFGS_c,10,median_range,0.13733779023705273
PRFGS_c,10,median_midpoint,0.07194553398379203
PRFGS_c,10,std_range,0.061688365383436305
PRFGS_c,10,frac_fixed,0.0
PRFGS_c,10,frac_variable,1.0
PRFGS_c,10,frac_bidirectional,0.0
PRFGS_c,11,minimum,0.006439573017685755
PRFGS_c,11,maximum,0.15502067700182806
PRFGS_c,11,mean_range,0.09163161089554046
PRFGS_c,11,mean_midpoint,0.05364400556003777
PRFGS_c,11,median_range,0.09436879554200783
PRFGS_c,11,median_midpoint,0.055325002099214184
PRFGS_c,11,std_range,0.03542925804444981
PRFGS_c,11,frac_fixed,0.0
PRFGS_c,11,frac_variable,1.0
PRFGS_c,11,frac_bidirectional,0.0
NO3t_e,1,minimum,0.8860237601721597
NO3t_e,1,maximum,2.0
NO3t_e,1,mean_range,0.0
NO3t_e,1,mean_midpoint,1.3554889246551667
NO3t_e,1,median_range,0.0
NO3t_e,1,median_midpoint,1.3199999999999998
NO3t_e,1,std_range,0.0
NO3t_e,1,frac_fixed,1.0
NO3t_e,1,frac_variable,0.0
NO3t_e,1,frac_bidirectional,0.0
NO3t_e,2,minimum,0.040000000000000036
NO3t_e,2,maximum,2.0
NO3t_e,2,mean_range,0.0
NO3t_e,2,mean_midpoint,1.02
NO3t_e,2,median_range,0.0
NO3t_e,2,median_midpoint,1.02
NO3t_e,2,std_range,0.0
NO3t_e,2,frac_fixed,1.0
NO3t_e,2,frac_variable,0.0
NO3t_e,2,frac_bidirectional,0.0
NO3t_e,3,minimum,0.0
NO3t_e,3,maximum,0.0
NO3t_e,3,mean_range,0.0
NO3t_e,3,mean_midpoint,0.0
NO3t_e,3,median_range,0.0
NO3t_e,3,median_midpoint,0.0
NO3t_e,3,std_range,0.0
NO3t_e,3,frac_fixed,1.0
NO3t_e,3,frac_variable,0.0
NO3t_e,3,frac_bidirectional,0.0
NO3t_e,4,minimum,0.7088190081377278
NO3t_e,4,maximum,0.8328623345618301
NO3t_e,4,mean_range,0.0
NO3t_e,4,mean_midpoint,0.7678841246180211
NO3t_e,4,median_range,0.0
NO3t_e,4,median_midpoint,0.7619804337480575
NO3t_e,4,std_range,0.0
NO3t_e,4,frac_fixed,1.0
NO3t_e,4,frac_variable,0.0
NO3t_e,4,frac_bidirectional,0.0
NO3t_e,5,minimum,0.8400000000000001
NO3t_e,5,maximum,0.8799999999999999
NO3t_e,5,mean_range,0.0
NO3t_e,5,mean_midpoint,0.8597215236834974
NO3t_e,5,median_range,0.0
NO3t_e,5,median_midpoint,0.8594430473669951
NO3t_e,5,std_range,0.0
NO3t_e,5,frac_fixed,1.0
NO3t_e,5,frac_variable,0.0
NO3t_e,5,frac_bidirectional,0.0
NO3t_e,6,minimum,0.017720475203443196
NO3t_e,6,maximum,0.46073235528952305
NO3t_e,6,mean_range,0.0
NO3t_e,6,mean_midpoint,0.23945639990293416
NO3t_e,6,median_range,0.0
NO3t_e,6,median_midpoint,0.24
NO3t_e,6,std_range,0.0
NO3t_e,6,frac_fixed,1.0
NO3t_e,6,frac_variable,0.0
NO3t_e,6,frac_bidirectional,0.0
NO3t_e,7,minimum,0.4784528304929663
NO3t_e,7,maximum,0.6910985329342846
NO3t_e,7,mean_range,0.0
NO3t_e,7,mean_midpoint,0.5832675716987964
NO3t_e,7,median_range,0.0
NO3t_e,7,median_midpoint,0.5847756817136255
NO3t_e,7,std_range,0.0
NO3t_e,7,frac_fixed,1.0
NO3t_e,7,frac_variable,0.0
NO3t_e,7,frac_bidirectional,0.0
NO3t_e,8,minimum,0.8799999999999999
NO3t_e,8,maximum,2.0
NO3t_e,8,mean_range,0.0
NO3t_e,8,mean_midpoint,1.4399999999999997
NO3t_e,8,median_range,0.0
NO3t_e,8,median_midpoint,1.44
NO3t_e,8,std_range,0.0
NO3t_e,8,frac_fixed,1.0
NO3t_e,8,frac_variable,0.0
NO3t_e,8,frac_bidirectional,0.0
NO3t_e,9,minimum,0.72
NO3t_e,9,maximum,2.0
NO3t_e,9,mean_range,0.0
NO3t_e,9,mean_midpoint,1.3944
NO3t_e,9,median_range,0.0
NO3t_e,9,median_midpoint,1.4
NO3t_e,9,std_range,0.0
NO3t_e,9,frac_fixed,1.0
NO3t_e,9,frac_variable,0.0
NO3t_e,9,frac_bidirectional,0.0
NO3t_e,10,minimum,0.040000000000000036
NO3t_e,10,maximum,2.0
NO3t_e,10,mean_range,0.0
NO3t_e,10,mean_midpoint,1.1241450777202073
NO3t_e,10,median_range,0.0
NO3t_e,10,median_midpoint,1.12
NO3t_e,10,std_range,0.0
NO3t_e,10,frac_fixed,1.0
NO3t_e,10,frac_variable,0.0
NO3t_e,10,frac_bidirectional,0.0
NO3t_e,11,minimum,0.48
NO3t_e,11,maximum,2.0
NO3t_e,11,mean_range,0.0
NO3t_e,11,mean_midpoint,1.2998715203426123
NO3t_e,11,median_range,0.0
NO3t_e,11,median_midpoint,1.3199999999999998
NO3t_e,11,std_range,0.0
NO3t_e,11,frac_fixed,1.0
NO3t_e,11,frac_variable,0.0
NO3t_e,11,frac_bidirectional,0.0
PHOt_e,1,minimum,99.99999999992951
PHOt_e,1,maximum,100.0
PHOt_e,1,mean_range,5.05840330862516e-12
PHOt_e,1,mean_midpoint,99.9999999999975
PHOt_e,1,median_range,1.5774048733874224e-12
PHOt_e,1,median_midpoint,99.9999999999992
PHOt_e,1,std_range,1.5308991857003174e-11
PHOt_e,1,frac_fixed,1.0
PHOt_e,1,frac_variable,0.0
PHOt_e,1,frac_bidirectional,0.0
PHOt_e,2,minimum,0.6153846153791767
PHOt_e,2,maximum,100.0
PHOt_e,2,mean_range,99.38461538461556
PHOt_e,2,mean_midpoint,50.30769230769222
PHOt_e,2,median_range,99.38461538461559
PHOt_e,2,median_midpoint,50.30769230769221
PHOt_e,2,std_range,1.2854627348195336e-12
PHOt_e,2,frac_fixed,0.0
PHOt_e,2,frac_variable,1.0
PHOt_e,2,frac_bidirectional,0.0
PHOt_e,3,minimum,0.6153846153811315
PHOt_e,3,maximum,100.0
PHOt_e,3,mean_range,99.38461538461887
PHOt_e,3,mean_midpoint,50.307692307690566
PHOt_e,3,median_range,99.38461538461887
PHOt_e,3,median_midpoint,50.307692307690566
PHOt_e,3,std_range,0.0
PHOt_e,3,frac_fixed,0.0
PHOt_e,3,frac_variable,1.0
PHOt_e,3,frac_bidirectional,0.0
PHOt_e,4,minimum,80.1230769230813
PHOt_e,4,maximum,100.0
PHOt_e,4,mean_range,13.251633611879367
PHOt_e,4,mean_midpoint,93.37418319406032
PHOt_e,4,median_range,13.913846153838307
PHOt_e,4,median_midpoint,93.04307692308085
PHOt_e,4,std_range,4.36334922050474
PHOt_e,4,frac_fixed,0.0
PHOt_e,4,frac_variable,1.0
PHOt_e,4,frac_bidirectional,0.0
PHOt_e,5,minimum,94.83754961336304
PHOt_e,5,maximum,100.0
PHOt_e,5,mean_range,2.950301983632041
PHOt_e,5,mean_midpoint,98.52484900818399
PHOt_e,5,median_range,2.981538461531457
PHOt_e,5,median_midpoint,98.50923076923428
PHOt_e,5,std_range,1.7352892174652526
PHOt_e,5,frac_fixed,0.0
PHOt_e,5,frac_variable,1.0
PHOt_e,5,frac_bidirectional,0.0
PHOt_e,6,minimum,2.603076923081222
PHOt_e,6,maximum,100.0
PHOt_e,6,mean_range,72.52497202569798
PHOt_e,6,mean_midpoint,63.737513987151
PHOt_e,6,median_range,72.4639968137806
PHOt_e,6,median_midpoint,63.7680015931097
PHOt_e,6,std_range,14.697583049700814
PHOt_e,6,frac_fixed,0.0
PHOt_e,6,frac_variable,1.0
PHOt_e,6,frac_bidirectional,0.0
PHOt_e,7,minimum,54.28307692307974
PHOt_e,7,maximum,100.0
PHOt_e,7,mean_range,33.959932791074536
PHOt_e,7,mean_midpoint,83.02003360446272
PHOt_e,7,median_range,33.79076923077329
PHOt_e,7,median_midpoint,83.10461538461335
PHOt_e,7,std_range,7.513286154689829
PHOt_e,7,frac_fixed,0.0
PHOt_e,7,frac_variable,1.0
PHOt_e,7,frac_bidirectional,0.0
PHOt_e,8,minimum,96.02461538457355
PHOt_e,8,maximum,100.0
PHOt_e,8,mean_range,2.981538461540686
PHOt_e,8,mean_midpoint,98.50923076922966
PHOt_e,8,median_range,2.9815384615613
PHOt_e,8,median_midpoint,98.50923076921936
PHOt_e,8,std_range,0.9938461538484941
PHOt_e,8,frac_fixed,0.0
PHOt_e,8,frac_variable,1.0
PHOt_e,8,frac_bidirectional,0.0
PHOt_e,9,minimum,80.12307692302451
PHOt_e,9,maximum,100.0
PHOt_e,9,mean_range,13.055163076919726
PHOt_e,9,mean_midpoint,93.47241846154013
PHOt_e,9,median_range,13.913846153827393
PHOt_e,9,median_midpoint,93.0430769230863
PHOt_e,9,std_range,4.55930689927747
PHOt_e,9,frac_fixed,0.0
PHOt_e,9,frac_variable,1.0
PHOt_e,9,frac_bidirectional,0.0
PHOt_e,10,minimum,2.6030769230576745
PHOt_e,10,maximum,100.0
PHOt_e,10,mean_range,73.6733519330297
PHOt_e,10,mean_midpoint,63.16332403348516
PHOt_e,10,median_range,73.54461538462323
PHOt_e,10,median_midpoint,63.227692307688386
PHOt_e,10,std_range,14.861233847393194
PHOt_e,10,frac_fixed,0.0
PHOt_e,10,frac_variable,1.0
PHOt_e,10,frac_bidirectional,0.0
PHOt_e,11,minimum,54.283076923034145
PHOt_e,11,maximum,100.0
PHOt_e,11,mean_range,34.14404216768104
PHOt_e,11,mean_midpoint,82.92797891615949
PHOt_e,11,median_range,33.79076923077346
PHOt_e,11,median_midpoint,83.10461538461327
PHOt_e,11,std_range,7.436267274404964
PHOt_e,11,frac_fixed,0.0
PHOt_e,11,frac_variable,1.0
PHOt_e,11,frac_bidirectional,0.0
CA_h,1,minimum,-900.7355611541076
CA_h,1,maximum,7.182818359249896
CA_h,1,mean_range,907.9183795129914
CA_h,1,mean_midpoint,-446.77637139725243
CA_h,1,median_range,907.9183795129591
CA_h,1,median_midpoint,-446.7763713972362
CA_h,1,std_range,1.6200478831443367e-10
CA_h,1,frac_fixed,0.0
CA_h,1,frac_variable,1.0
CA_h,1,frac_bidirectional,1.0
CA_h,2,minimum,-1000.0
CA_h,2,maximum,20.0
CA_h,2,mean_range,1020.0
CA_h,2,mean_midpoint,-490.0
CA_h,2,median_range,1020.0
CA_h,2,median_midpoint,-490.0
CA_h,2,std_range,0.0
CA_h,2,frac_fixed,0.0
CA_h,2,frac_variable,1.0
CA_h,2,frac_bidirectional,1.0
CA_h,3,minimum,-1000.0
CA_h,3,maximum,20.0
CA_h,3,mean_range,1020.0
CA_h,3,mean_midpoint,-490.0
CA_h,3,median_range,1020.0
CA_h,3,median_midpoint,-490.0
CA_h,3,std_range,0.0
CA_h,3,frac_fixed,0.0
CA_h,3,frac_variable,1.0
CA_h,3,frac_bidirectional,1.0
CA_h,4,minimum,-995.1158520560763
CA_h,4,maximum,10.652583801327477
CA_h,4,mean_range,1003.8321570219844
CA_h,4,mean_midpoint,-492.4200218210621
CA_h,4,median_range,1004.027226824172
CA_h,4,median_midpoint,-492.40195924338445
CA_h,4,std_range,1.276337813196692
CA_h,4,frac_fixed,0.0
CA_h,4,frac_variable,1.0
CA_h,4,frac_bidirectional,1.0
CA_h,5,minimum,-993.3803023983334
CA_h,5,maximum,8.08398861979417
CA_h,5,mean_range,966.8801697504259
CA_h,5,mean_midpoint,-475.7422544174166
CA_h,5,median_range,971.7731841788482
CA_h,5,median_midpoint,-478.1833089138647
CA_h,5,std_range,32.0400441691602
CA_h,5,frac_fixed,0.0
CA_h,5,frac_variable,1.0
CA_h,5,frac_bidirectional,1.0
CA_h,6,minimum,-1000.0
CA_h,6,maximum,19.971668527160855
CA_h,6,mean_range,1018.3327055196227
CA_h,6,mean_midpoint,-490.4604346498521
CA_h,6,median_range,1019.616288310368
CA_h,6,median_midpoint,-490.191855844816
CA_h,6,std_range,1.9919439650651565
CA_h,6,frac_fixed,0.0
CA_h,6,frac_variable,1.0
CA_h,6,frac_bidirectional,1.0
CA_h,7,minimum,-997.9102192381949
CA_h,7,maximum,15.163278876023583
CA_h,7,mean_range,1009.7713065404511
CA_h,7,mean_midpoint,-491.7747040449663
CA_h,7,median_range,1009.7265859147951
CA_h,7,median_midpoint,-491.7818733466278
CA_h,7,std_range,2.118042556253729
CA_h,7,frac_fixed,0.0
CA_h,7,frac_variable,1.0
CA_h,7,frac_bidirectional,1.0
CA_h,8,minimum,-985.0340908806928
CA_h,8,maximum,7.876771447673246
CA_h,8,mean_range,971.773184178691
CA_h,8,mean_midpoint,-478.18330891378645
CA_h,8,median_range,971.7731841786735
CA_h,8,median_midpoint,-478.1833089137758
CA_h,8,std_range,21.137678149299703
CA_h,8,frac_fixed,0.0
CA_h,8,frac_variable,1.0
CA_h,8,frac_bidirectional,1.0
CA_h,9,minimum,-995.1158520560883
CA_h,9,maximum,10.65258380132926
CA_h,9,mean_range,1003.7746093298913
CA_h,9,mean_midpoint,-492.4255443633428
CA_h,9,median_range,1004.0272268241617
CA_h,9,median_midpoint,-492.401959243391
CA_h,9,std_range,1.3337093293383908
CA_h,9,frac_fixed,0.0
CA_h,9,frac_variable,1.0
CA_h,9,frac_bidirectional,1.0
CA_h,10,minimum,-1000.0
CA_h,10,maximum,19.971668527160855
CA_h,10,mean_range,1018.4493930351209
CA_h,10,mean_midpoint,-490.4317719415823
CA_h,10,median_range,1019.6316908530911
CA_h,10,median_midpoint,-490.18415457345446
CA_h,10,std_range,1.9596968918825692
CA_h,10,frac_fixed,0.0
CA_h,10,frac_variable,1.0
CA_h,10,frac_bidirectional,1.0
CA_h,11,minimum,-997.9102192381976
CA_h,11,maximum,15.163278876029997
CA_h,11,mean_range,1009.8232518575145
CA_h,11,mean_midpoint,-491.7685381099101
CA_h,11,median_range,1009.7265859148004
CA_h,11,median_midpoint,-491.7818733466254
CA_h,11,std_range,2.0969010385170654
CA_h,11,frac_fixed,0.0
CA_h,11,frac_variable,1.0
CA_h,11,frac_bidirectional,1.0
CA_m,1,minimum,-225.88453442296705
CA_m,1,maximum,902.6085004237968
CA_m,1,mean_range,1128.4930348459811
CA_m,1,mean_midpoint,338.36198300009534
CA_m,1,median_range,1128.493034845942
CA_m,1,median_midpoint,338.3619830000623
CA_m,1,std_range,4.935602332949041e-10
CA_m,1,frac_fixed,0.0
CA_m,1,frac_variable,1.0
CA_m,1,frac_bidirectional,1.0
CA_m,2,minimum,-302.62906028386624
CA_m,2,maximum,1000.0
CA_m,2,mean_range,1302.6290602838644
CA_m,2,mean_midpoint,348.6854698580678
CA_m,2,median_range,1302.6290602838649
CA_m,2,median_midpoint,348.68546985806756
CA_m,2,std_range,1.2532394775481106e-12
CA_m,2,frac_fixed,0.0
CA_m,2,frac_variable,1.0
CA_m,2,frac_bidirectional,1.0
CA_m,3,minimum,-302.62906028386453
CA_m,3,maximum,1000.0
CA_m,3,mean_range,1302.6290602838644
CA_m,3,mean_midpoint,348.68546985806773
CA_m,3,median_range,1302.6290602838644
CA_m,3,median_midpoint,348.68546985806773
CA_m,3,std_range,0.0
CA_m,3,frac_fixed,0.0
CA_m,3,frac_variable,1.0
CA_m,3,frac_bidirectional,1.0
CA_m,4,minimum,-257.29080770711585
CA_m,4,maximum,1000.0
CA_m,4,mean_range,1253.5128204653497
CA_m,4,mean_midpoint,373.2435897673251
CA_m,4,median_range,1253.890438763847
CA_m,4,median_midpoint,373.0547806180765
CA_m,4,std_range,2.4881445215986693
CA_m,4,frac_fixed,0.0
CA_m,4,frac_variable,1.0
CA_m,4,frac_bidirectional,1.0
CA_m,5,minimum,-248.9000663838134
CA_m,5,maximum,999.6386043473946
CA_m,5,mean_range,1202.4210807091422
CA_m,5,mean_midpoint,360.8263031219724
CA_m,5,median_range,1207.3211064772013
CA_m,5,median_midpoint,362.07609885658076
CA_m,5,std_range,40.82251743907819
CA_m,5,frac_fixed,0.0
CA_m,5,frac_variable,1.0
CA_m,5,frac_bidirectional,1.0
CA_m,6,minimum,-301.4956039694534
CA_m,6,maximum,1000.0000000000002
CA_m,6,mean_range,1287.3126895103937
CA_m,6,mean_midpoint,356.34365524480324
CA_m,6,median_range,1287.2779191695618
CA_m,6,median_midpoint,356.3610404152191
CA_m,6,std_range,8.381110220078204
CA_m,6,frac_fixed,0.0
CA_m,6,frac_variable,1.0
CA_m,6,frac_bidirectional,1.0
CA_m,7,minimum,-272.0257397945518
CA_m,7,maximum,1000.0
CA_m,7,mean_range,1265.321465281595
CA_m,7,mean_midpoint,367.33926735920267
CA_m,7,median_range,1265.2250019080238
CA_m,7,median_midpoint,367.387499045988
CA_m,7,std_range,4.284356085249931
CA_m,7,frac_fixed,0.0
CA_m,7,frac_variable,1.0
CA_m,7,frac_bidirectional,1.0
CA_m,8,minimum,-246.80677010777842
CA_m,8,maximum,986.6321125803768
CA_m,8,mean_range,1207.3211064769027
CA_m,8,mean_midpoint,362.076098856416
CA_m,8,median_range,1207.3211064768338
CA_m,8,median_midpoint,362.0760988563564
CA_m,8,std_range,26.117776210273405
CA_m,8,frac_fixed,0.0
CA_m,8,frac_variable,1.0
CA_m,8,frac_bidirectional,1.0
CA_m,9,minimum,-257.29080770712255
CA_m,9,maximum,1000.0
CA_m,9,mean_range,1253.4007856360195
CA_m,9,mean_midpoint,373.29960718199027
CA_m,9,median_range,1253.8904387638358
CA_m,9,median_midpoint,373.0547806180821
CA_m,9,std_range,2.599886901186822
CA_m,9,frac_fixed,0.0
CA_m,9,frac_variable,1.0
CA_m,9,frac_bidirectional,1.0
CA_m,10,minimum,-301.4956039694922
CA_m,10,maximum,1000.0
CA_m,10,mean_range,1287.9675385794774
CA_m,10,mean_midpoint,356.0162307102615
CA_m,10,median_range,1287.894128196423
CA_m,10,median_midpoint,356.05293590178854
CA_m,10,std_range,8.47443001071799
CA_m,10,frac_fixed,0.0
CA_m,10,frac_variable,1.0
CA_m,10,frac_bidirectional,1.0
CA_m,11,minimum,-272.0257397946792
CA_m,11,maximum,1000.0
CA_m,11,mean_range,1265.4264513172386
CA_m,11,mean_midpoint,367.2867743413807
CA_m,11,median_range,1265.2250019080407
CA_m,11,median_midpoint,367.3874990459797
CA_m,11,std_range,4.240437046146836
CA_m,11,frac_fixed,0.0
CA_m,11,frac_variable,1.0
CA_m,11,frac_bidirectional,1.0
CO2t_e,1,minimum,0.0
CO2t_e,1,maximum,5.0
CO2t_e,1,mean_range,5.0
CO2t_e,1,mean_midpoint,2.5
CO2t_e,1,median_range,5.0
CO2t_e,1,median_midpoint,2.5
CO2t_e,1,std_range,0.0
CO2t_e,1,frac_fixed,0.0
CO2t_e,1,frac_variable,1.0
CO2t_e,1,frac_bidirectional,0.0
CO2t_e,2,minimum,0.0
CO2t_e,2,maximum,5.0
CO2t_e,2,mean_range,5.0
CO2t_e,2,mean_midpoint,2.5
CO2t_e,2,median_range,5.0
CO2t_e,2,median_midpoint,2.5
CO2t_e,2,std_range,0.0
CO2t_e,2,frac_fixed,0.0
CO2t_e,2,frac_variable,1.0
CO2t_e,2,frac_bidirectional,0.0
CO2t_e,3,minimum,0.0
CO2t_e,3,maximum,5.0
CO2t_e,3,mean_range,5.0
CO2t_e,3,mean_midpoint,2.5
CO2t_e,3,median_range,5.0
CO2t_e,3,median_midpoint,2.5
CO2t_e,3,std_range,0.0
CO2t_e,3,frac_fixed,0.0
CO2t_e,3,frac_variable,1.0
CO2t_e,3,frac_bidirectional,0.0
CO2t_e,4,minimum,0.0
CO2t_e,4,maximum,5.0
CO2t_e,4,mean_range,5.0
CO2t_e,4,mean_midpoint,2.5
CO2t_e,4,median_range,5.0
CO2t_e,4,median_midpoint,2.5
CO2t_e,4,std_range,0.0
CO2t_e,4,frac_fixed,0.0
CO2t_e,4,frac_variable,1.0
CO2t_e,4,frac_bidirectional,0.0
CO2t_e,5,minimum,0.0
CO2t_e,5,maximum,5.0
CO2t_e,5,mean_range,5.0
CO2t_e,5,mean_midpoint,2.5
CO2t_e,5,median_range,5.0
CO2t_e,5,median_midpoint,2.5
CO2t_e,5,std_range,0.0
CO2t_e,5,frac_fixed,0.0
CO2t_e,5,frac_variable,1.0
CO2t_e,5,frac_bidirectional,0.0
CO2t_e,6,minimum,0.0
CO2t_e,6,maximum,5.0
CO2t_e,6,mean_range,5.0
CO2t_e,6,mean_midpoint,2.5
CO2t_e,6,median_range,5.0
CO2t_e,6,median_midpoint,2.5
CO2t_e,6,std_range,0.0
CO2t_e,6,frac_fixed,0.0
CO2t_e,6,frac_variable,1.0
CO2t_e,6,frac_bidirectional,0.0
CO2t_e,7,minimum,0.0
CO2t_e,7,maximum,5.0
CO2t_e,7,mean_range,5.0
CO2t_e,7,mean_midpoint,2.5
CO2t_e,7,median_range,5.0
CO2t_e,7,median_midpoint,2.5
CO2t_e,7,std_range,0.0
CO2t_e,7,frac_fixed,0.0
CO2t_e,7,frac_variable,1.0
CO2t_e,7,frac_bidirectional,0.0
CO2t_e,8,minimum,0.0
CO2t_e,8,maximum,5.0
CO2t_e,8,mean_range,5.0
CO2t_e,8,mean_midpoint,2.5
CO2t_e,8,median_range,5.0
CO2t_e,8,median_midpoint,2.5
CO2t_e,8,std_range,0.0
CO2t_e,8,frac_fixed,0.0
CO2t_e,8,frac_variable,1.0
CO2t_e,8,frac_bidirectional,0.0
CO2t_e,9,minimum,0.0
CO2t_e,9,maximum,5.0
CO2t_e,9,mean_range,5.0
CO2t_e,9,mean_midpoint,2.5
CO2t_e,9,median_range,5.0
CO2t_e,9,median_midpoint,2.5
CO2t_e,9,std_range,0.0
CO2t_e,9,frac_fixed,0.0
CO2t_e,9,frac_variable,1.0
CO2t_e,9,frac_bidirectional,0.0
CO2t_e,10,minimum,0.0
CO2t_e,10,maximum,5.0
CO2t_e,10,mean_range,5.0
CO2t_e,10,mean_midpoint,2.5
CO2t_e,10,median_range,5.0
CO2t_e,10,median_midpoint,2.5
CO2t_e,10,std_range,0.0
CO2t_e,10,frac_fixed,0.0
CO2t_e,10,frac_variable,1.0
CO2t_e,10,frac_bidirectional,0.0
CO2t_e,11,minimum,0.0
CO2t_e,11,maximum,5.0
CO2t_e,11,mean_range,5.0
CO2t_e,11,mean_midpoint,2.5
CO2t_e,11,median_range,5.0
CO2t_e,11,median_midpoint,2.5
CO2t_e,11,std_range,0.0
CO2t_e,11,frac_fixed,0.0
CO2t_e,11,frac_variable,1.0
CO2t_e,11,frac_bidirectional,0.0
NAHCO3CLt_e,1,minimum,3.599392001205331
NAHCO3CLt_e,1,maximum,8.599392001206262
NAHCO3CLt_e,1,mean_range,4.999999999996293
NAHCO3CLt_e,1,mean_midpoint,6.099392001204021
NAHCO3CLt_e,1,median_range,4.999999999999988
NAHCO3CLt_e,1,median_midpoint,6.099392001205851
NAHCO3CLt_e,1,std_range,2.380280973074929e-11
NAHCO3CLt_e,1,frac_fixed,0.0
NAHCO3CLt_e,1,frac_variable,1.0
NAHCO3CLt_e,1,frac_bidirectional,0.0
NAHCO3CLt_e,2,minimum,0.0
NAHCO3CLt_e,2,maximum,20.0
NAHCO3CLt_e,2,mean_range,20.0
NAHCO3CLt_e,2,mean_midpoint,10.0
NAHCO3CLt_e,2,median_range,20.0
NAHCO3CLt_e,2,median_midpoint,10.0
NAHCO3CLt_e,2,std_range,0.0
NAHCO3CLt_e,2,frac_fixed,0.0
NAHCO3CLt_e,2,frac_variable,1.0
NAHCO3CLt_e,2,frac_bidirectional,0.0
NAHCO3CLt_e,3,minimum,0.0
NAHCO3CLt_e,3,maximum,20.0
NAHCO3CLt_e,3,mean_range,20.0
NAHCO3CLt_e,3,mean_midpoint,10.0
NAHCO3CLt_e,3,median_range,20.0
NAHCO3CLt_e,3,median_midpoint,10.0
NAHCO3CLt_e,3,std_range,0.0
NAHCO3CLt_e,3,frac_fixed,0.0
NAHCO3CLt_e,3,frac_variable,1.0
NAHCO3CLt_e,3,frac_bidirectional,0.0
NAHCO3CLt_e,4,minimum,1.879513600965277
NAHCO3CLt_e,4,maximum,11.785842714889581
NAHCO3CLt_e,4,mean_range,8.270972853566512
NAHCO3CLt_e,4,mean_midpoint,6.588262408558359
NAHCO3CLt_e,4,median_range,8.434430379746857
NAHCO3CLt_e,4,median_midpoint,6.612692310910342
NAHCO3CLt_e,4,std_range,1.0770292379738962
NAHCO3CLt_e,4,frac_fixed,0.0
NAHCO3CLt_e,4,frac_variable,1.0
NAHCO3CLt_e,4,frac_bidirectional,0.0
NAHCO3CLt_e,5,minimum,3.152703805153504
NAHCO3CLt_e,5,maximum,9.426979533500003
NAHCO3CLt_e,5,mean_range,5.7282390972261314
NAHCO3CLt_e,5,mean_midpoint,6.208232569454994
NAHCO3CLt_e,5,median_range,5.73594936708903
NAHCO3CLt_e,5,median_midpoint,6.20938492471365
NAHCO3CLt_e,5,std_range,0.42833088279194137
NAHCO3CLt_e,5,frac_fixed,0.0
NAHCO3CLt_e,5,frac_variable,1.0
NAHCO3CLt_e,5,frac_bidirectional,0.0
NAHCO3CLt_e,6,minimum,0.0
NAHCO3CLt_e,6,maximum,20.0
NAHCO3CLt_e,6,mean_range,19.08876069245873
NAHCO3CLt_e,6,mean_midpoint,9.544380346229365
NAHCO3CLt_e,6,median_range,20.0
NAHCO3CLt_e,6,median_midpoint,10.0
NAHCO3CLt_e,6,std_range,1.2286017767296784
NAHCO3CLt_e,6,frac_fixed,0.0
NAHCO3CLt_e,6,frac_variable,1.0
NAHCO3CLt_e,6,frac_bidirectional,0.0
NAHCO3CLt_e,7,minimum,0.0
NAHCO3CLt_e,7,maximum,15.928228642676446
NAHCO3CLt_e,7,mean_range,13.335444869217723
NAHCO3CLt_e,7,mean_midpoint,7.375754230000432
NAHCO3CLt_e,7,median_range,13.340759493670863
NAHCO3CLt_e,7,median_midpoint,7.345978467630664
NAHCO3CLt_e,7,std_range,1.78630040862434
NAHCO3CLt_e,7,frac_fixed,0.0
NAHCO3CLt_e,7,frac_variable,1.0
NAHCO3CLt_e,7,frac_bidirectional,0.0
NAHCO3CLt_e,8,minimum,3.2554163211568903
NAHCO3CLt_e,8,maximum,9.236682143949189
NAHCO3CLt_e,8,mean_range,5.735949367088972
NAHCO3CLt_e,8,mean_midpoint,6.209384924713777
NAHCO3CLt_e,8,median_range,5.735949367091126
NAHCO3CLt_e,8,median_midpoint,6.209384924713891
NAHCO3CLt_e,8,std_range,0.24531645569602914
NAHCO3CLt_e,8,frac_fixed,0.0
NAHCO3CLt_e,8,frac_variable,1.0
NAHCO3CLt_e,8,frac_bidirectional,0.0
NAHCO3CLt_e,9,minimum,1.8795136009605287
NAHCO3CLt_e,9,maximum,11.785842714889782
NAHCO3CLt_e,9,mean_range,8.222476962025027
NAHCO3CLt_e,9,mean_midpoint,6.581014348940034
NAHCO3CLt_e,9,median_range,8.434430379745354
NAHCO3CLt_e,9,median_midpoint,6.61269231090974
NAHCO3CLt_e,9,std_range,1.1253985384294078
NAHCO3CLt_e,9,frac_fixed,0.0
NAHCO3CLt_e,9,frac_variable,1.0
NAHCO3CLt_e,9,frac_bidirectional,0.0
NAHCO3CLt_e,10,minimum,0.0
NAHCO3CLt_e,10,maximum,20.0
NAHCO3CLt_e,10,mean_range,19.15939878293621
NAHCO3CLt_e,10,mean_midpoint,9.579699391468106
NAHCO3CLt_e,10,median_range,20.0
NAHCO3CLt_e,10,median_midpoint,10.0
NAHCO3CLt_e,10,std_range,1.2073063052155555
NAHCO3CLt_e,10,frac_fixed,0.0
NAHCO3CLt_e,10,frac_variable,1.0
NAHCO3CLt_e,10,frac_bidirectional,0.0
NAHCO3CLt_e,11,minimum,0.0
NAHCO3CLt_e,11,maximum,15.928228642677015
NAHCO3CLt_e,11,mean_range,13.382197156804034
NAHCO3CLt_e,11,mean_midpoint,7.381892486008008
NAHCO3CLt_e,11,median_range,13.340759493671994
NAHCO3CLt_e,11,median_midpoint,7.3459784676314674
NAHCO3CLt_e,11,std_range,1.7707946712959566
NAHCO3CLt_e,11,frac_fixed,0.0
NAHCO3CLt_e,11,frac_variable,1.0
NAHCO3CLt_e,11,frac_bidirectional,0.0
