reaction_id,cluster,metric,value
H2Ot_e,1,minimum,-3.39427215189869
H2Ot_e,1,maximum,6.132911392405305
H2Ot_e,1,mean_range,6.185301265822761
H2Ot_e,1,mean_midpoint,1.1169797468354299
H2Ot_e,1,median_range,7.258006329113844
H2Ot_e,1,median_midpoint,1.1546677215190595
H2Ot_e,1,std_range,2.8000023221569434
H2Ot_e,1,frac_fixed,0.0
H2Ot_e,1,frac_variable,1.0
H2Ot_e,1,frac_bidirectional,1.0
H2Ot_e,2,minimum,-1.1577396021699258
H2Ot_e,2,maximum,6.13291139240539
H2Ot_e,2,mean_range,3.864981916817442
H2Ot_e,2,mean_midpoint,4.2004204339961255
H2Ot_e,2,median_range,3.8649819168175643
H2Ot_e,2,median_midpoint,4.200420433996352
H2Ot_e,2,std_range,2.062010471576499
H2Ot_e,2,frac_fixed,0.0
H2Ot_e,2,frac_variable,1.0
H2Ot_e,2,frac_bidirectional,0.16666666666666666
H2Ot_e,3,minimum,-0.011434043312142705
H2Ot_e,3,maximum,-0.0002862944068127149
H2Ot_e,3,mean_range,-2.179345552783666e-12
H2Ot_e,3,mean_midpoint,-0.00583141436955913
H2Ot_e,3,median_range,9.614531393253856e-14
H2Ot_e,3,median_midpoint,-0.005725888121867929
H2Ot_e,3,std_range,9.472262604207237e-12
H2Ot_e,3,frac_fixed,1.0
H2Ot_e,3,frac_variable,0.0
H2Ot_e,3,frac_bidirectional,0.0
H2Ot_e,4,minimum,-0.014028425892462337
H2Ot_e,4,maximum,-0.01145177624613325
H2Ot_e,4,mean_range,-1.0728170488724013e-12
H2Ot_e,4,mean_midpoint,-0.012815649611096526
H2Ot_e,4,median_range,-3.1086244689504383e-13
H2Ot_e,4,median_midpoint,-0.012883248277326231
H2Ot_e,4,std_range,2.7316179303656993e-12
H2Ot_e,4,frac_fixed,1.0
H2Ot_e,4,frac_variable,0.0
H2Ot_e,4,frac_bidirectional,0.0
H2Ot_e,5,minimum,0.00032396755403851785
H2Ot_e,5,maximum,3.6740209473204875
H2Ot_e,5,mean_range,0.057481930154886896
H2Ot_e,5,mean_midpoint,1.8625844095570294
H2Ot_e,5,median_range,0.05748193015537906
H2Ot_e,5,median_midpoint,1.8625844095588546
H2Ot_e,5,std_range,0.03555678468163468
H2Ot_e,5,frac_fixed,0.0
H2Ot_e,5,frac_variable,1.0
H2Ot_e,5,frac_bidirectional,0.0
H2Ot_e,6,minimum,-0.18577942729967845
H2Ot_e,6,maximum,5.764077825643536
H2Ot_e,6,mean_range,0.9180536128903809
H2Ot_e,6,mean_midpoint,2.391200096037923
H2Ot_e,6,median_range,0.8327151184183634
H2Ot_e,6,median_midpoint,2.156692154013352
H2Ot_e,6,std_range,0.5307193012262901
H2Ot_e,6,frac_fixed,0.0
H2Ot_e,6,frac_variable,1.0
H2Ot_e,6,frac_bidirectional,0.03208556149732621
H2Ot_e,7,minimum,-0.9813392841930053
H2Ot_e,7,maximum,2.1986866802697307
H2Ot_e,7,mean_range,1.4630540213272833
H2Ot_e,7,mean_midpoint,0.32041436443069743
H2Ot_e,7,median_range,1.5240016654056916
H2Ot_e,7,median_midpoint,0.2331646297740413
H2Ot_e,7,std_range,0.7207222322210654
H2Ot_e,7,frac_fixed,0.0
H2Ot_e,7,frac_variable,1.0
H2Ot_e,7,frac_bidirectional,1.0
H2Ot_e,8,minimum,-3.3297258653188706
H2Ot_e,8,maximum,6.009966870151601
H2Ot_e,8,mean_range,4.210362129997209
H2Ot_e,8,mean_midpoint,0.7248721901926521
H2Ot_e,8,median_range,4.110549280522756
H2Ot_e,8,median_midpoint,0.6623339231654195
H2Ot_e,8,std_range,2.43670466580955
H2Ot_e,8,frac_fixed,0.0
H2Ot_e,8,frac_variable,1.0
H2Ot_e,8,frac_bidirectional,1.0
H2Ot_e,9,minimum,-1.384527357049949
H2Ot_e,9,maximum,6.009966870151901
H2Ot_e,9,mean_range,3.438484711565173
H2Ot_e,9,mean_midpoint,3.0209094486976173
H2Ot_e,9,median_range,3.271873486229266
H2Ot_e,9,median_midpoint,2.885623447395314
H2Ot_e,9,std_range,1.5346298547456054
H2Ot_e,9,frac_fixed,0.0
H2Ot_e,9,frac_variable,1.0
H2Ot_e,9,frac_bidirectional,0.26616915422885573
H2Ot_e,10,minimum,-0.014314720306481288
H2Ot_e,10,maximum,6.009966870149803
H2Ot_e,10,mean_range,-7.622141400427763e-13
H2Ot_e,10,mean_midpoint,3.002344117188171
H2Ot_e,10,median_range,-3.6193270602780103e-13
H2Ot_e,10,median_midpoint,2.9978260749218455
H2Ot_e,10,std_range,4.990289714561034e-12
H2Ot_e,10,frac_fixed,1.0
H2Ot_e,10,frac_variable,0.0
H2Ot_e,10,frac_bidirectional,0.0
H2Ot_e,11,minimum,6.132911392405958
H2Ot_e,11,maximum,6.132911392405081
H2Ot_e,11,mean_range,-8.775202786637237e-13
H2Ot_e,11,mean_midpoint,6.13291139240552
H2Ot_e,11,median_range,-8.775202786637237e-13
H2Ot_e,11,median_midpoint,6.13291139240552
H2Ot_e,11,std_range,0.0
H2Ot_e,11,frac_fixed,1.0
H2Ot_e,11,frac_variable,0.0
H2Ot_e,11,frac_bidirectional,0.0
H2Ot_e,12,minimum,1.255529014088097e-11
H2Ot_e,12,maximum,0.0
H2Ot_e,12,mean_range,-1.255529014088097e-11
H2Ot_e,12,mean_midpoint,6.277645070440485e-12
H2Ot_e,12,median_range,-1.255529014088097e-11
H2Ot_e,12,median_midpoint,6.277645070440485e-12
H2Ot_e,12,std_range,0.0
H2Ot_e,12,frac_fixed,1.0
H2Ot_e,12,frac_variable,0.0
H2Ot_e,12,frac_bidirectional,0.0
EX_h2o_e,1,minimum,-6.132911392405106
EX_h2o_e,1,maximum,3.3942721518985337
EX_h2o_e,1,mean_range,6.185301265822982
EX_h2o_e,1,mean_midpoint,-1.1169797468353382
EX_h2o_e,1,median_range,7.258006329113883
EX_h2o_e,1,median_midpoint,-1.1546677215190257
EX_h2o_e,1,std_range,2.800002322156871
EX_h2o_e,1,frac_fixed,0.0
EX_h2o_e,1,frac_variable,1.0
EX_h2o_e,1,frac_bidirectional,1.0
EX_h2o_e,2,minimum,-6.132911392405163
EX_h2o_e,2,maximum,1.157739602170011
EX_h2o_e,2,mean_range,3.864981916817253
EX_h2o_e,2,mean_midpoint,-4.2004204339964515
EX_h2o_e,2,median_range,3.8649819168174275
EX_h2o_e,2,median_midpoint,-4.200420433996378
EX_h2o_e,2,std_range,2.062010471577087
EX_h2o_e,2,frac_fixed,0.0
EX_h2o_e,2,frac_variable,1.0
EX_h2o_e,2,frac_bidirectional,0.16666666666666666
EX_h2o_e,3,minimum,0.0002862944061796102
EX_h2o_e,3,maximum,0.011434043312236852
EX_h2o_e,3,mean_range,-1.0462280936774234e-14
EX_h2o_e,3,mean_midpoint,0.005831414370351952
EX_h2o_e,3,median_range,-1.2323475573339238e-14
EX_h2o_e,3,median_midpoint,0.005725888122821043
EX_h2o_e,3,std_range,2.0385760767539588e-13
EX_h2o_e,3,frac_fixed,1.0
EX_h2o_e,3,frac_variable,0.0
EX_h2o_e,3,frac_bidirectional,0.0
EX_h2o_e,4,minimum,0.01145177624555771
EX_h2o_e,4,maximum,0.014028425900757036
EX_h2o_e,4,mean_range,8.560673537571207e-14
EX_h2o_e,4,mean_midpoint,0.01281564961112985
EX_h2o_e,4,median_range,9.237055564881302e-14
EX_h2o_e,4,median_midpoint,0.012883248276537529
EX_h2o_e,4,std_range,2.3076276402114677e-13
EX_h2o_e,4,frac_fixed,1.0
EX_h2o_e,4,frac_variable,0.0
EX_h2o_e,4,frac_bidirectional,0.0
EX_h2o_e,5,minimum,-3.674020947320301
EX_h2o_e,5,maximum,-0.0003239675595354541
EX_h2o_e,5,mean_range,0.05748193015407749
EX_h2o_e,5,mean_midpoint,-1.862584409556827
EX_h2o_e,5,median_range,0.057481930154212435
EX_h2o_e,5,median_midpoint,-1.8625844095563846
EX_h2o_e,5,std_range,0.03555678468131801
EX_h2o_e,5,frac_fixed,0.0
EX_h2o_e,5,frac_variable,1.0
EX_h2o_e,5,frac_bidirectional,0.0
EX_h2o_e,6,minimum,-5.764077825642104
EX_h2o_e,6,maximum,0.18577942729973884
EX_h2o_e,6,mean_range,0.9180536128898549
EX_h2o_e,6,mean_midpoint,-2.391200096038059
EX_h2o_e,6,median_range,0.8327151184186157
EX_h2o_e,6,median_midpoint,-2.156692154013866
EX_h2o_e,6,std_range,0.530719301226411
EX_h2o_e,6,frac_fixed,0.0
EX_h2o_e,6,frac_variable,1.0
EX_h2o_e,6,frac_bidirectional,0.03208556149732621
EX_h2o_e,7,minimum,-2.1986866802699296
EX_h2o_e,7,maximum,0.9813392841866566
EX_h2o_e,7,mean_range,1.4630540213280223
EX_h2o_e,7,mean_midpoint,-0.32041436443101246
EX_h2o_e,7,median_range,1.524001665408104
EX_h2o_e,7,median_midpoint,-0.23316462977424024
EX_h2o_e,7,std_range,0.720722232220747
EX_h2o_e,7,frac_fixed,0.0
EX_h2o_e,7,frac_variable,1.0
EX_h2o_e,7,frac_bidirectional,1.0
EX_h2o_e,8,minimum,-6.0099668701536615
EX_h2o_e,8,maximum,3.329725865319155
EX_h2o_e,8,mean_range,4.210362129997305
EX_h2o_e,8,mean_midpoint,-0.7248721901926664
EX_h2o_e,8,median_range,4.110549280524019
EX_h2o_e,8,median_midpoint,-0.6623339231663721
EX_h2o_e,8,std_range,2.4367046658094664
EX_h2o_e,8,frac_fixed,0.0
EX_h2o_e,8,frac_variable,1.0
EX_h2o_e,8,frac_bidirectional,1.0
EX_h2o_e,9,minimum,-6.009966870151061
EX_h2o_e,9,maximum,1.3845273570506045
EX_h2o_e,9,mean_range,3.4384847115651502
EX_h2o_e,9,mean_midpoint,-3.0209094486975907
EX_h2o_e,9,median_range,3.271873486229504
EX_h2o_e,9,median_midpoint,-2.8856234473949884
EX_h2o_e,9,std_range,1.5346298547455457
EX_h2o_e,9,frac_fixed,0.0
EX_h2o_e,9,frac_variable,1.0
EX_h2o_e,9,frac_bidirectional,0.26616915422885573
EX_h2o_e,10,minimum,-6.0099668701506275
EX_h2o_e,10,maximum,0.014314720307288198
EX_h2o_e,10,mean_range,5.2510841203734236e-14
EX_h2o_e,10,mean_midpoint,-3.0023441171882013
EX_h2o_e,10,median_range,1.7763568394002505e-15
EX_h2o_e,10,median_midpoint,-2.9978260749220604
EX_h2o_e,10,std_range,1.619426416921221e-12
EX_h2o_e,10,frac_fixed,1.0
EX_h2o_e,10,frac_variable,0.0
EX_h2o_e,10,frac_bidirectional,0.0
EX_h2o_e,11,minimum,-6.132911392405106
EX_h2o_e,11,maximum,-6.132911392405099
EX_h2o_e,11,mean_range,7.105427357601002e-15
EX_h2o_e,11,mean_midpoint,-6.132911392405102
EX_h2o_e,11,median_range,7.105427357601002e-15
EX_h2o_e,11,median_midpoint,-6.132911392405102
EX_h2o_e,11,std_range,0.0
EX_h2o_e,11,frac_fixed,1.0
EX_h2o_e,11,frac_variable,0.0
EX_h2o_e,11,frac_bidirectional,0.0
EX_h2o_e,12,minimum,0.0
EX_h2o_e,12,maximum,0.0
EX_h2o_e,12,mean_range,0.0
EX_h2o_e,12,mean_midpoint,0.0
EX_h2o_e,12,median_range,0.0
EX_h2o_e,12,median_midpoint,0.0
EX_h2o_e,12,std_range,0.0
EX_h2o_e,12,frac_fixed,1.0
EX_h2o_e,12,frac_variable,0.0
EX_h2o_e,12,frac_bidirectional,0.0
DM_for_c,1,minimum,0.0
DM_for_c,1,maximum,12.265822784810126
DM_for_c,1,mean_range,6.378227848101276
DM_for_c,1,mean_midpoint,3.189113924050638
DM_for_c,1,median_range,6.378227848101261
DM_for_c,1,median_midpoint,3.1891139240506305
DM_for_c,1,std_range,3.5380042389109945
DM_for_c,1,frac_fixed,0.0
DM_for_c,1,frac_variable,1.0
DM_for_c,1,frac_bidirectional,0.0
DM_for_c,2,minimum,0.981265822784799
DM_for_c,2,maximum,24.041012658227828
DM_for_c,2,mean_range,6.13291139240507
DM_for_c,2,mean_midpoint,15.33227848101265
DM_for_c,2,median_range,6.132911392405095
DM_for_c,2,median_midpoint,15.332278481012654
DM_for_c,2,std_range,3.3962525414209273
DM_for_c,2,frac_fixed,0.0
DM_for_c,2,frac_variable,1.0
DM_for_c,2,frac_bidirectional,0.0
DM_for_c,3,minimum,0.0
DM_for_c,3,maximum,1.4308269467248197e-12
DM_for_c,3,mean_range,8.052579675933178e-14
DM_for_c,3,mean_midpoint,4.026289837966589e-14
DM_for_c,3,median_range,0.0
DM_for_c,3,median_midpoint,0.0
DM_for_c,3,std_range,2.893225482537276e-13
DM_for_c,3,frac_fixed,1.0
DM_for_c,3,frac_variable,0.0
DM_for_c,3,frac_bidirectional,0.0
DM_for_c,4,minimum,0.0
DM_for_c,4,maximum,0.0
DM_for_c,4,mean_range,0.0
DM_for_c,4,mean_midpoint,0.0
DM_for_c,4,median_range,0.0
DM_for_c,4,median_midpoint,0.0
DM_for_c,4,std_range,0.0
DM_for_c,4,frac_fixed,1.0
DM_for_c,4,frac_variable,0.0
DM_for_c,4,frac_bidirectional,0.0
DM_for_c,5,minimum,0.31734357637093746
DM_for_c,5,maximum,14.713660921037208
DM_for_c,5,mean_range,0.04598554412289152
DM_for_c,5,mean_midpoint,7.535831810397552
DM_for_c,5,median_range,0.0459855441230943
DM_for_c,5,median_midpoint,7.535831810397292
DM_for_c,5,std_range,0.028445427744716242
DM_for_c,5,frac_fixed,0.0
DM_for_c,5,frac_variable,1.0
DM_for_c,5,frac_bidirectional,0.0
DM_for_c,6,minimum,0.4186660110906891
DM_for_c,6,maximum,23.03441622676217
DM_for_c,6,mean_range,1.3099118346980512
DM_for_c,6,mean_midpoint,9.466616712855226
DM_for_c,6,median_range,1.163906504280054
DM_for_c,6,median_midpoint,8.696749730560224
DM_for_c,6,std_range,0.8679156073857407
DM_for_c,6,frac_fixed,0.0
DM_for_c,6,frac_variable,1.0
DM_for_c,6,frac_bidirectional,0.0
DM_for_c,7,minimum,0.0
DM_for_c,7,maximum,5.2903131698613555
DM_for_c,7,mean_range,1.7509032842864232
DM_for_c,7,mean_midpoint,1.0764271619553438
DM_for_c,7,median_range,1.6332337327302493
DM_for_c,7,median_midpoint,0.8166168663651246
DM_for_c,7,std_range,1.1032517229865408
DM_for_c,7,frac_fixed,0.0
DM_for_c,7,frac_variable,1.0
DM_for_c,7,frac_bidirectional,0.0
DM_for_c,8,minimum,0.0
DM_for_c,8,maximum,11.60320203339376
DM_for_c,8,mean_range,4.248567310536841
DM_for_c,8,mean_midpoint,2.1243443942441718
DM_for_c,8,median_range,3.8690756530441908
DM_for_c,8,median_midpoint,1.9345378265220954
DM_for_c,8,std_range,2.8449532271608056
DM_for_c,8,frac_fixed,0.0
DM_for_c,8,frac_variable,1.0
DM_for_c,8,frac_bidirectional,0.0
DM_for_c,9,minimum,0.04533479662439468
DM_for_c,9,maximum,23.869024818203744
DM_for_c,9,mean_range,5.441353273320831
DM_for_c,9,mean_midpoint,10.811550290283492
DM_for_c,9,median_range,5.16697408432799
DM_for_c,9,median_midpoint,10.041314563652751
DM_for_c,9,std_range,2.5260012035998956
DM_for_c,9,frac_fixed,0.0
DM_for_c,9,frac_variable,1.0
DM_for_c,9,frac_bidirectional,0.0
DM_for_c,10,minimum,0.0
DM_for_c,10,maximum,24.041012658227697
DM_for_c,10,mean_range,-1.4579462298682735e-13
DM_for_c,10,mean_midpoint,12.03853641447542
DM_for_c,10,median_range,1.3322676295501878e-14
DM_for_c,10,median_midpoint,12.020506329114191
DM_for_c,10,std_range,2.3073874542101014e-12
DM_for_c,10,frac_fixed,1.0
DM_for_c,10,frac_variable,0.0
DM_for_c,10,frac_bidirectional,0.0
DM_for_c,11,minimum,24.53164556962021
DM_for_c,11,maximum,24.53164556962023
DM_for_c,11,mean_range,2.1316282072803006e-14
DM_for_c,11,mean_midpoint,24.53164556962022
DM_for_c,11,median_range,2.1316282072803006e-14
DM_for_c,11,median_midpoint,24.53164556962022
DM_for_c,11,std_range,0.0
DM_for_c,11,frac_fixed,1.0
DM_for_c,11,frac_variable,0.0
DM_for_c,11,frac_bidirectional,0.0
DM_for_c,12,minimum,0.0
DM_for_c,12,maximum,0.0
DM_for_c,12,mean_range,0.0
DM_for_c,12,mean_midpoint,0.0
DM_for_c,12,median_range,0.0
DM_for_c,12,median_midpoint,0.0
DM_for_c,12,std_range,0.0
DM_for_c,12,frac_fixed,1.0
DM_for_c,12,frac_variable,0.0
DM_for_c,12,frac_bidirectional,0.0
MTOBTA_c,1,minimum,-1.5165017261219846
MTOBTA_c,1,maximum,0.0
MTOBTA_c,1,mean_range,0.9973228998849251
MTOBTA_c,1,mean_midpoint,-0.49866144994246253
MTOBTA_c,1,median_range,1.1596777905638334
MTOBTA_c,1,median_midpoint,-0.5798388952819167
MTOBTA_c,1,std_range,0.42663968367144806
MTOBTA_c,1,frac_fixed,0.0
MTOBTA_c,1,frac_variable,1.0
MTOBTA_c,1,frac_bidirectional,0.0
MTOBTA_c,2,minimum,-1.0704718066743288
MTOBTA_c,2,maximum,0.0
MTOBTA_c,2,mean_range,0.5575373993095544
MTOBTA_c,2,mean_midpoint,-0.2787686996547772
MTOBTA_c,2,median_range,0.5575373993095523
MTOBTA_c,2,median_midpoint,-0.27876869965477613
MTOBTA_c,2,std_range,0.3087502310382623
MTOBTA_c,2,frac_fixed,0.0
MTOBTA_c,2,frac_variable,1.0
MTOBTA_c,2,frac_bidirectional,0.0
MTOBTA_c,3,minimum,7.378384128343951e-05
MTOBTA_c,3,maximum,0.0029467835183692253
MTOBTA_c,3,mean_range,-1.241369295666077e-15
MTOBTA_c,3,mean_midpoint,0.0015028730682857137
MTOBTA_c,3,median_range,0.0
MTOBTA_c,3,median_midpoint,0.0014756768264446345
MTOBTA_c,3,std_range,2.632384619574694e-14
MTOBTA_c,3,frac_fixed,1.0
MTOBTA_c,3,frac_variable,0.0
MTOBTA_c,3,frac_bidirectional,0.0
MTOBTA_c,4,minimum,0.002951353652889269
MTOBTA_c,4,maximum,0.0036154082247893543
MTOBTA_c,4,mean_range,-7.506015040284261e-18
MTOBTA_c,4,mean_midpoint,0.003302851320435306
MTOBTA_c,4,median_range,0.0
MTOBTA_c,4,median_midpoint,0.0033202728595004274
MTOBTA_c,4,std_range,2.3943791454052785e-17
MTOBTA_c,4,frac_fixed,1.0
MTOBTA_c,4,frac_variable,0.0
MTOBTA_c,4,frac_bidirectional,0.0
MTOBTA_c,5,minimum,-0.0052528364902904925
MTOBTA_c,5,maximum,0.0036154082247893543
MTOBTA_c,5,mean_range,0.004180504011221011
MTOBTA_c,5,mean_midpoint,0.00045529052000648895
MTOBTA_c,5,median_range,0.004180504011225446
MTOBTA_c,5,median_midpoint,0.0004552905199778737
MTOBTA_c,5,std_range,0.0025859479767978313
MTOBTA_c,5,frac_fixed,0.0
MTOBTA_c,5,frac_variable,1.0
MTOBTA_c,5,frac_bidirectional,0.75
MTOBTA_c,6,minimum,-0.33303525444647386
MTOBTA_c,6,maximum,0.003467840542144891
MTOBTA_c,6,mean_range,0.11908289406345543
MTOBTA_c,6,mean_midpoint,-0.057571379011824485
MTOBTA_c,6,median_range,0.1058096822073197
MTOBTA_c,6,median_midpoint,-0.05080974338905193
MTOBTA_c,6,std_range,0.07890141885324693
MTOBTA_c,6,frac_fixed,0.0
MTOBTA_c,6,frac_variable,1.0
MTOBTA_c,6,frac_bidirectional,1.0
MTOBTA_c,7,minimum,-0.3927118804267717
MTOBTA_c,7,maximum,0.0035416243834671224
MTOBTA_c,7,mean_range,0.21551357041192526
MTOBTA_c,7,mean_midpoint,-0.10480543155307336
MTOBTA_c,7,median_range,0.2285201642675261
MTOBTA_c,7,median_midpoint,-0.11138251232219602
MTOBTA_c,7,std_range,0.1059217501479965
MTOBTA_c,7,frac_fixed,0.0
MTOBTA_c,7,frac_variable,1.0
MTOBTA_c,7,frac_bidirectional,1.0
MTOBTA_c,8,minimum,-1.4874602085199236
MTOBTA_c,8,maximum,0.0028775698115670366
MTOBTA_c,8,mean_range,0.676687339950415
MTOBTA_c,8,mean_midpoint,-0.3372166250294763
MTOBTA_c,8,median_range,0.6741346644529341
MTOBTA_c,8,median_midpoint,-0.3351798007987754
MTOBTA_c,8,std_range,0.37961389481639046
MTOBTA_c,8,frac_fixed,0.0
MTOBTA_c,8,frac_variable,1.0
MTOBTA_c,8,frac_bidirectional,1.0
MTOBTA_c,9,minimum,-1.0860332810170465
MTOBTA_c,9,maximum,0.0023610829223114148
MTOBTA_c,9,mean_range,0.4946684793927786
MTOBTA_c,9,mean_midpoint,-0.2464983899118583
MTOBTA_c,9,median_range,0.46972491675710737
MTOBTA_c,9,median_midpoint,-0.23401394420334803
MTOBTA_c,9,std_range,0.22963647305454993
MTOBTA_c,9,frac_fixed,0.0
MTOBTA_c,9,frac_variable,1.0
MTOBTA_c,9,frac_bidirectional,1.0
MTOBTA_c,10,minimum,7.378384132223171e-05
MTOBTA_c,10,maximum,0.0036891920661115854
MTOBTA_c,10,mean_range,-2.668009994843415e-16
MTOBTA_c,10,mean_midpoint,0.0018787764989278174
MTOBTA_c,10,median_range,0.0
MTOBTA_c,10,median_midpoint,0.0018814879537169087
MTOBTA_c,10,std_range,1.7793516651258024e-14
MTOBTA_c,10,frac_fixed,1.0
MTOBTA_c,10,frac_variable,0.0
MTOBTA_c,10,frac_bidirectional,0.0
MTOBTA_c,11,minimum,0.0
MTOBTA_c,11,maximum,0.0
MTOBTA_c,11,mean_range,0.0
MTOBTA_c,11,mean_midpoint,0.0
MTOBTA_c,11,median_range,0.0
MTOBTA_c,11,median_midpoint,0.0
MTOBTA_c,11,std_range,0.0
MTOBTA_c,11,frac_fixed,1.0
MTOBTA_c,11,frac_variable,0.0
MTOBTA_c,11,frac_bidirectional,0.0
MTOBTA_c,12,minimum,0.0
MTOBTA_c,12,maximum,0.0
MTOBTA_c,12,mean_range,0.0
MTOBTA_c,12,mean_midpoint,0.0
MTOBTA_c,12,median_range,0.0
MTOBTA_c,12,median_midpoint,0.0
MTOBTA_c,12,std_range,0.0
MTOBTA_c,12,frac_fixed,1.0
MTOBTA_c,12,frac_variable,0.0
MTOBTA_c,12,frac_bidirectional,0.0
ATPt_m,1,minimum,0.0
ATPt_m,1,maximum,688.957513315534
ATPt_m,1,mean_range,666.1139123853914
ATPt_m,1,mean_midpoint,333.0569561926957
ATPt_m,1,median_range,666.7987706001138
ATPt_m,1,median_midpoint,333.3993853000569
ATPt_m,1,std_range,14.315209705451341
ATPt_m,1,frac_fixed,0.0
ATPt_m,1,frac_variable,1.0
ATPt_m,1,frac_bidirectional,0.0
ATPt_m,2,minimum,0.0
ATPt_m,2,maximum,638.1567120135472
ATPt_m,2,mean_range,609.5741170768384
ATPt_m,2,mean_midpoint,304.7870585384192
ATPt_m,2,median_range,609.5741170768385
ATPt_m,2,median_midpoint,304.7870585384193
ATPt_m,2,std_range,17.204700374302668
ATPt_m,2,frac_fixed,0.0
ATPt_m,2,frac_variable,1.0
ATPt_m,2,frac_bidirectional,0.0
ATPt_m,3,minimum,0.0
ATPt_m,3,maximum,689.4319433179136
ATPt_m,3,mean_range,663.3447084514588
ATPt_m,3,mean_midpoint,331.6723542257294
ATPt_m,3,median_range,663.8411608317538
ATPt_m,3,median_midpoint,331.9205804158769
ATPt_m,3,std_range,15.26904821355349
ATPt_m,3,frac_fixed,0.0
ATPt_m,3,frac_variable,1.0
ATPt_m,3,frac_bidirectional,0.0
ATPt_m,4,minimum,0.015027184341001032
ATPt_m,4,maximum,636.9034950568457
ATPt_m,4,mean_range,628.4945622250374
ATPt_m,4,mean_midpoint,315.724921940403
ATPt_m,4,median_range,628.6189451826068
ATPt_m,4,median_midpoint,315.8596060217889
ATPt_m,4,std_range,5.419906992143841
ATPt_m,4,frac_fixed,0.0
ATPt_m,4,frac_variable,1.0
ATPt_m,4,frac_bidirectional,0.0
ATPt_m,5,minimum,1.229956983457685
ATPt_m,5,maximum,616.9803412748724
ATPt_m,5,mean_range,602.8299791725628
ATPt_m,5,mean_midpoint,303.5182666485689
ATPt_m,5,median_range,602.8735793032124
ATPt_m,5,median_midpoint,303.5400667138933
ATPt_m,5,std_range,8.09140643230393
ATPt_m,5,frac_fixed,0.0
ATPt_m,5,frac_variable,1.0
ATPt_m,5,frac_bidirectional,0.0
ATPt_m,6,minimum,0.0016873524874700284
ATPt_m,6,maximum,625.6840402126288
ATPt_m,6,mean_range,608.1420799300231
ATPt_m,6,mean_midpoint,305.0616649641787
ATPt_m,6,median_range,609.7803665401655
ATPt_m,6,median_midpoint,306.00352935320825
ATPt_m,6,std_range,11.139556628382003
ATPt_m,6,frac_fixed,0.0
ATPt_m,6,frac_variable,1.0
ATPt_m,6,frac_bidirectional,0.0
ATPt_m,7,minimum,0.031112320269987653
ATPt_m,7,maximum,635.8923630232684
ATPt_m,7,mean_range,628.421473281034
ATPt_m,7,mean_midpoint,315.19875187325505
ATPt_m,7,median_range,628.1677093273424
ATPt_m,7,median_midpoint,315.1631600184806
ATPt_m,7,std_range,3.7905661822799335
ATPt_m,7,frac_fixed,0.0
ATPt_m,7,frac_variable,1.0
ATPt_m,7,frac_bidirectional,0.0
ATPt_m,8,minimum,0.0
ATPt_m,8,maximum,688.2789789522915
ATPt_m,8,mean_range,654.2156429023034
ATPt_m,8,mean_midpoint,327.1078214511517
ATPt_m,8,median_range,652.4951501226744
ATPt_m,8,median_midpoint,326.2475750613372
ATPt_m,8,std_range,13.195678401205159
ATPt_m,8,frac_fixed,0.0
ATPt_m,8,frac_variable,1.0
ATPt_m,8,frac_bidirectional,0.0
ATPt_m,9,minimum,0.0
ATPt_m,9,maximum,639.9691394244844
ATPt_m,9,mean_range,616.7258145087837
ATPt_m,9,mean_midpoint,308.36290725439187
ATPt_m,9,median_range,618.8192996915595
ATPt_m,9,median_midpoint,309.40964984577977
ATPt_m,9,std_range,13.494324726808943
ATPt_m,9,frac_fixed,0.0
ATPt_m,9,frac_variable,1.0
ATPt_m,9,frac_bidirectional,0.0
ATPt_m,10,minimum,0.06163100969094845
ATPt_m,10,maximum,616.768010911677
ATPt_m,10,mean_range,595.471205782234
ATPt_m,10,mean_midpoint,299.3049737734664
ATPt_m,10,median_range,595.515279404982
ATPt_m,10,median_midpoint,299.3292304496181
ATPt_m,10,std_range,10.879280781313717
ATPt_m,10,frac_fixed,0.0
ATPt_m,10,frac_variable,1.0
ATPt_m,10,frac_bidirectional,0.0
ATPt_m,11,minimum,0.0
ATPt_m,11,maximum,576.1325522456704
ATPt_m,11,mean_range,576.1325522456704
ATPt_m,11,mean_midpoint,288.0662761228352
ATPt_m,11,median_range,576.1325522456704
ATPt_m,11,median_midpoint,288.0662761228352
ATPt_m,11,std_range,0.0
ATPt_m,11,frac_fixed,0.0
ATPt_m,11,frac_variable,1.0
ATPt_m,11,frac_bidirectional,0.0
ATPt_m,12,minimum,0.0
ATPt_m,12,maximum,690.7788266066739
ATPt_m,12,mean_range,690.7788266066739
ATPt_m,12,mean_midpoint,345.38941330333694
ATPt_m,12,median_range,690.7788266066739
ATPt_m,12,median_midpoint,345.38941330333694
ATPt_m,12,std_range,0.0
ATPt_m,12,frac_fixed,0.0
ATPt_m,12,frac_variable,1.0
ATPt_m,12,frac_bidirectional,0.0
ATP2t_m,1,minimum,0.0
ATP2t_m,1,maximum,654.9448772395848
ATP2t_m,1,mean_range,635.0934140315308
ATP2t_m,1,mean_midpoint,317.5467070157654
ATP2t_m,1,median_range,635.3298898978124
ATP2t_m,1,median_midpoint,317.6649449489062
ATP2t_m,1,std_range,12.125860422491705
ATP2t_m,1,frac_fixed,0.0
ATP2t_m,1,frac_variable,1.0
ATP2t_m,1,frac_bidirectional,0.0
ATP2t_m,2,minimum,0.0
ATP2t_m,2,maximum,612.2235104477103
ATP2t_m,2,mean_range,590.5155863970773
ATP2t_m,2,mean_midpoint,295.25779319853865
ATP2t_m,2,median_range,590.5155863970772
ATP2t_m,2,median_midpoint,295.2577931985386
ATP2t_m,2,std_range,13.066634777782737
ATP2t_m,2,frac_fixed,0.0
ATP2t_m,2,frac_variable,1.0
ATP2t_m,2,frac_bidirectional,0.0
ATP2t_m,3,minimum,0.0
ATP2t_m,3,maximum,655.4419406158639
ATP2t_m,3,mean_range,633.409799438857
ATP2t_m,3,mean_midpoint,316.7048997194285
ATP2t_m,3,median_range,633.8290814741525
ATP2t_m,3,median_midpoint,316.91454073707627
ATP2t_m,3,std_range,12.895572397825063
ATP2t_m,3,frac_fixed,0.0
ATP2t_m,3,frac_variable,1.0
ATP2t_m,3,frac_bidirectional,0.0
ATP2t_m,4,minimum,0.015027184342014159
ATP2t_m,4,maximum,611.078703430272
ATP2t_m,4,mean_range,603.931205042467
ATP2t_m,4,mean_midpoint,303.4432433491197
ATP2t_m,4,median_range,603.8409754887819
ATP2t_m,4,median_midpoint,303.4706211748763
ATP2t_m,4,std_range,4.415356016796135
ATP2t_m,4,frac_fixed,0.0
ATP2t_m,4,frac_variable,1.0
ATP2t_m,4,frac_bidirectional,0.0
ATP2t_m,5,minimum,1.2299569834579245
ATP2t_m,5,maximum,596.4076493481061
ATP2t_m,5,mean_range,585.1530415055508
ATP2t_m,5,mean_midpoint,294.6797978150625
ATP2t_m,5,median_range,585.153041505544
ATP2t_m,5,median_midpoint,294.67979781505903
ATP2t_m,5,std_range,5.898038983569948
ATP2t_m,5,frac_fixed,0.0
ATP2t_m,5,frac_variable,1.0
ATP2t_m,5,frac_bidirectional,0.0
ATP2t_m,6,minimum,0.0016873524881851811
ATP2t_m,6,maximum,601.1614757171911
ATP2t_m,6,mean_range,588.2907520267838
ATP2t_m,6,mean_midpoint,295.13600101255906
ATP2t_m,6,median_range,589.4650636990859
ATP2t_m,6,median_midpoint,295.8447534964058
ATP2t_m,6,std_range,7.910464442179613
ATP2t_m,6,frac_fixed,0.0
ATP2t_m,6,frac_variable,1.0
ATP2t_m,6,frac_bidirectional,0.0
ATP2t_m,7,minimum,0.031112320274681665
ATP2t_m,7,maximum,610.0447152832855
ATP2t_m,7,mean_range,603.4148679923721
ATP2t_m,7,mean_midpoint,302.69544922892425
ATP2t_m,7,median_range,603.1891657215779
ATP2t_m,7,median_midpoint,302.6104555345779
ATP2t_m,7,std_range,3.1331840419222585
ATP2t_m,7,frac_fixed,0.0
ATP2t_m,7,frac_variable,1.0
ATP2t_m,7,frac_bidirectional,0.0
ATP2t_m,8,minimum,0.0
ATP2t_m,8,maximum,654.3803641611718
ATP2t_m,8,mean_range,624.9432397497118
ATP2t_m,8,mean_midpoint,312.4716198748559
ATP2t_m,8,median_range,623.3572013379962
ATP2t_m,8,median_midpoint,311.6786006689981
ATP2t_m,8,std_range,11.212593370905802
ATP2t_m,8,frac_fixed,0.0
ATP2t_m,8,frac_variable,1.0
ATP2t_m,8,frac_bidirectional,0.0
ATP2t_m,9,minimum,0.0
ATP2t_m,9,maximum,613.5536569693443
ATP2t_m,9,mean_range,595.4241384072167
ATP2t_m,9,mean_midpoint,297.71206920360834
ATP2t_m,9,median_range,596.9119146120468
ATP2t_m,9,median_midpoint,298.4559573060234
ATP2t_m,9,std_range,10.121958218770528
ATP2t_m,9,frac_fixed,0.0
ATP2t_m,9,frac_variable,1.0
ATP2t_m,9,frac_bidirectional,0.0
ATP2t_m,10,minimum,0.06163100969135321
ATP2t_m,10,maximum,596.4566209279121
ATP2t_m,10,mean_range,579.849411612643
ATP2t_m,10,mean_midpoint,291.49407668867156
ATP2t_m,10,median_range,579.8697239698464
ATP2t_m,10,median_midpoint,291.50645273205134
ATP2t_m,10,std_range,7.909356309743633
ATP2t_m,10,frac_fixed,0.0
ATP2t_m,10,frac_variable,1.0
ATP2t_m,10,frac_bidirectional,0.0
ATP2t_m,11,minimum,0.0
ATP2t_m,11,maximum,565.8123709104727
ATP2t_m,11,mean_range,565.8123709104727
ATP2t_m,11,mean_midpoint,282.90618545523637
ATP2t_m,11,median_range,565.8123709104727
ATP2t_m,11,median_midpoint,282.90618545523637
ATP2t_m,11,std_range,0.0
ATP2t_m,11,frac_fixed,0.0
ATP2t_m,11,frac_variable,1.0
ATP2t_m,11,frac_bidirectional,0.0
ATP2t_m,12,minimum,0.0
ATP2t_m,12,maximum,656.5794595180658
ATP2t_m,12,mean_range,656.5794595180658
ATP2t_m,12,mean_midpoint,328.2897297590329
ATP2t_m,12,median_range,656.5794595180658
ATP2t_m,12,median_midpoint,328.2897297590329
ATP2t_m,12,std_range,0.0
ATP2t_m,12,frac_fixed,0.0
ATP2t_m,12,frac_variable,1.0
ATP2t_m,12,frac_bidirectional,0.0
FTHDF_c,1,minimum,0.0
FTHDF_c,1,maximum,304.0701180440735
FTHDF_c,1,mean_range,294.1917798198991
FTHDF_c,1,mean_midpoint,147.09588990994956
FTHDF_c,1,median_range,296.6219826254303
FTHDF_c,1,median_midpoint,148.31099131271515
FTHDF_c,1,std_range,7.995946723928236
FTHDF_c,1,frac_fixed,0.0
FTHDF_c,1,frac_variable,1.0
FTHDF_c,1,frac_bidirectional,0.0
FTHDF_c,2,minimum,0.9812658227847955
FTHDF_c,2,maximum,274.76150543463535
FTHDF_c,2,mean_range,236.21615733336952
FTHDF_c,2,mean_midpoint,130.3739014514949
FTHDF_c,2,median_range,236.40014467514172
FTHDF_c,2,median_midpoint,130.46589512238097
FTHDF_c,2,std_range,22.80762188712913
FTHDF_c,2,frac_fixed,0.0
FTHDF_c,2,frac_variable,1.0
FTHDF_c,2,frac_bidirectional,0.0
FTHDF_c,3,minimum,0.0
FTHDF_c,3,maximum,303.451236493863
FTHDF_c,3,mean_range,280.7736432666948
FTHDF_c,3,mean_midpoint,140.3868216333474
FTHDF_c,3,median_range,281.2052085588657
FTHDF_c,3,median_midpoint,140.60260427943285
FTHDF_c,3,std_range,13.27336017502005
FTHDF_c,3,frac_fixed,0.0
FTHDF_c,3,frac_variable,1.0
FTHDF_c,3,frac_bidirectional,0.0
FTHDF_c,4,minimum,0.0
FTHDF_c,4,maximum,257.78833704833005
FTHDF_c,4,mean_range,250.7358885784843
FTHDF_c,4,mean_midpoint,125.36794428924215
FTHDF_c,4,median_range,251.93411917070358
FTHDF_c,4,median_midpoint,125.96705958535179
FTHDF_c,4,std_range,5.918304507881902
FTHDF_c,4,frac_fixed,0.0
FTHDF_c,4,frac_variable,1.0
FTHDF_c,4,frac_bidirectional,0.0
FTHDF_c,5,minimum,0.16619560749251439
FTHDF_c,5,maximum,227.32406337310127
FTHDF_c,5,mean_range,214.4447698137201
FTHDF_c,5,mean_midpoint,114.62880343649559
FTHDF_c,5,median_range,214.52265190300676
FTHDF_c,5,median_midpoint,114.63648406551204
FTHDF_c,5,std_range,9.000103945078743
FTHDF_c,5,frac_fixed,0.0
FTHDF_c,5,frac_variable,1.0
FTHDF_c,5,frac_bidirectional,0.0
FTHDF_c,6,minimum,0.28602595676894405
FTHDF_c,6,maximum,256.08790745892776
FTHDF_c,6,mean_range,230.12913838191687
FTHDF_c,6,mean_midpoint,123.79386811714095
FTHDF_c,6,median_range,232.16121058644197
FTHDF_c,6,median_midpoint,125.2970714070623
FTHDF_c,6,std_range,15.629073892490059
FTHDF_c,6,frac_fixed,0.0
FTHDF_c,6,frac_variable,1.0
FTHDF_c,6,frac_bidirectional,0.0
FTHDF_c,7,minimum,0.0
FTHDF_c,7,maximum,259.4375699524845
FTHDF_c,7,mean_range,254.30781789826878
FTHDF_c,7,mean_midpoint,127.32499216590195
FTHDF_c,7,median_range,254.99014575026183
FTHDF_c,7,median_midpoint,127.89064519499415
FTHDF_c,7,std_range,4.371010531553066
FTHDF_c,7,frac_fixed,0.0
FTHDF_c,7,frac_variable,1.0
FTHDF_c,7,frac_bidirectional,0.0
FTHDF_c,8,minimum,0.0
FTHDF_c,8,maximum,303.1724220564148
FTHDF_c,8,mean_range,280.8688496696849
FTHDF_c,8,mean_midpoint,140.43442483484245
FTHDF_c,8,median_range,280.9517277146271
FTHDF_c,8,median_midpoint,140.47586385731356
FTHDF_c,8,std_range,10.855843388398169
FTHDF_c,8,frac_fixed,0.0
FTHDF_c,8,frac_variable,1.0
FTHDF_c,8,frac_bidirectional,0.0
FTHDF_c,9,minimum,0.023742229642392025
FTHDF_c,9,maximum,276.181311662449
FTHDF_c,9,mean_range,244.40724946436572
FTHDF_c,9,mean_midpoint,130.25955433817293
FTHDF_c,9,median_range,246.96631080634347
FTHDF_c,9,median_midpoint,130.20418981908978
FTHDF_c,9,std_range,17.51002248379695
FTHDF_c,9,frac_fixed,0.0
FTHDF_c,9,frac_variable,1.0
FTHDF_c,9,frac_bidirectional,0.0
FTHDF_c,10,minimum,0.0
FTHDF_c,10,maximum,225.65212510592855
FTHDF_c,10,mean_range,205.8195969870886
FTHDF_c,10,mean_midpoint,114.87167051351788
FTHDF_c,10,median_range,205.8831106487782
FTHDF_c,10,median_midpoint,114.88340301663774
FTHDF_c,10,std_range,11.915457828006346
FTHDF_c,10,frac_fixed,0.0
FTHDF_c,10,frac_variable,1.0
FTHDF_c,10,frac_bidirectional,0.0
FTHDF_c,11,minimum,24.531645569620224
FTHDF_c,11,maximum,209.1445057327949
FTHDF_c,11,mean_range,184.61286016317467
FTHDF_c,11,mean_midpoint,116.83807565120756
FTHDF_c,11,median_range,184.61286016317467
FTHDF_c,11,median_midpoint,116.83807565120756
FTHDF_c,11,std_range,0.0
FTHDF_c,11,frac_fixed,0.0
FTHDF_c,11,frac_variable,1.0
FTHDF_c,11,frac_bidirectional,0.0
FTHDF_c,12,minimum,0.0
FTHDF_c,12,maximum,304.62208006939
FTHDF_c,12,mean_range,304.62208006939
FTHDF_c,12,mean_midpoint,152.311040034695
FTHDF_c,12,median_range,304.62208006939
FTHDF_c,12,median_midpoint,152.311040034695
FTHDF_c,12,std_range,0.0
FTHDF_c,12,frac_fixed,0.0
FTHDF_c,12,frac_variable,1.0
FTHDF_c,12,frac_bidirectional,0.0
ATPS_m,1,minimum,-7.848409183313901
ATPS_m,1,maximum,458.70762949611003
ATPS_m,1,mean_range,452.6053974812367
ATPS_m,1,mean_midpoint,220.677979821709
ATPS_m,1,median_range,453.14403184884304
ATPS_m,1,median_midpoint,220.68613838667721
ATPS_m,1,std_range,8.953176988535777
ATPS_m,1,frac_fixed,0.0
ATPS_m,1,frac_variable,1.0
ATPS_m,1,frac_bidirectional,1.0
ATPS_m,2,minimum,0.8463283746855143
ATPS_m,2,maximum,433.38550874149576
ATPS_m,2,mean_range,386.619530330681
ATPS_m,2,mean_midpoint,227.7494420894233
ATPS_m,2,median_range,386.676735295548
ATPS_m,2,median_midpoint,227.77518539751995
ATPS_m,2,std_range,27.721044249522436
ATPS_m,2,frac_fixed,0.0
ATPS_m,2,frac_variable,1.0
ATPS_m,2,frac_bidirectional,0.0
ATPS_m,3,minimum,-7.811518500377639
ATPS_m,3,maximum,458.41662650250584
ATPS_m,3,mean_range,438.8918024191457
ATPS_m,3,mean_midpoint,215.51652648370165
ATPS_m,3,median_range,439.41202590828016
ATPS_m,3,median_midpoint,215.70275920171093
ATPS_m,3,std_range,16.000160041105314
ATPS_m,3,frac_fixed,0.0
ATPS_m,3,frac_variable,1.0
ATPS_m,3,frac_bidirectional,1.0
ATPS_m,4,minimum,0.0054459822558090565
ATPS_m,4,maximum,411.18997810673125
ATPS_m,4,mean_range,402.7025797787726
ATPS_m,4,mean_midpoint,204.06991183860845
ATPS_m,4,median_range,404.1276586785177
ATPS_m,4,median_midpoint,204.08195497090554
ATPS_m,4,std_range,7.015385312151802
ATPS_m,4,frac_fixed,0.0
ATPS_m,4,frac_variable,1.0
ATPS_m,4,frac_bidirectional,0.0
ATPS_m,5,minimum,23.974350662402188
ATPS_m,5,maximum,404.42482447560053
ATPS_m,5,mean_range,361.6357640961048
ATPS_m,5,mean_midpoint,221.2343408061169
ATPS_m,5,median_range,361.65990665006245
ATPS_m,5,median_midpoint,221.24641208309583
ATPS_m,5,std_range,9.77682524315664
ATPS_m,5,frac_fixed,0.0
ATPS_m,5,frac_variable,1.0
ATPS_m,5,frac_bidirectional,0.0
ATPS_m,6,minimum,2.5134792853531476
ATPS_m,6,maximum,410.75345069709067
ATPS_m,6,mean_range,377.81310067313234
ATPS_m,6,mean_midpoint,217.2256810460151
ATPS_m,6,median_range,379.587071366267
ATPS_m,6,median_midpoint,215.7827345337052
ATPS_m,6,std_range,16.97388759978579
ATPS_m,6,frac_fixed,0.0
ATPS_m,6,frac_variable,1.0
ATPS_m,6,frac_bidirectional,0.0
ATPS_m,7,minimum,0.019935657326687894
ATPS_m,7,maximum,411.1790534920167
ATPS_m,7,mean_range,405.4541420745294
ATPS_m,7,mean_midpoint,204.6382209900722
ATPS_m,7,median_range,406.0213360085884
ATPS_m,7,median_midpoint,204.6552168141519
ATPS_m,7,std_range,4.920844438680426
ATPS_m,7,frac_fixed,0.0
ATPS_m,7,frac_variable,1.0
ATPS_m,7,frac_bidirectional,0.0
ATPS_m,8,minimum,-7.705364963122223
ATPS_m,8,maximum,457.81918175045934
ATPS_m,8,mean_range,436.1568074010061
ATPS_m,8,mean_midpoint,214.6888642087303
ATPS_m,8,median_range,436.1714425457493
ATPS_m,8,median_midpoint,214.78448089041487
ATPS_m,8,std_range,12.787274633665659
ATPS_m,8,frac_fixed,0.0
ATPS_m,8,frac_variable,1.0
ATPS_m,8,frac_bidirectional,0.9754816112084063
ATPS_m,9,minimum,-0.580344922647847
ATPS_m,9,maximum,433.59152073072585
ATPS_m,9,mean_range,395.3322704416994
ATPS_m,9,mean_midpoint,220.03288773401266
ATPS_m,9,median_range,398.188747271343
ATPS_m,9,median_midpoint,219.15833245331248
ATPS_m,9,std_range,21.006557005725803
ATPS_m,9,frac_fixed,0.0
ATPS_m,9,frac_variable,1.0
ATPS_m,9,frac_bidirectional,0.012437810945273632
ATPS_m,10,minimum,24.946146872296044
ATPS_m,10,maximum,407.19288931000256
ATPS_m,10,mean_range,352.3062777707687
ATPS_m,10,mean_midpoint,227.3019360392684
ATPS_m,10,median_range,352.3793978518397
ATPS_m,10,median_midpoint,227.2992019890729
ATPS_m,10,std_range,12.947170029973615
ATPS_m,10,frac_fixed,0.0
ATPS_m,10,frac_variable,1.0
ATPS_m,10,frac_bidirectional,0.0
ATPS_m,11,minimum,78.34459111484504
ATPS_m,11,maximum,407.29950532621564
ATPS_m,11,mean_range,328.9549142113706
ATPS_m,11,mean_midpoint,242.82204822053035
ATPS_m,11,median_range,328.9549142113706
ATPS_m,11,median_midpoint,242.82204822053035
ATPS_m,11,std_range,0.0
ATPS_m,11,frac_fixed,0.0
ATPS_m,11,frac_variable,1.0
ATPS_m,11,frac_bidirectional,0.0
ATPS_m,12,minimum,-8.011953487110617
ATPS_m,12,maximum,459.6275662049707
ATPS_m,12,mean_range,467.6395196920813
ATPS_m,12,mean_midpoint,225.80780635893007
ATPS_m,12,median_range,467.6395196920813
ATPS_m,12,median_midpoint,225.80780635893007
ATPS_m,12,std_range,0.0
ATPS_m,12,frac_fixed,0.0
ATPS_m,12,frac_variable,1.0
ATPS_m,12,frac_bidirectional,1.0
CO2t_m,1,minimum,-999.8936962025316
CO2t_m,1,maximum,1.9625316455696442
CO2t_m,1,mean_range,999.5863898910158
CO2t_m,1,mean_midpoint,-498.7726784898116
CO2t_m,1,median_range,1000.0817721518987
CO2t_m,1,median_midpoint,-498.54717107981674
CO2t_m,1,std_range,0.9356364175532715
CO2t_m,1,frac_fixed,0.0
CO2t_m,1,frac_variable,1.0
CO2t_m,1,frac_bidirectional,0.96
CO2t_m,2,minimum,-996.9489165688815
CO2t_m,2,maximum,-0.49063291139238174
CO2t_m,2,mean_range,915.5694610335413
CO2t_m,2,mean_midpoint,-463.91764190917564
CO2t_m,2,median_range,924.1353888271492
CO2t_m,2,median_midpoint,-468.20060580597954
CO2t_m,2,std_range,69.18182733355265
CO2t_m,2,frac_fixed,0.0
CO2t_m,2,frac_variable,1.0
CO2t_m,2,frac_bidirectional,0.0
CO2t_m,3,minimum,-999.9542919878234
CO2t_m,3,maximum,0.17744520572847355
CO2t_m,3,mean_range,999.1594899480878
CO2t_m,3,mean_midpoint,-499.48924710776924
CO2t_m,3,median_range,999.17469995825
CO2t_m,3,median_midpoint,-499.4984897773407
CO2t_m,3,std_range,0.46780393792909825
CO2t_m,3,frac_fixed,0.0
CO2t_m,3,frac_variable,1.0
CO2t_m,3,frac_bidirectional,1.0
CO2t_m,4,minimum,-998.1716795129314
CO2t_m,4,maximum,0.21770749437177683
CO2t_m,4,mean_range,990.8449859837727
CO2t_m,4,mean_midpoint,-495.22360660325563
CO2t_m,4,median_range,998.1430749060629
CO2t_m,4,median_midpoint,-498.8716019990165
CO2t_m,4,std_range,15.729533641620868
CO2t_m,4,frac_fixed,0.0
CO2t_m,4,frac_variable,1.0
CO2t_m,4,frac_bidirectional,1.0
CO2t_m,5,minimum,-908.2267177470738
CO2t_m,5,maximum,-0.014071513030314127
CO2t_m,5,mean_range,857.5367601979324
CO2t_m,5,mean_midpoint,-432.4229892203195
CO2t_m,5,median_range,857.8482885547946
CO2t_m,5,median_midpoint,-432.57875339875034
CO2t_m,5,std_range,35.92952882464178
CO2t_m,5,frac_fixed,0.0
CO2t_m,5,frac_variable,1.0
CO2t_m,5,frac_bidirectional,0.0
CO2t_m,6,minimum,-997.5553653603329
CO2t_m,6,maximum,-0.08243888652968527
CO2t_m,6,mean_range,915.7723237454048
CO2t_m,6,mean_midpoint,-462.213198297536
CO2t_m,6,median_range,923.3526701131916
CO2t_m,6,median_midpoint,-465.5356030206547
CO2t_m,6,std_range,60.08855233779083
CO2t_m,6,frac_fixed,0.0
CO2t_m,6,frac_variable,1.0
CO2t_m,6,frac_bidirectional,0.0
CO2t_m,7,minimum,-998.0761278112863
CO2t_m,7,maximum,0.6586937264954669
CO2t_m,7,mean_range,995.6582905368158
CO2t_m,7,mean_midpoint,-497.6476144984434
CO2t_m,7,median_range,998.0406571943208
CO2t_m,7,median_midpoint,-498.72928102493205
CO2t_m,7,std_range,9.776390951179103
CO2t_m,7,frac_fixed,0.0
CO2t_m,7,frac_variable,1.0
CO2t_m,7,frac_bidirectional,0.7894736842105263
CO2t_m,8,minimum,-999.8852522223602
CO2t_m,8,maximum,1.9288183637570846
CO2t_m,8,mean_range,999.1205687600419
CO2t_m,8,mean_midpoint,-498.78959732447896
CO2t_m,8,median_range,999.2531043623843
CO2t_m,8,median_midpoint,-498.6622966841696
CO2t_m,8,std_range,0.7190734223509676
CO2t_m,8,frac_fixed,0.0
CO2t_m,8,frac_variable,1.0
CO2t_m,8,frac_bidirectional,1.0
CO2t_m,9,minimum,-997.4079993749283
CO2t_m,9,maximum,-0.002010216146471043
CO2t_m,9,mean_range,949.3786312483236
CO2t_m,9,mean_midpoint,-478.7013221710938
CO2t_m,9,median_range,968.8466791949114
CO2t_m,9,median_midpoint,-487.9663516858956
CO2t_m,9,std_range,52.91660309348624
CO2t_m,9,frac_fixed,0.0
CO2t_m,9,frac_variable,1.0
CO2t_m,9,frac_bidirectional,0.0
CO2t_m,10,minimum,-902.9451958068654
CO2t_m,10,maximum,0.14755130118122464
CO2t_m,10,mean_range,823.2256754168017
CO2t_m,10,mean_midpoint,-417.5569631981878
CO2t_m,10,median_range,823.4722998082434
CO2t_m,10,median_midpoint,-417.6711519050764
CO2t_m,10,std_range,47.640259742833976
CO2t_m,10,frac_fixed,0.0
CO2t_m,10,frac_variable,1.0
CO2t_m,10,frac_bidirectional,0.012195121951219513
CO2t_m,11,minimum,-750.7172634375164
CO2t_m,11,maximum,-12.265822784810114
CO2t_m,11,mean_range,738.4514406527063
CO2t_m,11,mean_midpoint,-381.49154311116325
CO2t_m,11,median_range,738.4514406527063
CO2t_m,11,median_midpoint,-381.49154311116325
CO2t_m,11,std_range,0.0
CO2t_m,11,frac_fixed,0.0
CO2t_m,11,frac_variable,1.0
CO2t_m,11,frac_bidirectional,0.0
CO2t_m,12,minimum,-1000.0
CO2t_m,12,maximum,0.0
CO2t_m,12,mean_range,1000.0
CO2t_m,12,mean_midpoint,-500.0
CO2t_m,12,median_range,1000.0
CO2t_m,12,median_midpoint,-500.0
CO2t_m,12,std_range,0.0
CO2t_m,12,frac_fixed,0.0
CO2t_m,12,frac_variable,1.0
CO2t_m,12,frac_bidirectional,0.0
PIt_m,1,minimum,-12.020506329113957
PIt_m,1,maximum,654.9448772395841
PIt_m,1,mean_range,644.1701228922902
PIt_m,1,mean_midpoint,313.0083525853856
PIt_m,1,median_range,644.406598758572
PIt_m,1,median_midpoint,313.12659051852654
PIt_m,1,std_range,13.894318206533587
PIt_m,1,frac_fixed,0.0
PIt_m,1,frac_variable,1.0
PIt_m,1,frac_bidirectional,1.0
PIt_m,2,minimum,-5.88759493670883
PIt_m,2,maximum,612.2235104477094
PIt_m,2,mean_range,593.5820420932799
PIt_m,2,mean_midpoint,293.72456535043744
PIt_m,2,median_range,593.5820420932798
PIt_m,2,median_midpoint,293.7245653504374
PIt_m,2,std_range,14.76476104849273
PIt_m,2,frac_fixed,0.0
PIt_m,2,frac_variable,1.0
PIt_m,2,frac_bidirectional,1.0
PIt_m,3,minimum,-11.958606262938016
PIt_m,3,maximum,655.4418413918104
PIt_m,3,mean_range,639.4160327289461
PIt_m,3,mean_midpoint,313.6997620198273
PIt_m,3,median_range,639.948589340343
PIt_m,3,median_midpoint,313.85280232278126
PIt_m,3,std_range,16.379481494197236
PIt_m,3,frac_fixed,0.0
PIt_m,3,frac_variable,1.0
PIt_m,3,frac_bidirectional,0.9811320754716981
PIt_m,4,minimum,0.022838090027306635
PIt_m,4,maximum,611.0747344678217
PIt_m,4,mean_range,603.9180222261857
PIt_m,4,mean_midpoint,303.44539310289844
PIt_m,4,median_range,603.827723137162
PIt_m,4,median_midpoint,303.4727822679644
PIt_m,4,std_range,4.4161766306691
PIt_m,4,frac_fixed,0.0
PIt_m,4,frac_variable,1.0
PIt_m,4,frac_bidirectional,0.0
PIt_m,5,minimum,1.2338624363013935
PIt_m,5,maximum,596.4027873690761
PIt_m,5,mean_range,585.1428813692919
PIt_m,5,mean_midpoint,294.68145465308817
PIt_m,5,median_range,585.1428813692912
PIt_m,5,median_midpoint,294.68145465308805
PIt_m,5,std_range,5.894934256577821
PIt_m,5,frac_fixed,0.0
PIt_m,5,frac_variable,1.0
PIt_m,5,frac_bidirectional,0.0
PIt_m,6,minimum,0.003640078909604938
PIt_m,6,maximum,601.1584989953614
PIt_m,6,mean_range,588.2828888073271
PIt_m,6,mean_midpoint,295.13728328680077
PIt_m,6,median_range,589.454756314478
PIt_m,6,median_midpoint,295.8459060793805
PIt_m,6,std_range,7.907944892432555
PIt_m,6,frac_fixed,0.0
PIt_m,6,frac_variable,1.0
PIt_m,6,frac_bidirectional,0.0
PIt_m,7,minimum,0.03872795331935208
PIt_m,7,maximum,610.0408455449078
PIt_m,7,mean_range,603.4030881242505
PIt_m,7,mean_midpoint,302.69737020055067
PIt_m,7,median_range,603.1779748468546
PIt_m,7,median_midpoint,302.61242453049414
PIt_m,7,std_range,3.133630486068763
PIt_m,7,frac_fixed,0.0
PIt_m,7,frac_variable,1.0
PIt_m,7,frac_bidirectional,0.0
PIt_m,8,minimum,-11.79935751109656
PIt_m,8,maximum,654.3802649371241
PIt_m,8,mean_range,630.391640990759
PIt_m,8,mean_midpoint,309.7459036111481
PIt_m,8,median_range,628.5726362661376
PIt_m,8,median_midpoint,309.1459366774079
PIt_m,8,std_range,13.783579698130458
PIt_m,8,frac_fixed,0.0
PIt_m,8,frac_variable,1.0
PIt_m,8,frac_bidirectional,1.0
PIt_m,9,minimum,-5.91176257438741
PIt_m,9,maximum,613.5535577452939
PIt_m,9,mean_range,597.4433007251721
PIt_m,9,mean_midpoint,296.70136399892704
PIt_m,9,median_range,598.7784376447648
PIt_m,9,median_midpoint,297.4982147323514
PIt_m,9,std_range,11.11228191671
PIt_m,9,frac_fixed,0.0
PIt_m,9,frac_variable,1.0
PIt_m,9,frac_bidirectional,1.0
PIt_m,10,minimum,0.06182628233349874
PIt_m,10,maximum,596.451659724902
PIt_m,10,mean_range,579.841912769075
PIt_m,10,mean_midpoint,291.49529954326135
PIt_m,10,median_range,579.8622143039131
PIt_m,10,median_midpoint,291.5076773514594
PIt_m,10,std_range,7.905130954043772
PIt_m,10,frac_fixed,0.0
PIt_m,10,frac_variable,1.0
PIt_m,10,frac_bidirectional,0.0
PIt_m,11,minimum,0.0
PIt_m,11,maximum,565.8123709104653
PIt_m,11,mean_range,565.8123709104653
PIt_m,11,mean_midpoint,282.9061854552327
PIt_m,11,median_range,565.8123709104653
PIt_m,11,median_midpoint,282.9061854552327
PIt_m,11,std_range,0.0
PIt_m,11,frac_fixed,0.0
PIt_m,11,frac_variable,1.0
PIt_m,11,frac_bidirectional,0.0
PIt_m,12,minimum,-12.265822784810124
PIt_m,12,maximum,656.5794595180655
PIt_m,12,mean_range,668.8452823028756
PIt_m,12,mean_midpoint,322.1568183666277
PIt_m,12,median_range,668.8452823028756
PIt_m,12,median_midpoint,322.1568183666277
PIt_m,12,std_range,0.0
PIt_m,12,frac_fixed,0.0
PIt_m,12,frac_variable,1.0
PIt_m,12,frac_bidirectional,1.0
GCS_m,1,minimum,-8.177215189873351
GCS_m,1,maximum,2.3550379746835546
GCS_m,1,mean_range,7.310430379746831
GCS_m,1,mean_midpoint,-2.477696202531676
GCS_m,1,median_range,7.392202531645525
GCS_m,1,median_midpoint,-2.5185822784810066
GCS_m,1,std_range,0.619420677185059
GCS_m,1,frac_fixed,0.0
GCS_m,1,frac_variable,1.0
GCS_m,1,frac_bidirectional,0.96
GCS_m,2,minimum,-12.102278481012648
GCS_m,2,maximum,-0.49063291139237997
GCS_m,2,mean_range,4.088607594936784
GCS_m,2,mean_midpoint,-8.177215189873488
GCS_m,2,median_range,4.08860759493665
GCS_m,2,median_midpoint,-8.177215189873358
GCS_m,2,std_range,2.2641683609471555
GCS_m,2,frac_fixed,0.0
GCS_m,2,frac_variable,1.0
GCS_m,2,frac_bidirectional,0.0
GCS_m,3,minimum,-3.0052993351995743
GCS_m,3,maximum,2.404405930690178
GCS_m,3,mean_range,3.280806561491192
GCS_m,3,mean_midpoint,-0.18038336029907784
GCS_m,3,median_range,3.321320507664895
GCS_m,3,median_midpoint,-0.18266822230933
GCS_m,3,std_range,1.2460598881260396
GCS_m,3,frac_fixed,0.0
GCS_m,3,frac_variable,1.0
GCS_m,3,frac_bidirectional,1.0
GCS_m,4,minimum,-0.6202012560810858
GCS_m,4,maximum,0.5028195060840471
GCS_m,4,mean_range,0.5959174507871577
GCS_m,4,mean_midpoint,-0.030900715692065116
GCS_m,4,median_range,0.5734458257902944
GCS_m,4,median_midpoint,-0.027696538170815604
GCS_m,4,std_range,0.3121253872570231
GCS_m,4,frac_fixed,0.0
GCS_m,4,frac_variable,1.0
GCS_m,4,frac_bidirectional,1.0
GCS_m,5,minimum,-7.3605768043550075
GCS_m,5,maximum,-0.165675375452495
GCS_m,5,mean_range,0.030657029417313495
GCS_m,5,mean_midpoint,-3.776679131033945
GCS_m,5,median_range,0.030657029417169412
GCS_m,5,median_midpoint,-3.7766791310350376
GCS_m,5,std_range,0.018963618498407817
GCS_m,5,frac_fixed,0.0
GCS_m,5,frac_variable,1.0
GCS_m,5,frac_bidirectional,0.0
GCS_m,6,minimum,-11.521858672552924
GCS_m,6,maximum,-0.21547901069694153
GCS_m,6,mean_range,0.8732745564657377
GCS_m,6,mean_midpoint,-4.846283992827959
GCS_m,6,median_range,0.7759376695187643
GCS_m,6,median_midpoint,-4.41465769236791
GCS_m,6,std_range,0.5786104049237341
GCS_m,6,frac_fixed,0.0
GCS_m,6,frac_variable,1.0
GCS_m,6,frac_bidirectional,0.0
GCS_m,7,minimum,-3.23991022873998
GCS_m,7,maximum,0.4211845503669012
GCS_m,7,mean_range,1.4936368503818966
GCS_m,7,mean_midpoint,-0.7232899450904791
GCS_m,7,median_range,1.5278863722728928
GCS_m,7,median_midpoint,-0.6122739065314624
GCS_m,7,std_range,0.5965956215788525
GCS_m,7,frac_fixed,0.0
GCS_m,7,frac_variable,1.0
GCS_m,7,frac_bidirectional,0.7017543859649122
GCS_m,8,minimum,-7.874712384522214
GCS_m,8,maximum,2.3406769164164243
GCS_m,8,mean_range,5.0455095895805675
GCS_m,8,mean_midpoint,-1.6643739696906072
GCS_m,8,median_range,5.178276343794876
GCS_m,8,median_midpoint,-1.5716254543250365
GCS_m,8,std_range,1.5231508991679863
GCS_m,8,frac_fixed,0.0
GCS_m,8,frac_variable,1.0
GCS_m,8,frac_bidirectional,0.9964973730297724
GCS_m,9,minimum,-11.963319979458769
GCS_m,9,maximum,-0.023667910778874007
GCS_m,9,mean_range,3.627568848880731
GCS_m,9,mean_midpoint,-5.860840417482761
GCS_m,9,median_range,3.444649389552131
GCS_m,9,median_midpoint,-5.527416681294523
GCS_m,9,std_range,1.6840008024001298
GCS_m,9,frac_fixed,0.0
GCS_m,9,frac_variable,1.0
GCS_m,9,frac_bidirectional,0.0
GCS_m,10,minimum,-12.02064925946624
GCS_m,10,maximum,-0.007146517619242829
GCS_m,10,mean_range,-4.4117887273648205e-13
GCS_m,10,mean_midpoint,-6.022907678729527
GCS_m,10,median_range,-2.2293278334473143e-13
GCS_m,10,median_midpoint,-6.013897888543197
GCS_m,10,std_range,2.1296578951063507e-12
GCS_m,10,frac_fixed,1.0
GCS_m,10,frac_variable,0.0
GCS_m,10,frac_bidirectional,0.0
GCS_m,11,minimum,-12.265822784810242
GCS_m,11,maximum,-12.265822784810112
GCS_m,11,mean_range,1.2967404927621828e-13
GCS_m,11,mean_midpoint,-12.265822784810176
GCS_m,11,median_range,1.2967404927621828e-13
GCS_m,11,median_midpoint,-12.265822784810176
GCS_m,11,std_range,0.0
GCS_m,11,frac_fixed,1.0
GCS_m,11,frac_variable,0.0
GCS_m,11,frac_bidirectional,0.0
GCS_m,12,minimum,-3.066455696202531
GCS_m,12,maximum,2.4531645569620246
GCS_m,12,mean_range,5.519620253164556
GCS_m,12,mean_midpoint,-0.30664556962025324
GCS_m,12,median_range,5.519620253164556
GCS_m,12,median_midpoint,-0.30664556962025324
GCS_m,12,std_range,0.0
GCS_m,12,frac_fixed,0.0
GCS_m,12,frac_variable,1.0
GCS_m,12,frac_bidirectional,1.0
EX_h_e,1,minimum,-9.239817158931096
EX_h_e,1,maximum,3.0664556962022633
EX_h_e,1,mean_range,8.025614770489653
EX_h_e,1,mean_midpoint,-2.418250423219463
EX_h_e,1,median_range,9.061518987341834
EX_h_e,1,median_midpoint,-2.9362025316455878
EX_h_e,1,std_range,3.7540139722120656
EX_h_e,1,frac_fixed,0.0
EX_h_e,1,frac_variable,1.0
EX_h_e,1,frac_bidirectional,1.0
EX_h_e,2,minimum,-8.586075949366773
EX_h_e,2,maximum,6.010253164553703
EX_h_e,2,mean_range,6.132911392404984
EX_h_e,2,mean_midpoint,1.5332278481011594
EX_h_e,2,median_range,6.132911392405014
EX_h_e,2,median_midpoint,1.5332278481011605
EX_h_e,2,std_range,3.3962525414211235
EX_h_e,2,frac_fixed,0.0
EX_h_e,2,frac_variable,1.0
EX_h_e,2,frac_bidirectional,0.5833333333333334
EX_h_e,3,minimum,-5.925294462066571
EX_h_e,3,maximum,-0.14836209842108689
EX_h_e,3,mean_range,-1.040111393239866e-13
EX_h_e,3,mean_midpoint,-3.0219272685584944
EX_h_e,3,median_range,-1.2434497875801753e-13
EX_h_e,3,median_midpoint,-2.9672419684124005
EX_h_e,3,std_range,9.348233881898139e-13
EX_h_e,3,frac_fixed,1.0
EX_h_e,3,frac_variable,0.0
EX_h_e,3,frac_bidirectional,0.0
EX_h_e,4,minimum,-7.269742822611985
EX_h_e,4,maximum,-5.934483936824872
EX_h_e,4,mean_range,7.624670126041074e-14
EX_h_e,4,mean_midpoint,-6.641263776592276
EX_h_e,4,median_range,-2.3092638912203256e-14
EX_h_e,4,median_midpoint,-6.676294428929514
EX_h_e,4,std_range,5.924387024630938e-13
EX_h_e,4,frac_fixed,1.0
EX_h_e,4,frac_variable,0.0
EX_h_e,4,frac_bidirectional,0.0
EX_h_e,5,minimum,-7.255390429151374
EX_h_e,5,maximum,0.7111732618462323
EX_h_e,5,mean_range,0.045985544123299915
EX_h_e,5,mean_midpoint,-3.25177902195865
EX_h_e,5,median_range,0.04598554412285871
EX_h_e,5,median_midpoint,-3.25177902195873
EX_h_e,5,std_range,0.028445427744647755
EX_h_e,5,frac_fixed,0.0
EX_h_e,5,frac_variable,1.0
EX_h_e,5,frac_bidirectional,0.0
EX_h_e,6,minimum,-7.405815367560688
EX_h_e,6,maximum,5.313517761429388
EX_h_e,6,mean_range,1.309911834697761
EX_h_e,6,mean_midpoint,-2.0859101256496793
EX_h_e,6,median_range,1.1639065042802343
EX_h_e,6,median_midpoint,-2.555652644300811
EX_h_e,6,std_range,0.8679156073857631
EX_h_e,6,frac_fixed,0.0
EX_h_e,6,frac_variable,1.0
EX_h_e,6,frac_bidirectional,0.0962566844919786
EX_h_e,7,minimum,-7.978208293111795
EX_h_e,7,maximum,-3.425008856994861
EX_h_e,7,mean_range,2.0021466229872584
EX_h_e,7,mean_midpoint,-6.4475875472944555
EX_h_e,7,median_range,2.1300377126859686
EX_h_e,7,median_midpoint,-6.4821586058907155
EX_h_e,7,std_range,1.0813074469238373
EX_h_e,7,frac_fixed,0.0
EX_h_e,7,frac_variable,1.0
EX_h_e,7,frac_bidirectional,0.0
EX_h_e,8,minimum,-9.209803165438437
EX_h_e,8,maximum,2.7524384099279864
EX_h_e,8,mean_range,5.418418144624397
EX_h_e,8,mean_midpoint,-3.913276617595311
EX_h_e,8,median_range,5.266162478632268
EX_h_e,8,median_midpoint,-3.9879791588300817
EX_h_e,8,std_range,3.2038017477189755
EX_h_e,8,frac_fixed,0.0
EX_h_e,8,frac_variable,1.0
EX_h_e,8,frac_bidirectional,0.29772329246935203
EX_h_e,9,minimum,-9.072081075666077
EX_h_e,9,maximum,5.81889410613045
EX_h_e,9,mean_range,5.441353273320749
EX_h_e,9,mean_midpoint,-1.0183189004656767
EX_h_e,9,median_range,5.166974084328118
EX_h_e,9,median_midpoint,-1.3949966868768842
EX_h_e,9,std_range,2.5260012035999004
EX_h_e,9,frac_fixed,0.0
EX_h_e,9,frac_variable,1.0
EX_h_e,9,frac_bidirectional,0.6069651741293532
EX_h_e,10,minimum,-7.418104921032404
EX_h_e,10,maximum,5.8618910661362165
EX_h_e,10,mean_range,-5.721168796165929e-14
EX_h_e,10,mean_midpoint,-0.7681473028408552
EX_h_e,10,median_range,4.263256414560601e-14
EX_h_e,10,median_midpoint,-0.7781069274476478
EX_h_e,10,std_range,1.5338614608322303e-12
EX_h_e,10,frac_fixed,1.0
EX_h_e,10,frac_variable,0.0
EX_h_e,10,frac_bidirectional,0.0
EX_h_e,11,minimum,6.132911392404825
EX_h_e,11,maximum,6.132911392405095
EX_h_e,11,mean_range,2.7000623958883807e-13
EX_h_e,11,mean_midpoint,6.13291139240496
EX_h_e,11,median_range,2.7000623958883807e-13
EX_h_e,11,median_midpoint,6.13291139240496
EX_h_e,11,std_range,0.0
EX_h_e,11,frac_fixed,1.0
EX_h_e,11,frac_variable,0.0
EX_h_e,11,frac_bidirectional,0.0
EX_h_e,12,minimum,0.0
EX_h_e,12,maximum,0.0
EX_h_e,12,mean_range,0.0
EX_h_e,12,mean_midpoint,0.0
EX_h_e,12,median_range,0.0
EX_h_e,12,median_midpoint,0.0
EX_h_e,12,std_range,0.0
EX_h_e,12,frac_fixed,1.0
EX_h_e,12,frac_variable,0.0
EX_h_e,12,frac_bidirectional,0.0
ALANA1t_m,1,minimum,-1000.0
ALANA1t_m,1,maximum,222.32474182094086
ALANA1t_m,1,mean_range,1153.158111847293
ALANA1t_m,1,mean_midpoint,-423.4209440763536
ALANA1t_m,1,median_range,1160.9750191093162
ALANA1t_m,1,median_midpoint,-419.51249044534194
ALANA1t_m,1,std_range,47.91117467365636
ALANA1t_m,1,frac_fixed,0.0
ALANA1t_m,1,frac_variable,1.0
ALANA1t_m,1,frac_bidirectional,1.0
ALANA1t_m,2,minimum,-1000.0
ALANA1t_m,2,maximum,48.020198953731295
ALANA1t_m,2,mean_range,920.3329837638579
ALANA1t_m,2,mean_midpoint,-539.8335081180711
ALANA1t_m,2,median_range,921.0689331309466
ALANA1t_m,2,median_midpoint,-539.4655334345267
ALANA1t_m,2,std_range,77.65137751748969
ALANA1t_m,2,frac_fixed,0.0
ALANA1t_m,2,frac_variable,1.0
ALANA1t_m,2,frac_bidirectional,0.20833333333333334
ALANA1t_m,3,minimum,-1000.0
ALANA1t_m,3,maximum,222.42876397607358
ALANA1t_m,3,mean_range,1129.4148327903642
ALANA1t_m,3,mean_midpoint,-435.2925836048179
ALANA1t_m,3,median_range,1131.1849317592234
ALANA1t_m,3,median_midpoint,-434.4075341203883
ALANA1t_m,3,std_range,54.441730105791216
ALANA1t_m,3,frac_fixed,0.0
ALANA1t_m,3,frac_variable,1.0
ALANA1t_m,3,frac_bidirectional,1.0
ALANA1t_m,4,minimum,-1000.0
ALANA1t_m,4,maximum,35.138792583576674
ALANA1t_m,4,mean_range,1005.6903415183007
ALANA1t_m,4,mean_midpoint,-497.15482924084966
ALANA1t_m,4,median_range,1011.1272577897159
ALANA1t_m,4,median_midpoint,-494.43637110514203
ALANA1t_m,4,std_range,25.029811386460665
ALANA1t_m,4,frac_fixed,0.0
ALANA1t_m,4,frac_variable,1.0
ALANA1t_m,4,frac_bidirectional,0.7692307692307693
ALANA1t_m,5,minimum,-1000.0
ALANA1t_m,5,maximum,-92.24225518584763
ALANA1t_m,5,mean_range,857.2239821509374
ALANA1t_m,5,mean_midpoint,-571.3880089245313
ALANA1t_m,5,median_range,857.5355105078767
ALANA1t_m,5,median_midpoint,-571.2322447460617
ALANA1t_m,5,std_range,35.834548118543985
ALANA1t_m,5,frac_fixed,0.0
ALANA1t_m,5,frac_variable,1.0
ALANA1t_m,5,frac_bidirectional,0.0
ALANA1t_m,6,minimum,-1000.0
ALANA1t_m,6,maximum,-0.10064233349646656
ALANA1t_m,6,mean_range,914.9990536559716
ALANA1t_m,6,mean_midpoint,-542.5004731720143
ALANA1t_m,6,median_range,922.2098098578691
ALANA1t_m,6,median_midpoint,-538.8950950710655
ALANA1t_m,6,std_range,59.85080859896337
ALANA1t_m,6,frac_fixed,0.0
ALANA1t_m,6,frac_variable,1.0
ALANA1t_m,6,frac_bidirectional,0.0
ALANA1t_m,7,minimum,-1000.0
ALANA1t_m,7,maximum,34.08489863211537
ALANA1t_m,7,mean_range,1011.4193332666746
ALANA1t_m,7,mean_midpoint,-494.2903333666627
ALANA1t_m,7,median_range,1012.884318168624
ALANA1t_m,7,median_midpoint,-493.557840915688
ALANA1t_m,7,std_range,16.604323596639574
ALANA1t_m,7,frac_fixed,0.0
ALANA1t_m,7,frac_variable,1.0
ALANA1t_m,7,frac_bidirectional,0.9122807017543859
ALANA1t_m,8,minimum,-1000.0
ALANA1t_m,8,maximum,219.5612534691419
ALANA1t_m,8,mean_range,1108.4287400358269
ALANA1t_m,8,mean_midpoint,-445.78562998208656
ALANA1t_m,8,median_range,1104.9751985927537
ALANA1t_m,8,median_midpoint,-447.51240070362314
ALANA1t_m,8,std_range,46.389548120469236
ALANA1t_m,8,frac_fixed,0.0
ALANA1t_m,8,frac_variable,1.0
ALANA1t_m,8,frac_bidirectional,1.0
ALANA1t_m,9,minimum,-1000.0
ALANA1t_m,9,maximum,56.35148736651365
ALANA1t_m,9,mean_range,955.7417129969739
ALANA1t_m,9,mean_midpoint,-522.129143501513
ALANA1t_m,9,median_range,965.8481915527665
ALANA1t_m,9,median_midpoint,-517.0759042236168
ALANA1t_m,9,std_range,61.38773928207963
ALANA1t_m,9,frac_fixed,0.0
ALANA1t_m,9,frac_variable,1.0
ALANA1t_m,9,frac_bidirectional,0.291044776119403
ALANA1t_m,10,minimum,-1000.0000000000002
ALANA1t_m,10,maximum,-97.32723155125521
ALANA1t_m,10,mean_range,823.0117949734273
ALANA1t_m,10,mean_midpoint,-588.4941025132863
ALANA1t_m,10,median_range,823.2581106920279
ALANA1t_m,10,median_midpoint,-588.370944653986
ALANA1t_m,10,std_range,47.51974836495486
ALANA1t_m,10,frac_fixed,0.0
ALANA1t_m,10,frac_variable,1.0
ALANA1t_m,10,frac_bidirectional,0.0
ALANA1t_m,11,minimum,-1000.0
ALANA1t_m,11,maximum,-261.5485593473012
ALANA1t_m,11,mean_range,738.4514406526988
ALANA1t_m,11,mean_midpoint,-630.7742796736507
ALANA1t_m,11,median_range,738.4514406526988
ALANA1t_m,11,median_midpoint,-630.7742796736507
ALANA1t_m,11,std_range,0.0
ALANA1t_m,11,frac_fixed,0.0
ALANA1t_m,11,frac_variable,1.0
ALANA1t_m,11,frac_bidirectional,0.0
ALANA1t_m,12,minimum,-1000.0
ALANA1t_m,12,maximum,227.2310709348656
ALANA1t_m,12,mean_range,1227.2310709348656
ALANA1t_m,12,mean_midpoint,-386.3844645325672
ALANA1t_m,12,median_range,1227.2310709348656
ALANA1t_m,12,median_midpoint,-386.3844645325672
ALANA1t_m,12,std_range,0.0
ALANA1t_m,12,frac_fixed,0.0
ALANA1t_m,12,frac_variable,1.0
ALANA1t_m,12,frac_bidirectional,1.0
PGAM_h,1,minimum,-4.415696202531137
PGAM_h,1,maximum,623.6632057571892
PGAM_h,1,mean_range,587.7508776378926
PGAM_h,1,mean_midpoint,292.74698312274325
PGAM_h,1,median_range,588.3376361369362
PGAM_h,1,median_midpoint,292.6969193342908
PGAM_h,1,std_range,24.721135945083475
PGAM_h,1,frac_fixed,0.0
PGAM_h,1,frac_variable,1.0
PGAM_h,1,frac_bidirectional,0.72
PGAM_h,2,minimum,4.579240506329121
PGAM_h,2,maximum,545.3118322831174
PGAM_h,2,mean_range,479.9443217345942
PGAM_h,2,mean_midpoint,267.699734706959
PGAM_h,2,median_range,480.68708544767094
PGAM_h,2,median_midpoint,267.3283528504179
PGAM_h,2,std_range,37.5086797217473
PGAM_h,2,frac_fixed,0.0
PGAM_h,2,frac_variable,1.0
PGAM_h,2,frac_bidirectional,0.0
PGAM_h,3,minimum,-4.525896874852247
PGAM_h,3,maximum,624.1528016419845
PGAM_h,3,mean_range,576.1515457317244
PGAM_h,3,mean_midpoint,286.16687867012274
PGAM_h,3,median_range,577.1511622170968
PGAM_h,3,median_midpoint,286.6168841178432
PGAM_h,3,std_range,30.744524381469773
PGAM_h,3,frac_fixed,0.0
PGAM_h,3,frac_variable,1.0
PGAM_h,3,frac_bidirectional,0.8679245283018868
PGAM_h,4,minimum,0.7436186768173769
PGAM_h,4,maximum,523.6552689993907
PGAM_h,4,mean_range,507.7451699848371
PGAM_h,4,mean_midpoint,256.6278467238041
PGAM_h,4,median_range,509.35177234894263
PGAM_h,4,median_midpoint,256.09508376816933
PGAM_h,4,std_range,11.283229015919217
PGAM_h,4,frac_fixed,0.0
PGAM_h,4,frac_variable,1.0
PGAM_h,4,frac_bidirectional,0.0
PGAM_h,5,minimum,21.20090027478064
PGAM_h,5,maximum,488.9387012102599
PGAM_h,5,mean_range,444.1890929073819
PGAM_h,5,mean_midpoint,259.1302306952261
PGAM_h,5,median_range,444.1890929073122
PGAM_h,5,median_midpoint,259.1302306952518
PGAM_h,5,std_range,16.50247961281252
PGAM_h,5,frac_fixed,0.0
PGAM_h,5,frac_variable,1.0
PGAM_h,5,frac_bidirectional,0.0
PGAM_h,6,minimum,3.1240962493426254
PGAM_h,6,maximum,510.88202249372915
PGAM_h,6,mean_range,466.8157639385176
PGAM_h,6,mean_midpoint,257.96108227248897
PGAM_h,6,median_range,471.3384536841367
PGAM_h,6,median_midpoint,257.56355215943313
PGAM_h,6,std_range,25.85979645958723
PGAM_h,6,frac_fixed,0.0
PGAM_h,6,frac_variable,1.0
PGAM_h,6,frac_bidirectional,0.0
PGAM_h,7,minimum,0.9344868484139184
PGAM_h,7,maximum,522.1630845131996
PGAM_h,7,mean_range,508.4524604569808
PGAM_h,7,mean_midpoint,256.9851607000159
PGAM_h,7,median_range,508.6630766490825
PGAM_h,7,median_midpoint,257.2325274845237
PGAM_h,7,std_range,7.431169179788628
PGAM_h,7,frac_fixed,0.0
PGAM_h,7,frac_variable,1.0
PGAM_h,7,frac_bidirectional,0.0
PGAM_h,8,minimum,-4.366574339167389
PGAM_h,8,maximum,622.1614175136862
PGAM_h,8,mean_range,560.9723831356025
PGAM_h,8,mean_midpoint,280.2559639811527
PGAM_h,8,median_range,558.0305363536547
PGAM_h,8,median_midpoint,279.02287900253896
PGAM_h,8,std_range,25.580714999815925
PGAM_h,8,frac_fixed,0.0
PGAM_h,8,frac_variable,1.0
PGAM_h,8,frac_bidirectional,0.5516637478108581
PGAM_h,9,minimum,3.2477616440477544
PGAM_h,9,maximum,547.1099061340194
PGAM_h,9,mean_range,491.9824909866618
PGAM_h,9,mean_midpoint,264.4299383192965
PGAM_h,9,median_range,495.9285292828297
PGAM_h,9,median_midpoint,263.81558447275813
PGAM_h,9,std_range,28.142796266972592
PGAM_h,9,frac_fixed,0.0
PGAM_h,9,frac_variable,1.0
PGAM_h,9,frac_bidirectional,0.0
PGAM_h,10,minimum,22.07671859783741
PGAM_h,10,maximum,488.18867297293434
PGAM_h,10,mean_range,428.764471617413
PGAM_h,10,mean_midpoint,261.74074575550844
PGAM_h,10,median_range,428.8205077434392
PGAM_h,10,median_midpoint,261.7308993439294
PGAM_h,10,std_range,21.84282692434715
PGAM_h,10,frac_fixed,0.0
PGAM_h,10,frac_variable,1.0
PGAM_h,10,frac_bidirectional,0.0
PGAM_h,11,minimum,73.5949367088563
PGAM_h,11,maximum,463.5942184154174
PGAM_h,11,mean_range,389.9992817065611
PGAM_h,11,mean_midpoint,268.59457756213686
PGAM_h,11,median_range,389.9992817065611
PGAM_h,11,median_midpoint,268.59457756213686
PGAM_h,11,std_range,0.0
PGAM_h,11,frac_fixed,0.0
PGAM_h,11,frac_variable,1.0
PGAM_h,11,frac_bidirectional,0.0
PGAM_h,12,minimum,-4.661012658227854
PGAM_h,12,maximum,626.0860780221319
PGAM_h,12,mean_range,630.7470906803597
PGAM_h,12,mean_midpoint,310.71253268195204
PGAM_h,12,median_range,630.7470906803597
PGAM_h,12,median_midpoint,310.71253268195204
PGAM_h,12,std_range,0.0
PGAM_h,12,frac_fixed,0.0
PGAM_h,12,frac_variable,1.0
PGAM_h,12,frac_bidirectional,1.0
MPCt_m,1,minimum,-1000.0
MPCt_m,1,maximum,214.31794053072383
MPCt_m,1,mean_range,1154.0335047767248
MPCt_m,1,mean_midpoint,-422.9832476116376
MPCt_m,1,median_range,1161.7996102241623
MPCt_m,1,median_midpoint,-419.10019488791886
MPCt_m,1,std_range,42.51697644900799
MPCt_m,1,frac_fixed,0.0
MPCt_m,1,frac_variable,1.0
MPCt_m,1,frac_bidirectional,1.0
MPCt_m,2,minimum,-1000.0
MPCt_m,2,maximum,59.045874741607264
MPCt_m,2,mean_range,941.4489127162906
MPCt_m,2,mean_midpoint,-529.2755436418547
MPCt_m,2,median_range,941.4489127162908
MPCt_m,2,median_midpoint,-529.2755436418546
MPCt_m,2,std_range,70.7850529685626
MPCt_m,2,frac_fixed,0.0
MPCt_m,2,frac_variable,1.0
MPCt_m,2,frac_bidirectional,0.25
MPCt_m,3,minimum,-1000.0
MPCt_m,3,maximum,213.80494597545072
MPCt_m,3,mean_range,1123.0945730667809
MPCt_m,3,mean_midpoint,-438.4527134666095
MPCt_m,3,median_range,1124.8208342354587
MPCt_m,3,median_midpoint,-437.5895828822707
MPCt_m,3,std_range,53.09344070007159
MPCt_m,3,frac_fixed,0.0
MPCt_m,3,frac_variable,1.0
MPCt_m,3,frac_bidirectional,1.0
MPCt_m,4,minimum,-1000.0
MPCt_m,4,maximum,31.153348193332278
MPCt_m,4,mean_range,1004.3495258782496
MPCt_m,4,mean_midpoint,-497.8252370608751
MPCt_m,4,median_range,1007.7364766828076
MPCt_m,4,median_midpoint,-496.1317616585962
MPCt_m,4,std_range,20.815112166445324
MPCt_m,4,frac_fixed,0.0
MPCt_m,4,frac_variable,1.0
MPCt_m,4,frac_bidirectional,0.6923076923076923
MPCt_m,5,minimum,-1000.0
MPCt_m,5,maximum,-72.03690631125954
MPCt_m,5,mean_range,887.7123720965883
MPCt_m,5,mean_midpoint,-556.1438139517059
MPCt_m,5,median_range,888.0239004534175
MPCt_m,5,median_midpoint,-555.9880497732913
MPCt_m,5,std_range,28.738760880183747
MPCt_m,5,frac_fixed,0.0
MPCt_m,5,frac_variable,1.0
MPCt_m,5,frac_bidirectional,0.0
MPCt_m,6,minimum,-1000.0
MPCt_m,6,maximum,3.5409878170339804
MPCt_m,6,mean_range,931.0173040633806
MPCt_m,6,mean_midpoint,-534.4913479683097
MPCt_m,6,median_range,936.0808505765983
MPCt_m,6,median_midpoint,-531.9595747117008
MPCt_m,6,std_range,48.00995974277336
MPCt_m,6,frac_fixed,0.0
MPCt_m,6,frac_variable,1.0
MPCt_m,6,frac_bidirectional,0.0213903743315508
MPCt_m,7,minimum,-1000.0
MPCt_m,7,maximum,30.958473450091724
MPCt_m,7,mean_range,1010.8754273222245
MPCt_m,7,mean_midpoint,-494.56228633888776
MPCt_m,7,median_range,1011.6936267763144
MPCt_m,7,median_midpoint,-494.1531866118428
MPCt_m,7,std_range,14.508030631907566
MPCt_m,7,frac_fixed,0.0
MPCt_m,7,frac_variable,1.0
MPCt_m,7,frac_bidirectional,0.8771929824561403
MPCt_m,8,minimum,-1000.0
MPCt_m,8,maximum,211.41540307555792
MPCt_m,8,mean_range,1107.858724073616
MPCt_m,8,mean_midpoint,-446.07063796319204
MPCt_m,8,median_range,1104.6175375038865
MPCt_m,8,median_midpoint,-447.6912312480567
MPCt_m,8,std_range,44.37032725150677
MPCt_m,8,frac_fixed,0.0
MPCt_m,8,frac_variable,1.0
MPCt_m,8,frac_bidirectional,1.0
MPCt_m,9,minimum,-1000.0
MPCt_m,9,maximum,66.39895235045617
MPCt_m,9,mean_range,969.653446262414
MPCt_m,9,mean_midpoint,-515.173276868793
MPCt_m,9,median_range,978.0953658077538
MPCt_m,9,median_midpoint,-510.9523170961231
MPCt_m,9,std_range,55.29495264369865
MPCt_m,9,frac_fixed,0.0
MPCt_m,9,frac_variable,1.0
MPCt_m,9,frac_bidirectional,0.35572139303482586
MPCt_m,10,minimum,-1000.0
MPCt_m,10,maximum,-75.8184611626172
MPCt_m,10,mean_range,860.3733538705761
MPCt_m,10,mean_midpoint,-569.8133230647119
MPCt_m,10,median_range,860.5959269082123
MPCt_m,10,median_midpoint,-569.7020365458939
MPCt_m,10,std_range,38.25024344978653
MPCt_m,10,frac_fixed,0.0
MPCt_m,10,frac_variable,1.0
MPCt_m,10,frac_bidirectional,0.0
MPCt_m,11,minimum,-1000.0
MPCt_m,11,maximum,-207.73561380207616
MPCt_m,11,mean_range,792.2643861979238
MPCt_m,11,mean_midpoint,-603.8678069010381
MPCt_m,11,median_range,792.2643861979238
MPCt_m,11,median_midpoint,-603.8678069010381
MPCt_m,11,std_range,0.0
MPCt_m,11,frac_fixed,0.0
MPCt_m,11,frac_variable,1.0
MPCt_m,11,frac_bidirectional,0.0
MPCt_m,12,minimum,-1000.0
MPCt_m,12,maximum,218.4883202775594
MPCt_m,12,mean_range,1218.4883202775595
MPCt_m,12,mean_midpoint,-390.7558398612203
MPCt_m,12,median_range,1218.4883202775595
MPCt_m,12,median_midpoint,-390.7558398612203
MPCt_m,12,std_range,0.0
MPCt_m,12,frac_fixed,0.0
MPCt_m,12,frac_variable,1.0
MPCt_m,12,frac_bidirectional,1.0
ALATA_L_c,1,minimum,-1000.0
ALATA_L_c,1,maximum,222.32474182094103
ALATA_L_c,1,mean_range,1153.158111847293
ALATA_L_c,1,mean_midpoint,-423.4209440763536
ALATA_L_c,1,median_range,1160.9750191093162
ALATA_L_c,1,median_midpoint,-419.51249044534194
ALATA_L_c,1,std_range,47.91117467365639
ALATA_L_c,1,frac_fixed,0.0
ALATA_L_c,1,frac_variable,1.0
ALATA_L_c,1,frac_bidirectional,1.0
ALATA_L_c,2,minimum,-1000.0
ALATA_L_c,2,maximum,48.020198953731295
ALATA_L_c,2,mean_range,920.3329837638581
ALATA_L_c,2,mean_midpoint,-539.8335081180709
ALATA_L_c,2,median_range,921.0689331309466
ALATA_L_c,2,median_midpoint,-539.4655334345267
ALATA_L_c,2,std_range,77.65137751748985
ALATA_L_c,2,frac_fixed,0.0
ALATA_L_c,2,frac_variable,1.0
ALATA_L_c,2,frac_bidirectional,0.20833333333333334
ALATA_L_c,3,minimum,-1000.0
ALATA_L_c,3,maximum,222.4274786155721
ALATA_L_c,3,mean_range,1129.3886518048514
ALATA_L_c,3,mean_midpoint,-435.30567409757424
ALATA_L_c,3,median_range,1131.1592245491977
ALATA_L_c,3,median_midpoint,-434.4203877254011
ALATA_L_c,3,std_range,54.45630169609332
ALATA_L_c,3,frac_fixed,0.0
ALATA_L_c,3,frac_variable,1.0
ALATA_L_c,3,frac_bidirectional,1.0
ALATA_L_c,4,minimum,-1000.0
ALATA_L_c,4,maximum,35.087378163518224
ALATA_L_c,4,mean_range,1005.6328037897928
ALATA_L_c,4,mean_midpoint,-497.1835981051036
ALATA_L_c,4,median_range,1011.0694165671222
ALATA_L_c,4,median_midpoint,-494.4652917164389
ALATA_L_c,4,std_range,25.033075801237498
ALATA_L_c,4,frac_fixed,0.0
ALATA_L_c,4,frac_variable,1.0
ALATA_L_c,4,frac_bidirectional,0.7692307692307693
ALATA_L_c,5,minimum,-1000.0
ALATA_L_c,5,maximum,-92.305237850474
ALATA_L_c,5,mean_range,857.1796372136574
ALATA_L_c,5,mean_midpoint,-571.4101813931713
ALATA_L_c,5,median_range,857.4911655705898
ALATA_L_c,5,median_midpoint,-571.2544172147051
ALATA_L_c,5,std_range,35.82101789229058
ALATA_L_c,5,frac_fixed,0.0
ALATA_L_c,5,frac_variable,1.0
ALATA_L_c,5,frac_bidirectional,0.0
ALATA_L_c,6,minimum,-1000.0
ALATA_L_c,6,maximum,-0.1392031485406804
ALATA_L_c,6,mean_range,914.9647338432272
ALATA_L_c,6,mean_midpoint,-542.5176330783864
ALATA_L_c,6,median_range,922.1815319268359
ALATA_L_c,6,median_midpoint,-538.909234036582
ALATA_L_c,6,std_range,59.840885717094345
ALATA_L_c,6,frac_fixed,0.0
ALATA_L_c,6,frac_variable,1.0
ALATA_L_c,6,frac_bidirectional,0.0
ALATA_L_c,7,minimum,-1000.0
ALATA_L_c,7,maximum,34.03476957255384
ALATA_L_c,7,mean_range,1011.3679188466141
ALATA_L_c,7,mean_midpoint,-494.31604057669296
ALATA_L_c,7,median_range,1012.8316183880637
ALATA_L_c,7,median_midpoint,-493.58419080596815
ALATA_L_c,7,std_range,16.606758395330907
ALATA_L_c,7,frac_fixed,0.0
ALATA_L_c,7,frac_variable,1.0
ALATA_L_c,7,frac_bidirectional,0.9122807017543859
ALATA_L_c,8,minimum,-1000.0
ALATA_L_c,8,maximum,219.559968108631
ALATA_L_c,8,mean_range,1108.4091062104435
ALATA_L_c,8,mean_midpoint,-445.7954468947782
ALATA_L_c,8,median_range,1104.944349940705
ALATA_L_c,8,median_midpoint,-447.5278250296475
ALATA_L_c,8,std_range,46.39869361052226
ALATA_L_c,8,frac_fixed,0.0
ALATA_L_c,8,frac_variable,1.0
ALATA_L_c,8,frac_bidirectional,1.0
ALATA_L_c,9,minimum,-1000.0
ALATA_L_c,9,maximum,56.35020200602226
ALATA_L_c,9,mean_range,955.727151972785
ALATA_L_c,9,mean_midpoint,-522.1364240136076
ALATA_L_c,9,median_range,965.8327672267477
ALATA_L_c,9,median_midpoint,-517.0836163866261
ALATA_L_c,9,std_range,61.38388001628691
ALATA_L_c,9,frac_fixed,0.0
ALATA_L_c,9,frac_variable,1.0
ALATA_L_c,9,frac_bidirectional,0.291044776119403
ALATA_L_c,10,minimum,-1000.0
ALATA_L_c,10,maximum,-97.39149957633637
ALATA_L_c,10,mean_range,822.9790655157975
ALATA_L_c,10,mean_midpoint,-588.5104672421013
ALATA_L_c,10,median_range,823.2253339993092
ALATA_L_c,10,median_midpoint,-588.3873330003454
ALATA_L_c,10,std_range,47.50130688585963
ALATA_L_c,10,frac_fixed,0.0
ALATA_L_c,10,frac_variable,1.0
ALATA_L_c,10,frac_bidirectional,0.0
ALATA_L_c,11,minimum,-1000.0
ALATA_L_c,11,maximum,-261.5485593473012
ALATA_L_c,11,mean_range,738.4514406526988
ALATA_L_c,11,mean_midpoint,-630.7742796736507
ALATA_L_c,11,median_range,738.4514406526988
ALATA_L_c,11,median_midpoint,-630.7742796736507
ALATA_L_c,11,std_range,0.0
ALATA_L_c,11,frac_fixed,0.0
ALATA_L_c,11,frac_variable,1.0
ALATA_L_c,11,frac_bidirectional,0.0
ALATA_L_c,12,minimum,-1000.0
ALATA_L_c,12,maximum,227.2310709348656
ALATA_L_c,12,mean_range,1227.2310709348656
ALATA_L_c,12,mean_midpoint,-386.3844645325672
ALATA_L_c,12,median_range,1227.2310709348656
ALATA_L_c,12,median_midpoint,-386.3844645325672
ALATA_L_c,12,std_range,0.0
ALATA_L_c,12,frac_fixed,0.0
ALATA_L_c,12,frac_variable,1.0
ALATA_L_c,12,frac_bidirectional,1.0
CHRL_h,1,minimum,0.0
CHRL_h,1,maximum,1.103924050632914
CHRL_h,1,mean_range,0.6942455696202502
CHRL_h,1,mean_midpoint,0.3471227848101251
CHRL_h,1,median_range,0.7972784810125968
CHRL_h,1,median_midpoint,0.3986392405062984
CHRL_h,1,std_range,0.3260455176178283
CHRL_h,1,frac_fixed,0.0
CHRL_h,1,frac_variable,1.0
CHRL_h,1,frac_bidirectional,0.0
CHRL_h,2,minimum,0.0
CHRL_h,2,maximum,0.8410849909582817
CHRL_h,2,mean_range,0.4380650994574955
CHRL_h,2,mean_midpoint,0.21903254972874775
CHRL_h,2,median_range,0.4380650994575047
CHRL_h,2,median_midpoint,0.21903254972875236
CHRL_h,2,std_range,0.24258946724434147
CHRL_h,2,frac_fixed,0.0
CHRL_h,2,frac_variable,1.0
CHRL_h,2,frac_bidirectional,0.0
CHRL_h,3,minimum,0.00011090115244607845
CHRL_h,3,maximum,0.004429176935524026
CHRL_h,3,mean_range,2.5347373366574543e-15
CHRL_h,3,mean_midpoint,0.002258900489135486
CHRL_h,3,median_range,8.868990611365923e-15
CHRL_h,3,median_midpoint,0.0022180230489061495
CHRL_h,3,std_range,9.781627775660199e-14
CHRL_h,3,frac_fixed,1.0
CHRL_h,3,frac_variable,0.0
CHRL_h,3,frac_bidirectional,0.0
CHRL_h,4,minimum,0.004436046097843139
CHRL_h,4,maximum,0.005434156469843986
CHRL_h,4,mean_range,1.955807310976682e-14
CHRL_h,4,mean_midpoint,0.004964366333210724
CHRL_h,4,median_range,2.236839186098294e-14
CHRL_h,4,median_midpoint,0.004990551860109112
CHRL_h,4,std_range,5.080417094089233e-14
CHRL_h,4,frac_fixed,1.0
CHRL_h,4,frac_variable,0.0
CHRL_h,4,frac_bidirectional,0.0
CHRL_h,5,minimum,0.0022180230489215694
CHRL_h,5,maximum,0.011623061292055224
CHRL_h,5,mean_range,0.0032846817230882596
CHRL_h,5,mean_midpoint,0.005468430620933836
CHRL_h,5,median_range,0.003284681723095693
CHRL_h,5,median_midpoint,0.005468430620937553
CHRL_h,5,std_range,0.002031816267504238
CHRL_h,5,frac_fixed,0.0
CHRL_h,5,frac_variable,1.0
CHRL_h,5,frac_bidirectional,0.0
CHRL_h,6,minimum,0.0003327034573382354
CHRL_h,6,maximum,0.26673678218389146
CHRL_h,6,mean_range,0.09356513104985276
CHRL_h,6,mean_midpoint,0.049743685600665784
CHRL_h,6,median_range,0.08313617887724604
CHRL_h,6,median_midpoint,0.044944152380992836
CHRL_h,6,std_range,0.061993971956129906
CHRL_h,6,frac_fixed,0.0
CHRL_h,6,frac_variable,1.0
CHRL_h,6,frac_bidirectional,0.0
CHRL_h,7,minimum,0.0035488368782745105
CHRL_h,7,maximum,0.3060660554378624
CHRL_h,7,mean_range,0.15824996140545958
CHRL_h,7,mean_midpoint,0.08356102680057292
CHRL_h,7,median_range,0.16432358267029948
CHRL_h,7,median_midpoint,0.08637603512810073
CHRL_h,7,std_range,0.08298601287954369
CHRL_h,7,frac_fixed,0.0
CHRL_h,7,frac_variable,1.0
CHRL_h,7,frac_bidirectional,0.0
CHRL_h,8,minimum,0.00011090115244607845
CHRL_h,8,maximum,1.0825364717823005
CHRL_h,8,mean_range,0.4694432892658583
CHRL_h,8,mean_midpoint,0.2364156548809759
CHRL_h,8,median_range,0.453302800964548
CHRL_h,8,median_midpoint,0.22842581892141128
CHRL_h,8,std_range,0.2811275316446956
CHRL_h,8,frac_fixed,0.0
CHRL_h,8,frac_variable,1.0
CHRL_h,8,frac_bidirectional,0.0
CHRL_h,9,minimum,0.00011090115244607845
CHRL_h,9,maximum,0.8534807378268933
CHRL_h,9,mean_range,0.3886680909514762
CHRL_h,9,mean_midpoint,0.19559037345643318
CHRL_h,9,median_range,0.3690695774520555
CHRL_h,9,median_midpoint,0.18639559413308596
CHRL_h,9,std_range,0.18042865739999658
CHRL_h,9,frac_fixed,0.0
CHRL_h,9,frac_variable,1.0
CHRL_h,9,frac_bidirectional,0.0
CHRL_h,10,minimum,0.00011090115244607845
CHRL_h,10,maximum,0.005545057622369396
CHRL_h,10,mean_range,-3.172526783062681e-15
CHRL_h,10,mean_midpoint,0.0028239039223997586
CHRL_h,10,median_range,-5.63134608388971e-15
CHRL_h,10,median_midpoint,0.002827979387385682
CHRL_h,10,std_range,7.311749375963888e-14
CHRL_h,10,frac_fixed,1.0
CHRL_h,10,frac_variable,0.0
CHRL_h,10,frac_bidirectional,0.0
CHRL_h,11,minimum,0.0
CHRL_h,11,maximum,0.0
CHRL_h,11,mean_range,0.0
CHRL_h,11,mean_midpoint,0.0
CHRL_h,11,median_range,0.0
CHRL_h,11,median_midpoint,0.0
CHRL_h,11,std_range,0.0
CHRL_h,11,frac_fixed,1.0
CHRL_h,11,frac_variable,0.0
CHRL_h,11,frac_bidirectional,0.0
CHRL_h,12,minimum,0.0
CHRL_h,12,maximum,0.0
CHRL_h,12,mean_range,0.0
CHRL_h,12,mean_midpoint,0.0
CHRL_h,12,median_range,0.0
CHRL_h,12,median_midpoint,0.0
CHRL_h,12,std_range,0.0
CHRL_h,12,frac_fixed,1.0
CHRL_h,12,frac_variable,0.0
CHRL_h,12,frac_bidirectional,0.0
ALATA_L_m,1,minimum,-222.32474182094103
ALATA_L_m,1,maximum,1000.0
ALATA_L_m,1,mean_range,1153.158111847293
ALATA_L_m,1,mean_midpoint,423.4209440763536
ALATA_L_m,1,median_range,1160.9750191093162
ALATA_L_m,1,median_midpoint,419.5124904453419
ALATA_L_m,1,std_range,47.91117467365694
ALATA_L_m,1,frac_fixed,0.0
ALATA_L_m,1,frac_variable,1.0
ALATA_L_m,1,frac_bidirectional,1.0
ALATA_L_m,2,minimum,-48.02019895373121
ALATA_L_m,2,maximum,1000.0
ALATA_L_m,2,mean_range,920.3329837638579
ALATA_L_m,2,mean_midpoint,539.8335081180711
ALATA_L_m,2,median_range,921.0689331309466
ALATA_L_m,2,median_midpoint,539.4655334345267
ALATA_L_m,2,std_range,77.65137751749059
ALATA_L_m,2,frac_fixed,0.0
ALATA_L_m,2,frac_variable,1.0
ALATA_L_m,2,frac_bidirectional,0.20833333333333334
ALATA_L_m,3,minimum,-222.4287639760837
ALATA_L_m,3,maximum,1000.0
ALATA_L_m,3,mean_range,1129.4148327903658
ALATA_L_m,3,mean_midpoint,435.29258360481714
ALATA_L_m,3,median_range,1131.1849317592364
ALATA_L_m,3,median_midpoint,434.4075341203818
ALATA_L_m,3,std_range,54.441730105789155
ALATA_L_m,3,frac_fixed,0.0
ALATA_L_m,3,frac_variable,1.0
ALATA_L_m,3,frac_bidirectional,1.0
ALATA_L_m,4,minimum,-35.138792583593386
ALATA_L_m,4,maximum,1000.0
ALATA_L_m,4,mean_range,1005.690341518329
ALATA_L_m,4,mean_midpoint,497.1548292408355
ALATA_L_m,4,median_range,1011.1272577896983
ALATA_L_m,4,median_midpoint,494.43637110515084
ALATA_L_m,4,std_range,25.029811386424054
ALATA_L_m,4,frac_fixed,0.0
ALATA_L_m,4,frac_variable,1.0
ALATA_L_m,4,frac_bidirectional,0.7692307692307693
ALATA_L_m,5,minimum,92.24225518576065
ALATA_L_m,5,maximum,1000.0
ALATA_L_m,5,mean_range,857.2239821509761
ALATA_L_m,5,mean_midpoint,571.388008924512
ALATA_L_m,5,median_range,857.5355105077704
ALATA_L_m,5,median_midpoint,571.2322447461148
ALATA_L_m,5,std_range,35.83454811858357
ALATA_L_m,5,frac_fixed,0.0
ALATA_L_m,5,frac_variable,1.0
ALATA_L_m,5,frac_bidirectional,0.0
ALATA_L_m,6,minimum,0.10064233350340146
ALATA_L_m,6,maximum,1000.0
ALATA_L_m,6,mean_range,914.9990536559769
ALATA_L_m,6,mean_midpoint,542.5004731720115
ALATA_L_m,6,median_range,922.2098098578696
ALATA_L_m,6,median_midpoint,538.8950950710653
ALATA_L_m,6,std_range,59.85080859896107
ALATA_L_m,6,frac_fixed,0.0
ALATA_L_m,6,frac_variable,1.0
ALATA_L_m,6,frac_bidirectional,0.0
ALATA_L_m,7,minimum,-34.08489863210093
ALATA_L_m,7,maximum,1000.0
ALATA_L_m,7,mean_range,1011.4193332666771
ALATA_L_m,7,mean_midpoint,494.29033336666146
ALATA_L_m,7,median_range,1012.8843181686278
ALATA_L_m,7,median_midpoint,493.5578409156861
ALATA_L_m,7,std_range,16.604323596632117
ALATA_L_m,7,frac_fixed,0.0
ALATA_L_m,7,frac_variable,1.0
ALATA_L_m,7,frac_bidirectional,0.9122807017543859
ALATA_L_m,8,minimum,-219.56125346912972
ALATA_L_m,8,maximum,1000.0
ALATA_L_m,8,mean_range,1108.4287400358276
ALATA_L_m,8,mean_midpoint,445.7856299820862
ALATA_L_m,8,median_range,1104.9751985927423
ALATA_L_m,8,median_midpoint,447.51240070362877
ALATA_L_m,8,std_range,46.389548120470266
ALATA_L_m,8,frac_fixed,0.0
ALATA_L_m,8,frac_variable,1.0
ALATA_L_m,8,frac_bidirectional,1.0
ALATA_L_m,9,minimum,-56.351487366519905
ALATA_L_m,9,maximum,1000.0
ALATA_L_m,9,mean_range,955.7417129969729
ALATA_L_m,9,mean_midpoint,522.1291435015135
ALATA_L_m,9,median_range,965.848191552765
ALATA_L_m,9,median_midpoint,517.0759042236175
ALATA_L_m,9,std_range,61.38773928208103
ALATA_L_m,9,frac_fixed,0.0
ALATA_L_m,9,frac_variable,1.0
ALATA_L_m,9,frac_bidirectional,0.291044776119403
ALATA_L_m,10,minimum,97.32723155130115
ALATA_L_m,10,maximum,1000.0
ALATA_L_m,10,mean_range,823.0117949733465
ALATA_L_m,10,mean_midpoint,588.4941025133268
ALATA_L_m,10,median_range,823.2581106920265
ALATA_L_m,10,median_midpoint,588.3709446539867
ALATA_L_m,10,std_range,47.51974836486958
ALATA_L_m,10,frac_fixed,0.0
ALATA_L_m,10,frac_variable,1.0
ALATA_L_m,10,frac_bidirectional,0.0
ALATA_L_m,11,minimum,261.5485593472997
ALATA_L_m,11,maximum,1000.0
ALATA_L_m,11,mean_range,738.4514406527003
ALATA_L_m,11,mean_midpoint,630.7742796736499
ALATA_L_m,11,median_range,738.4514406527003
ALATA_L_m,11,median_midpoint,630.7742796736499
ALATA_L_m,11,std_range,0.0
ALATA_L_m,11,frac_fixed,0.0
ALATA_L_m,11,frac_variable,1.0
ALATA_L_m,11,frac_bidirectional,0.0
ALATA_L_m,12,minimum,-227.23107093486544
ALATA_L_m,12,maximum,1000.0
ALATA_L_m,12,mean_range,1227.2310709348653
ALATA_L_m,12,mean_midpoint,386.3844645325673
ALATA_L_m,12,median_range,1227.2310709348653
ALATA_L_m,12,median_midpoint,386.3844645325673
ALATA_L_m,12,std_range,0.0
ALATA_L_m,12,frac_fixed,0.0
ALATA_L_m,12,frac_variable,1.0
ALATA_L_m,12,frac_bidirectional,1.0
O2t_e,1,minimum,-12.265822784810128
O2t_e,1,maximum,-0.24531645569620686
O2t_e,1,mean_range,5.485275949367181
O2t_e,1,mean_midpoint,-5.9317518987341895
O2t_e,1,median_range,6.3782278481012655
O2t_e,1,median_midpoint,-6.69713924050628
O2t_e,1,std_range,2.3465182601929624
O2t_e,1,frac_fixed,0.0
O2t_e,1,frac_variable,1.0
O2t_e,1,frac_bidirectional,0.0
O2t_e,2,minimum,-12.265822784810128
O2t_e,2,maximum,-6.378227848101234
O2t_e,2,mean_range,3.0664556962025302
O2t_e,2,mean_midpoint,-10.732594936708864
O2t_e,2,median_range,3.0664556962025147
O2t_e,2,median_midpoint,-10.732594936708871
O2t_e,2,std_range,1.6981262707104774
O2t_e,2,frac_fixed,0.0
O2t_e,2,frac_variable,1.0
O2t_e,2,frac_bidirectional,0.0
O2t_e,3,minimum,-9.404499026521945
O2t_e,3,maximum,-0.23547710904554364
O2t_e,3,mean_range,3.666668645856366e-14
O2t_e,3,mean_midpoint,-4.796337504797582
O2t_e,3,median_range,-2.842170943040401e-14
O2t_e,3,median_midpoint,-4.709542180906712
O2t_e,3,std_range,7.404827826214091e-13
O2t_e,3,frac_fixed,1.0
O2t_e,3,frac_variable,0.0
O2t_e,3,frac_bidirectional,0.0
O2t_e,4,minimum,-11.538378343221298
O2t_e,4,maximum,-9.419084361813779
O2t_e,4,mean_range,3.880656479920547e-14
O2t_e,4,mean_midpoint,-10.540870014425648
O2t_e,4,median_range,-2.1316282072803006e-14
O2t_e,4,median_midpoint,-10.596469907040007
O2t_e,4,std_range,5.615958630477593e-13
O2t_e,4,frac_fixed,1.0
O2t_e,4,frac_variable,0.0
O2t_e,4,frac_bidirectional,0.0
O2t_e,5,minimum,-12.06903585179261
O2t_e,5,maximum,-11.740372465161778
O2t_e,5,mean_range,0.022992772061864786
O2t_e,5,mean_midpoint,-11.914868939323979
O2t_e,5,median_range,0.02299277206205108
O2t_e,5,median_midpoint,-11.914868939324084
O2t_e,5,std_range,0.014222713872361983
O2t_e,5,frac_fixed,0.0
O2t_e,5,frac_variable,1.0
O2t_e,5,frac_bidirectional,0.0
O2t_e,6,minimum,-12.2363047448575
O2t_e,6,maximum,-10.126774152010487
O2t_e,6,mean_range,0.6549559173490265
O2t_e,6,mean_midpoint,-11.675629008874528
O2t_e,6,median_range,0.5819532521403055
O2t_e,6,median_midpoint,-11.682743948530026
O2t_e,6,std_range,0.43395780369284404
O2t_e,6,frac_fixed,0.0
O2t_e,6,frac_variable,1.0
O2t_e,6,frac_bidirectional,0.0
O2t_e,7,minimum,-11.9509636919821
O2t_e,7,maximum,-9.50959120774032
O2t_e,7,mean_range,1.1853246372656465
O2t_e,7,mean_midpoint,-10.987686082495316
O2t_e,7,median_range,1.2568609034720684
O2t_e,7,median_midpoint,-11.065693883181382
O2t_e,7,std_range,0.5825696258138996
O2t_e,7,frac_fixed,0.0
O2t_e,7,frac_variable,1.0
O2t_e,7,frac_bidirectional,0.0
O2t_e,8,minimum,-12.255983438159253
O2t_e,8,maximum,-0.3947996447298401
O2t_e,8,mean_range,3.7217803697270613
O2t_e,8,mean_midpoint,-7.582106740431445
O2t_e,8,median_range,3.7077406544905163
O2t_e,8,median_midpoint,-8.39872542812787
O2t_e,8,std_range,2.0878764214902734
O2t_e,8,frac_fixed,0.0
O2t_e,8,frac_variable,1.0
O2t_e,8,frac_bidirectional,0.0
O2t_e,9,minimum,-12.255983438159253
O2t_e,9,maximum,-6.282394581438242
O2t_e,9,mean_range,2.7206766366602895
O2t_e,9,mean_midpoint,-10.794020823076778
O2t_e,9,median_range,2.5834870421640597
O2t_e,9,median_midpoint,-10.82319662206649
O2t_e,9,std_range,1.2630006017999715
O2t_e,9,frac_fixed,0.0
O2t_e,9,frac_variable,1.0
O2t_e,9,frac_bidirectional,0.0
O2t_e,10,minimum,-12.255983438159253
O2t_e,10,maximum,-11.773855452266332
O2t_e,10,mean_range,-4.34774167887354e-14
O2t_e,10,mean_midpoint,-12.015281027682922
O2t_e,10,median_range,0.0
O2t_e,10,median_midpoint,-12.014919445212794
O2t_e,10,std_range,2.9770410135494025e-13
O2t_e,10,frac_fixed,1.0
O2t_e,10,frac_variable,0.0
O2t_e,10,frac_bidirectional,0.0
O2t_e,11,minimum,-12.265822784810128
O2t_e,11,maximum,-12.265822784810128
O2t_e,11,mean_range,0.0
O2t_e,11,mean_midpoint,-12.265822784810128
O2t_e,11,median_range,0.0
O2t_e,11,median_midpoint,-12.265822784810128
O2t_e,11,std_range,0.0
O2t_e,11,frac_fixed,1.0
O2t_e,11,frac_variable,0.0
O2t_e,11,frac_bidirectional,0.0
O2t_e,12,minimum,0.0
O2t_e,12,maximum,0.0
O2t_e,12,mean_range,0.0
O2t_e,12,mean_midpoint,0.0
O2t_e,12,median_range,0.0
O2t_e,12,median_midpoint,0.0
O2t_e,12,std_range,0.0
O2t_e,12,frac_fixed,1.0
O2t_e,12,frac_variable,0.0
O2t_e,12,frac_bidirectional,0.0
IGPS_c,1,minimum,0.0
IGPS_c,1,maximum,1.1039240506329406
IGPS_c,1,mean_range,0.6942455696202506
IGPS_c,1,mean_midpoint,0.3471227848101253
IGPS_c,1,median_range,0.797278481012647
IGPS_c,1,median_midpoint,0.3986392405063235
IGPS_c,1,std_range,0.32604551761784095
IGPS_c,1,frac_fixed,0.0
IGPS_c,1,frac_variable,1.0
IGPS_c,1,frac_bidirectional,0.0
IGPS_c,2,minimum,0.0
IGPS_c,2,maximum,0.841084990958401
IGPS_c,2,mean_range,0.4380650994576176
IGPS_c,2,mean_midpoint,0.2190325497288088
IGPS_c,2,median_range,0.4380650994575452
IGPS_c,2,median_midpoint,0.2190325497287726
IGPS_c,2,std_range,0.24258946724420224
IGPS_c,2,frac_fixed,0.0
IGPS_c,2,frac_variable,1.0
IGPS_c,2,frac_bidirectional,0.0
IGPS_c,3,minimum,0.00011090115244607845
IGPS_c,3,maximum,0.004429176935380474
IGPS_c,3,mean_range,6.235224958779075e-14
IGPS_c,3,mean_midpoint,0.0022589004891653943
IGPS_c,3,median_range,-4.575333167888829e-15
IGPS_c,3,median_midpoint,0.002218023048983925
IGPS_c,3,std_range,5.058820890809274e-13
IGPS_c,3,frac_fixed,1.0
IGPS_c,3,frac_variable,0.0
IGPS_c,3,frac_bidirectional,0.0
IGPS_c,4,minimum,0.004436046097843139
IGPS_c,4,maximum,0.005434156469904345
IGPS_c,4,mean_range,3.433631584188062e-14
IGPS_c,4,mean_midpoint,0.004964366333218113
IGPS_c,4,median_range,2.2245226494188586e-14
IGPS_c,4,median_midpoint,0.004990551860152214
IGPS_c,4,std_range,1.4049153022567115e-13
IGPS_c,4,frac_fixed,1.0
IGPS_c,4,frac_variable,0.0
IGPS_c,4,frac_bidirectional,0.0
IGPS_c,5,minimum,0.0022180230489215694
IGPS_c,5,maximum,0.011623061291986092
IGPS_c,5,mean_range,0.0032846817230744725
IGPS_c,5,mean_midpoint,0.005468430620926943
IGPS_c,5,median_range,0.003284681723226273
IGPS_c,5,median_midpoint,0.005468430621002844
IGPS_c,5,std_range,0.0020318162674925404
IGPS_c,5,frac_fixed,0.0
IGPS_c,5,frac_variable,1.0
IGPS_c,5,frac_bidirectional,0.0
IGPS_c,6,minimum,0.0003327034573382354
IGPS_c,6,maximum,0.26673678218373814
IGPS_c,6,mean_range,0.09356513104984804
IGPS_c,6,mean_midpoint,0.04974368560066343
IGPS_c,6,median_range,0.08313617887724033
IGPS_c,6,median_midpoint,0.044944152380978694
IGPS_c,6,std_range,0.06199397195610878
IGPS_c,6,frac_fixed,0.0
IGPS_c,6,frac_variable,1.0
IGPS_c,6,frac_bidirectional,0.0
IGPS_c,7,minimum,0.0035488368782745105
IGPS_c,7,maximum,0.3060660554380798
IGPS_c,7,mean_range,0.1582499614055124
IGPS_c,7,mean_midpoint,0.08356102680059936
IGPS_c,7,median_range,0.16432358267003006
IGPS_c,7,median_midpoint,0.08637603512796602
IGPS_c,7,std_range,0.08298601287954253
IGPS_c,7,frac_fixed,0.0
IGPS_c,7,frac_variable,1.0
IGPS_c,7,frac_bidirectional,0.0
IGPS_c,8,minimum,0.00011090115244607845
IGPS_c,8,maximum,1.0825364717823973
IGPS_c,8,mean_range,0.46944328926585155
IGPS_c,8,mean_midpoint,0.23641565488097252
IGPS_c,8,median_range,0.4533028009644551
IGPS_c,8,median_midpoint,0.22842581892136482
IGPS_c,8,std_range,0.28112753164471516
IGPS_c,8,frac_fixed,0.0
IGPS_c,8,frac_variable,1.0
IGPS_c,8,frac_bidirectional,0.0
IGPS_c,9,minimum,0.00011090115244607845
IGPS_c,9,maximum,0.853480737826894
IGPS_c,9,mean_range,0.38866809095145344
IGPS_c,9,mean_midpoint,0.19559037345642183
IGPS_c,9,median_range,0.3690695774520078
IGPS_c,9,median_midpoint,0.18639559413306914
IGPS_c,9,std_range,0.1804286573999531
IGPS_c,9,frac_fixed,0.0
IGPS_c,9,frac_variable,1.0
IGPS_c,9,frac_bidirectional,0.0
IGPS_c,10,minimum,0.00011090115244607845
IGPS_c,10,maximum,0.005545057622415766
IGPS_c,10,mean_range,1.0596681317397059e-14
IGPS_c,10,mean_midpoint,0.0028239039224066437
IGPS_c,10,median_range,1.2974647398134032e-15
IGPS_c,10,median_midpoint,0.0028279793874143346
IGPS_c,10,std_range,1.1131002688516082e-13
IGPS_c,10,frac_fixed,1.0
IGPS_c,10,frac_variable,0.0
IGPS_c,10,frac_bidirectional,0.0
IGPS_c,11,minimum,0.0
IGPS_c,11,maximum,0.0
IGPS_c,11,mean_range,0.0
IGPS_c,11,mean_midpoint,0.0
IGPS_c,11,median_range,0.0
IGPS_c,11,median_midpoint,0.0
IGPS_c,11,std_range,0.0
IGPS_c,11,frac_fixed,1.0
IGPS_c,11,frac_variable,0.0
IGPS_c,11,frac_bidirectional,0.0
IGPS_c,12,minimum,0.0
IGPS_c,12,maximum,0.0
IGPS_c,12,mean_range,0.0
IGPS_c,12,mean_midpoint,0.0
IGPS_c,12,median_range,0.0
IGPS_c,12,median_midpoint,0.0
IGPS_c,12,std_range,0.0
IGPS_c,12,frac_fixed,1.0
IGPS_c,12,frac_variable,0.0
IGPS_c,12,frac_bidirectional,0.0
SO3R_h,1,minimum,0.0
SO3R_h,1,maximum,1.5165017261219873
SO3R_h,1,mean_range,0.9973228998850869
SO3R_h,1,mean_midpoint,0.49866144994254347
SO3R_h,1,median_range,1.159677790563867
SO3R_h,1,median_midpoint,0.5798388952819336
SO3R_h,1,std_range,0.4266396836713525
SO3R_h,1,frac_fixed,0.0
SO3R_h,1,frac_variable,1.0
SO3R_h,1,frac_bidirectional,0.0
SO3R_h,2,minimum,0.0
SO3R_h,2,maximum,1.0704718066743288
SO3R_h,2,mean_range,0.5575373993095557
SO3R_h,2,mean_midpoint,0.27876869965477785
SO3R_h,2,median_range,0.5575373993095636
SO3R_h,2,median_midpoint,0.2787686996547818
SO3R_h,2,std_range,0.3087502310382608
SO3R_h,2,frac_fixed,0.0
SO3R_h,2,frac_variable,1.0
SO3R_h,2,frac_bidirectional,0.0
SO3R_h,3,minimum,0.0002333519209923647
SO3R_h,3,maximum,0.009319623136977739
SO3R_h,3,mean_range,-4.3678502164060685e-14
SO3R_h,3,mean_midpoint,0.004753050413285212
SO3R_h,3,median_range,-1.0168949016176043e-14
SO3R_h,3,median_midpoint,0.004667038419829801
SO3R_h,3,std_range,4.795212438221436e-13
SO3R_h,3,frac_fixed,1.0
SO3R_h,3,frac_variable,0.0
SO3R_h,3,frac_bidirectional,0.0
SO3R_h,4,minimum,0.009334076839694581
SO3R_h,4,maximum,0.011434244128439599
SO3R_h,4,mean_range,-2.5243162261344967e-14
SO3R_h,4,mean_midpoint,0.01044573834274726
SO3R_h,4,median_range,-4.0842329518397946e-14
SO3R_h,4,median_midpoint,0.010500836444119567
SO3R_h,4,std_range,5.324016386640426e-13
SO3R_h,4,frac_fixed,1.0
SO3R_h,4,frac_variable,0.0
SO3R_h,4,frac_bidirectional,0.0
SO3R_h,5,minimum,0.004667038419847287
SO3R_h,5,maximum,0.019311032084220876
SO3R_h,5,mean_range,0.004180504011126062
SO3R_h,5,mean_midpoint,0.0101408932797996
SO3R_h,5,median_range,0.004180504010940914
SO3R_h,5,median_midpoint,0.010140893279740243
SO3R_h,5,std_range,0.002585947976762729
SO3R_h,5,frac_fixed,0.0
SO3R_h,5,frac_variable,1.0
SO3R_h,5,frac_bidirectional,0.0
SO3R_h,6,minimum,0.0007000557629770936
SO3R_h,6,maximum,0.34224932731574564
SO3R_h,6,mean_range,0.11908289406343027
SO3R_h,6,mean_midpoint,0.0657720681093348
SO3R_h,6,median_range,0.10580968220644357
SO3R_h,6,median_midpoint,0.05941456847762041
SO3R_h,6,std_range,0.07890141885324241
SO3R_h,6,frac_fixed,0.0
SO3R_h,6,frac_variable,1.0
SO3R_h,6,frac_bidirectional,0.0
SO3R_h,7,minimum,0.007467261471755667
SO3R_h,7,maximum,0.4040759036325772
SO3R_h,7,mean_range,0.21551357041191016
SO3R_h,7,mean_midpoint,0.11709086204564965
SO3R_h,7,median_range,0.22852016426732694
SO3R_h,7,median_midpoint,0.12336080705236567
SO3R_h,7,std_range,0.10592175014798551
SO3R_h,7,frac_fixed,0.0
SO3R_h,7,frac_variable,1.0
SO3R_h,7,frac_bidirectional,0.0
SO3R_h,8,minimum,0.00023335192099233575
SO3R_h,8,maximum,1.487767344282681
SO3R_h,8,mean_range,0.6766873399503692
SO3R_h,8,mean_midpoint,0.34190811035153384
SO3R_h,8,median_range,0.6741346644532683
SO3R_h,8,median_midpoint,0.34128303510532726
SO3R_h,8,std_range,0.37961389481640534
SO3R_h,8,frac_fixed,0.0
SO3R_h,8,frac_variable,1.0
SO3R_h,8,frac_bidirectional,0.0
SO3R_h,9,minimum,0.0002333519209923641
SO3R_h,9,maximum,1.0863404167796866
SO3R_h,9,mean_range,0.494668479392783
SO3R_h,9,mean_midpoint,0.24997773384614094
SO3R_h,9,median_range,0.46972491675713424
SO3R_h,9,median_midpoint,0.23879432537661266
SO3R_h,9,std_range,0.2296364730545709
SO3R_h,9,frac_fixed,0.0
SO3R_h,9,frac_variable,1.0
SO3R_h,9,frac_bidirectional,0.0
SO3R_h,10,minimum,0.0002333519209923647
SO3R_h,10,maximum,0.011667596050267516
SO3R_h,10,mean_range,-1.012840468094695e-13
SO3R_h,10,mean_midpoint,0.005941898622784888
SO3R_h,10,median_range,-1.6099187954976557e-13
SO3R_h,10,median_midpoint,0.005950473985211731
SO3R_h,10,std_range,1.543273378736077e-12
SO3R_h,10,frac_fixed,1.0
SO3R_h,10,frac_variable,0.0
SO3R_h,10,frac_bidirectional,0.0
SO3R_h,11,minimum,0.0
SO3R_h,11,maximum,0.0
SO3R_h,11,mean_range,0.0
SO3R_h,11,mean_midpoint,0.0
SO3R_h,11,median_range,0.0
SO3R_h,11,median_midpoint,0.0
SO3R_h,11,std_range,0.0
SO3R_h,11,frac_fixed,1.0
SO3R_h,11,frac_variable,0.0
SO3R_h,11,frac_bidirectional,0.0
SO3R_h,12,minimum,0.0
SO3R_h,12,maximum,0.0
SO3R_h,12,mean_range,0.0
SO3R_h,12,mean_midpoint,0.0
SO3R_h,12,median_range,0.0
SO3R_h,12,median_midpoint,0.0
SO3R_h,12,std_range,0.0
SO3R_h,12,frac_fixed,1.0
SO3R_h,12,frac_variable,0.0
SO3R_h,12,frac_bidirectional,0.0
ANPRT_c,1,minimum,0.0
ANPRT_c,1,maximum,1.1039240506329016
ANPRT_c,1,mean_range,0.6942455696202475
ANPRT_c,1,mean_midpoint,0.34712278481012376
ANPRT_c,1,median_range,0.7972784810126573
ANPRT_c,1,median_midpoint,0.39863924050632865
ANPRT_c,1,std_range,0.3260455176178262
ANPRT_c,1,frac_fixed,0.0
ANPRT_c,1,frac_variable,1.0
ANPRT_c,1,frac_bidirectional,0.0
ANPRT_c,2,minimum,0.0
ANPRT_c,2,maximum,0.8410849909583905
ANPRT_c,2,mean_range,0.4380650994574953
ANPRT_c,2,mean_midpoint,0.21903254972874764
ANPRT_c,2,median_range,0.43806509945752536
ANPRT_c,2,median_midpoint,0.21903254972876268
ANPRT_c,2,std_range,0.24258946724435923
ANPRT_c,2,frac_fixed,0.0
ANPRT_c,2,frac_variable,1.0
ANPRT_c,2,frac_bidirectional,0.0
ANPRT_c,3,minimum,0.00011090115244607845
ANPRT_c,3,maximum,0.00442917693567324
ANPRT_c,3,mean_range,-5.322392446517584e-14
ANPRT_c,3,mean_midpoint,0.0022589004891076067
ANPRT_c,3,median_range,1.3730336312356428e-15
ANPRT_c,3,median_midpoint,0.0022180230488694054
ANPRT_c,3,std_range,2.6735513668698117e-13
ANPRT_c,3,frac_fixed,1.0
ANPRT_c,3,frac_variable,0.0
ANPRT_c,3,frac_bidirectional,0.0
ANPRT_c,4,minimum,0.004436046097843139
ANPRT_c,4,maximum,0.005434156469999058
ANPRT_c,4,mean_range,1.2797161834494813e-13
ANPRT_c,4,mean_midpoint,0.004964366333264931
ANPRT_c,4,median_range,1.4091852684749995e-13
ANPRT_c,4,median_midpoint,0.004990551860057373
ANPRT_c,4,std_range,2.5398396893648905e-13
ANPRT_c,4,frac_fixed,1.0
ANPRT_c,4,frac_variable,0.0
ANPRT_c,4,frac_bidirectional,0.0
ANPRT_c,5,minimum,0.0022180230489215694
ANPRT_c,5,maximum,0.011623061292044112
ANPRT_c,5,mean_range,0.0032846817231362044
ANPRT_c,5,mean_midpoint,0.005468430620957809
ANPRT_c,5,median_range,0.0032846817231742625
ANPRT_c,5,median_midpoint,0.0054684306209768375
ANPRT_c,5,std_range,0.002031816267475333
ANPRT_c,5,frac_fixed,0.0
ANPRT_c,5,frac_variable,1.0
ANPRT_c,5,frac_bidirectional,0.0
ANPRT_c,6,minimum,0.0003327034573382354
ANPRT_c,6,maximum,0.26673678218156854
ANPRT_c,6,mean_range,0.09356513104983367
ANPRT_c,6,mean_midpoint,0.04974368560065626
ANPRT_c,6,median_range,0.08313617887710384
ANPRT_c,6,median_midpoint,0.0449441523809968
ANPRT_c,6,std_range,0.061993971956094296
ANPRT_c,6,frac_fixed,0.0
ANPRT_c,6,frac_variable,1.0
ANPRT_c,6,frac_bidirectional,0.0
ANPRT_c,7,minimum,0.0035488368782745105
ANPRT_c,7,maximum,0.30606605543841514
ANPRT_c,7,mean_range,0.15824996140550282
ANPRT_c,7,mean_midpoint,0.08356102680059453
ANPRT_c,7,median_range,0.16432358266983416
ANPRT_c,7,median_midpoint,0.08637603512786807
ANPRT_c,7,std_range,0.08298601287954563
ANPRT_c,7,frac_fixed,0.0
ANPRT_c,7,frac_variable,1.0
ANPRT_c,7,frac_bidirectional,0.0
ANPRT_c,8,minimum,0.00011090115244607845
ANPRT_c,8,maximum,1.0825364717820762
ANPRT_c,8,mean_range,0.46944328926583734
ANPRT_c,8,mean_midpoint,0.2364156548809654
ANPRT_c,8,median_range,0.45330280096474285
ANPRT_c,8,median_midpoint,0.2284258189215087
ANPRT_c,8,std_range,0.2811275316446862
ANPRT_c,8,frac_fixed,0.0
ANPRT_c,8,frac_variable,1.0
ANPRT_c,8,frac_bidirectional,0.0
ANPRT_c,9,minimum,0.00011090115244607845
ANPRT_c,9,maximum,0.8534807378267839
ANPRT_c,9,mean_range,0.38866809095148086
ANPRT_c,9,mean_midpoint,0.19559037345643562
ANPRT_c,9,median_range,0.3690695774520752
ANPRT_c,9,median_midpoint,0.1863955941330777
ANPRT_c,9,std_range,0.18042865740002165
ANPRT_c,9,frac_fixed,0.0
ANPRT_c,9,frac_variable,1.0
ANPRT_c,9,frac_bidirectional,0.0
ANPRT_c,10,minimum,0.00011090115244607845
ANPRT_c,10,maximum,0.005545057622338984
ANPRT_c,10,mean_range,1.240260596973326e-14
ANPRT_c,10,mean_midpoint,0.0028239039224075466
ANPRT_c,10,median_range,1.829656218199638e-14
ANPRT_c,10,median_midpoint,0.002827979387378386
ANPRT_c,10,std_range,9.764318907473354e-14
ANPRT_c,10,frac_fixed,1.0
ANPRT_c,10,frac_variable,0.0
ANPRT_c,10,frac_bidirectional,0.0
ANPRT_c,11,minimum,0.0
ANPRT_c,11,maximum,0.0
ANPRT_c,11,mean_range,0.0
ANPRT_c,11,mean_midpoint,0.0
ANPRT_c,11,median_range,0.0
ANPRT_c,11,median_midpoint,0.0
ANPRT_c,11,std_range,0.0
ANPRT_c,11,frac_fixed,1.0
ANPRT_c,11,frac_variable,0.0
ANPRT_c,11,frac_bidirectional,0.0
ANPRT_c,12,minimum,0.0
ANPRT_c,12,maximum,0.0
ANPRT_c,12,mean_range,0.0
ANPRT_c,12,mean_midpoint,0.0
ANPRT_c,12,median_range,0.0
ANPRT_c,12,median_midpoint,0.0
ANPRT_c,12,std_range,0.0
ANPRT_c,12,frac_fixed,1.0
ANPRT_c,12,frac_variable,0.0
ANPRT_c,12,frac_bidirectional,0.0
EX_o2_e,1,minimum,0.24531645569620686
EX_o2_e,1,maximum,12.265822784810128
EX_o2_e,1,mean_range,5.4852759493670895
EX_o2_e,1,mean_midpoint,5.931751898734181
EX_o2_e,1,median_range,6.378227848101275
EX_o2_e,1,median_midpoint,6.697139240506329
EX_o2_e,1,std_range,2.346518260192962
EX_o2_e,1,frac_fixed,0.0
EX_o2_e,1,frac_variable,1.0
EX_o2_e,1,frac_bidirectional,0.0
EX_o2_e,2,minimum,6.378227848101253
EX_o2_e,2,maximum,12.265822784810128
EX_o2_e,2,mean_range,3.066455696202535
EX_o2_e,2,mean_midpoint,10.732594936708859
EX_o2_e,2,median_range,3.066455696202568
EX_o2_e,2,median_midpoint,10.732594936708843
EX_o2_e,2,std_range,1.6981262707104714
EX_o2_e,2,frac_fixed,0.0
EX_o2_e,2,frac_variable,1.0
EX_o2_e,2,frac_bidirectional,0.0
EX_o2_e,3,minimum,0.23547710904519883
EX_o2_e,3,maximum,9.404499026520806
EX_o2_e,3,mean_range,-1.2802652020288302e-14
EX_o2_e,3,mean_midpoint,4.796337504797576
EX_o2_e,3,median_range,-6.217248937900877e-15
EX_o2_e,3,median_midpoint,4.709542180906379
EX_o2_e,3,std_range,3.6700094182175454e-13
EX_o2_e,3,frac_fixed,1.0
EX_o2_e,3,frac_variable,0.0
EX_o2_e,3,frac_bidirectional,0.0
EX_o2_e,4,minimum,9.419084361813109
EX_o2_e,4,maximum,11.53837834322107
EX_o2_e,4,mean_range,5.001127717080705e-14
EX_o2_e,4,mean_midpoint,10.540870014425538
EX_o2_e,4,median_range,8.171241461241152e-14
EX_o2_e,4,median_midpoint,10.596469907039822
EX_o2_e,4,std_range,3.568391959121559e-13
EX_o2_e,4,frac_fixed,1.0
EX_o2_e,4,frac_variable,0.0
EX_o2_e,4,frac_bidirectional,0.0
EX_o2_e,5,minimum,11.740372465162075
EX_o2_e,5,maximum,12.06903585179261
EX_o2_e,5,mean_range,0.022992772061458222
EX_o2_e,5,mean_midpoint,11.914868939324181
EX_o2_e,5,median_range,0.022992772061506628
EX_o2_e,5,median_midpoint,11.91486893932418
EX_o2_e,5,std_range,0.01422271387235129
EX_o2_e,5,frac_fixed,0.0
EX_o2_e,5,frac_variable,1.0
EX_o2_e,5,frac_bidirectional,0.0
EX_o2_e,6,minimum,10.126774152010722
EX_o2_e,6,maximum,12.2363047448575
EX_o2_e,6,mean_range,0.6549559173488897
EX_o2_e,6,mean_midpoint,11.675629008874596
EX_o2_e,6,median_range,0.5819532521399022
EX_o2_e,6,median_midpoint,11.682743948530113
EX_o2_e,6,std_range,0.43395780369291276
EX_o2_e,6,frac_fixed,0.0
EX_o2_e,6,frac_variable,1.0
EX_o2_e,6,frac_bidirectional,0.0
EX_o2_e,7,minimum,9.509591207740534
EX_o2_e,7,maximum,11.9509636919821
EX_o2_e,7,mean_range,1.1853246372658204
EX_o2_e,7,mean_midpoint,10.987686082495204
EX_o2_e,7,median_range,1.2568609034717202
EX_o2_e,7,median_midpoint,11.065693883181213
EX_o2_e,7,std_range,0.5825696258139297
EX_o2_e,7,frac_fixed,0.0
EX_o2_e,7,frac_variable,1.0
EX_o2_e,7,frac_bidirectional,0.0
EX_o2_e,8,minimum,0.39479964472945445
EX_o2_e,8,maximum,12.255983438159253
EX_o2_e,8,mean_range,3.721780369727286
EX_o2_e,8,mean_midpoint,7.582106740431376
EX_o2_e,8,median_range,3.7077406544908875
EX_o2_e,8,median_midpoint,8.39872542812667
EX_o2_e,8,std_range,2.0878764214901504
EX_o2_e,8,frac_fixed,0.0
EX_o2_e,8,frac_variable,1.0
EX_o2_e,8,frac_bidirectional,0.0
EX_o2_e,9,minimum,6.282394581438908
EX_o2_e,9,maximum,12.255983438159253
EX_o2_e,9,mean_range,2.7206766366603152
EX_o2_e,9,mean_midpoint,10.794020823076766
EX_o2_e,9,median_range,2.5834870421639966
EX_o2_e,9,median_midpoint,10.823196622066416
EX_o2_e,9,std_range,1.263000601799981
EX_o2_e,9,frac_fixed,0.0
EX_o2_e,9,frac_variable,1.0
EX_o2_e,9,frac_bidirectional,0.0
EX_o2_e,10,minimum,11.773855452266332
EX_o2_e,10,maximum,12.255983438159253
EX_o2_e,10,mean_range,-1.2490821385343712e-13
EX_o2_e,10,mean_midpoint,12.015281027682965
EX_o2_e,10,median_range,0.0
EX_o2_e,10,median_midpoint,12.014919445212794
EX_o2_e,10,std_range,1.8715787056288906e-12
EX_o2_e,10,frac_fixed,1.0
EX_o2_e,10,frac_variable,0.0
EX_o2_e,10,frac_bidirectional,0.0
EX_o2_e,11,minimum,12.265822784810128
EX_o2_e,11,maximum,12.265822784810128
EX_o2_e,11,mean_range,0.0
EX_o2_e,11,mean_midpoint,12.265822784810128
EX_o2_e,11,median_range,0.0
EX_o2_e,11,median_midpoint,12.265822784810128
EX_o2_e,11,std_range,0.0
EX_o2_e,11,frac_fixed,1.0
EX_o2_e,11,frac_variable,0.0
EX_o2_e,11,frac_bidirectional,0.0
EX_o2_e,12,minimum,0.0
EX_o2_e,12,maximum,0.0
EX_o2_e,12,mean_range,0.0
EX_o2_e,12,mean_midpoint,0.0
EX_o2_e,12,median_range,0.0
EX_o2_e,12,median_midpoint,0.0
EX_o2_e,12,std_range,0.0
EX_o2_e,12,frac_fixed,1.0
EX_o2_e,12,frac_variable,0.0
EX_o2_e,12,frac_bidirectional,0.0
PRAI_c,1,minimum,0.0
PRAI_c,1,maximum,1.1039240506329107
PRAI_c,1,mean_range,0.6942455696202542
PRAI_c,1,mean_midpoint,0.3471227848101271
PRAI_c,1,median_range,0.7972784810126579
PRAI_c,1,median_midpoint,0.39863924050632893
PRAI_c,1,std_range,0.32604551761783257
PRAI_c,1,frac_fixed,0.0
PRAI_c,1,frac_variable,1.0
PRAI_c,1,frac_bidirectional,0.0
PRAI_c,2,minimum,0.0
PRAI_c,2,maximum,0.8410849909584108
PRAI_c,2,mean_range,0.43806509945749456
PRAI_c,2,mean_midpoint,0.21903254972874728
PRAI_c,2,median_range,0.43806509945751193
PRAI_c,2,median_midpoint,0.21903254972875597
PRAI_c,2,std_range,0.2425894672443551
PRAI_c,2,frac_fixed,0.0
PRAI_c,2,frac_variable,1.0
PRAI_c,2,frac_bidirectional,0.0
PRAI_c,3,minimum,0.00011090115244607845
PRAI_c,3,maximum,0.004429176935552448
PRAI_c,3,mean_range,-6.599209271938567e-15
PRAI_c,3,mean_midpoint,0.0022589004891309184
PRAI_c,3,median_range,-4.407796827185506e-15
PRAI_c,3,median_midpoint,0.002218023048910502
PRAI_c,3,std_range,7.583902810460186e-14
PRAI_c,3,frac_fixed,1.0
PRAI_c,3,frac_variable,0.0
PRAI_c,3,frac_bidirectional,0.0
PRAI_c,4,minimum,0.004436046097843139
PRAI_c,4,maximum,0.0054341564697667375
PRAI_c,4,mean_range,5.6394525801332174e-15
PRAI_c,4,mean_midpoint,0.0049643663332037645
PRAI_c,4,median_range,2.828466627580184e-15
PRAI_c,4,median_midpoint,0.0049905518600832696
PRAI_c,4,std_range,8.9891981937241e-14
PRAI_c,4,frac_fixed,1.0
PRAI_c,4,frac_variable,0.0
PRAI_c,4,frac_bidirectional,0.0
PRAI_c,5,minimum,0.0022180230489215694
PRAI_c,5,maximum,0.011623061292000192
PRAI_c,5,mean_range,0.0032846817230656636
PRAI_c,5,mean_midpoint,0.005468430620922539
PRAI_c,5,median_range,0.0032846817230822774
PRAI_c,5,median_midpoint,0.005468430620930846
PRAI_c,5,std_range,0.0020318162674745487
PRAI_c,5,frac_fixed,0.0
PRAI_c,5,frac_variable,1.0
PRAI_c,5,frac_bidirectional,0.0
PRAI_c,6,minimum,0.0003327034573382354
PRAI_c,6,maximum,0.2667367821838519
PRAI_c,6,mean_range,0.09356513104985369
PRAI_c,6,mean_midpoint,0.04974368560066625
PRAI_c,6,median_range,0.08313617887710756
PRAI_c,6,median_midpoint,0.04494415238099934
PRAI_c,6,std_range,0.06199397195612154
PRAI_c,6,frac_fixed,0.0
PRAI_c,6,frac_variable,1.0
PRAI_c,6,frac_bidirectional,0.0
PRAI_c,7,minimum,0.0035488368782745105
PRAI_c,7,maximum,0.30606605543788706
PRAI_c,7,mean_range,0.15824996140545788
PRAI_c,7,mean_midpoint,0.08356102680057209
PRAI_c,7,median_range,0.16432358267026131
PRAI_c,7,median_midpoint,0.08637603512808165
PRAI_c,7,std_range,0.08298601287955358
PRAI_c,7,frac_fixed,0.0
PRAI_c,7,frac_variable,1.0
PRAI_c,7,frac_bidirectional,0.0
PRAI_c,8,minimum,0.00011090115244607845
PRAI_c,8,maximum,1.082536471782365
PRAI_c,8,mean_range,0.46944328926585843
PRAI_c,8,mean_midpoint,0.236415654880976
PRAI_c,8,median_range,0.4533028009644518
PRAI_c,8,median_midpoint,0.22842581892136318
PRAI_c,8,std_range,0.28112753164469306
PRAI_c,8,frac_fixed,0.0
PRAI_c,8,frac_variable,1.0
PRAI_c,8,frac_bidirectional,0.0
PRAI_c,9,minimum,0.00011090115244607845
PRAI_c,9,maximum,0.8534807378268806
PRAI_c,9,mean_range,0.3886680909514729
PRAI_c,9,mean_midpoint,0.1955903734564316
PRAI_c,9,median_range,0.36906957745199487
PRAI_c,9,median_midpoint,0.18639559413304807
PRAI_c,9,std_range,0.18042865739999997
PRAI_c,9,frac_fixed,0.0
PRAI_c,9,frac_variable,1.0
PRAI_c,9,frac_bidirectional,0.0
PRAI_c,10,minimum,0.00011090115244607845
PRAI_c,10,maximum,0.005545057622310834
PRAI_c,10,mean_range,-2.334589449134455e-14
PRAI_c,10,mean_midpoint,0.0028239039223896725
PRAI_c,10,median_range,-1.4773013541635738e-14
PRAI_c,10,median_midpoint,0.0028279793873566784
PRAI_c,10,std_range,1.748787844856486e-13
PRAI_c,10,frac_fixed,1.0
PRAI_c,10,frac_variable,0.0
PRAI_c,10,frac_bidirectional,0.0
PRAI_c,11,minimum,0.0
PRAI_c,11,maximum,0.0
PRAI_c,11,mean_range,0.0
PRAI_c,11,mean_midpoint,0.0
PRAI_c,11,median_range,0.0
PRAI_c,11,median_midpoint,0.0
PRAI_c,11,std_range,0.0
PRAI_c,11,frac_fixed,1.0
PRAI_c,11,frac_variable,0.0
PRAI_c,11,frac_bidirectional,0.0
PRAI_c,12,minimum,0.0
PRAI_c,12,maximum,0.0
PRAI_c,12,mean_range,0.0
PRAI_c,12,mean_midpoint,0.0
PRAI_c,12,median_range,0.0
PRAI_c,12,median_midpoint,0.0
PRAI_c,12,std_range,0.0
PRAI_c,12,frac_fixed,1.0
PRAI_c,12,frac_variable,0.0
PRAI_c,12,frac_bidirectional,0.0
EX_so4_e,1,minimum,-1.5165017261219802
EX_so4_e,1,maximum,0.0
EX_so4_e,1,mean_range,0.9973228998849245
EX_so4_e,1,mean_midpoint,-0.49866144994246225
EX_so4_e,1,median_range,1.159677790563867
EX_so4_e,1,median_midpoint,-0.5798388952819336
EX_so4_e,1,std_range,0.42663968367144695
EX_so4_e,1,frac_fixed,0.0
EX_so4_e,1,frac_variable,1.0
EX_so4_e,1,frac_bidirectional,0.0
EX_so4_e,2,minimum,-1.0704718066743393
EX_so4_e,2,maximum,0.0
EX_so4_e,2,mean_range,0.5575373993095517
EX_so4_e,2,mean_midpoint,-0.27876869965477585
EX_so4_e,2,median_range,0.5575373993095551
EX_so4_e,2,median_midpoint,-0.2787686996547776
EX_so4_e,2,std_range,0.3087502310382675
EX_so4_e,2,frac_fixed,0.0
EX_so4_e,2,frac_variable,1.0
EX_so4_e,2,frac_bidirectional,0.0
EX_so4_e,3,minimum,-0.025716283574466203
EX_so4_e,3,maximum,-0.0006439041669766832
EX_so4_e,3,mean_range,1.2819933793784827e-15
EX_so4_e,3,mean_midpoint,-0.013115422208497627
EX_so4_e,3,median_range,4.440892098500626e-16
EX_so4_e,3,median_midpoint,-0.012878083339539437
EX_so4_e,3,std_range,6.868011876593797e-15
EX_so4_e,3,frac_fixed,1.0
EX_so4_e,3,frac_variable,0.0
EX_so4_e,3,frac_bidirectional,0.0
EX_so4_e,4,minimum,-0.031551304181796525
EX_so4_e,4,maximum,-0.025756166679068215
EX_so4_e,4,mean_range,-1.2297855042001734e-15
EX_so4_e,4,mean_midpoint,-0.02882365149362217
EX_so4_e,4,median_range,5.329070518200751e-15
EX_so4_e,4,median_midpoint,-0.028975687513950632
EX_so4_e,4,std_range,1.9662329286796032e-14
EX_so4_e,4,frac_fixed,1.0
EX_so4_e,4,frac_variable,0.0
EX_so4_e,4,frac_bidirectional,0.0
EX_so4_e,5,minimum,-0.03942809213733156
EX_so4_e,5,maximum,-0.012878083339534108
EX_so4_e,5,mean_range,0.004180504011243591
EX_so4_e,5,mean_midpoint,-0.024304945766317976
EX_so4_e,5,median_range,0.004180504011194408
EX_so4_e,5,median_midpoint,-0.024304945766328245
EX_so4_e,5,std_range,0.0025859479767720646
EX_so4_e,5,frac_fixed,0.0
EX_so4_e,5,frac_variable,1.0
EX_so4_e,5,frac_bidirectional,0.0
EX_so4_e,6,minimum,-0.3545658946953143
EX_so4_e,6,maximum,-0.0019317125009301606
EX_so4_e,6,mean_range,0.1190828940634414
EX_so4_e,6,mean_midpoint,-0.07673403262377748
EX_so4_e,6,median_range,0.10580968220736686
EX_so4_e,6,median_midpoint,-0.07084337869070456
EX_so4_e,6,std_range,0.07890141885324668
EX_so4_e,6,frac_fixed,0.0
EX_so4_e,6,frac_variable,1.0
EX_so4_e,6,frac_bidirectional,0.0
EX_so4_e,7,minimum,-0.4192663367338607
EX_so4_e,7,maximum,-0.02060493334325386
EX_so4_e,7,mean_range,0.2155135704120095
EX_so4_e,7,mean_midpoint,-0.13351295188507237
EX_so4_e,7,median_range,0.22852016426760713
EX_so4_e,7,median_midpoint,-0.13937234464589388
EX_so4_e,7,std_range,0.10592175014807281
EX_so4_e,7,frac_fixed,0.0
EX_so4_e,7,frac_variable,1.0
EX_so4_e,7,frac_bidirectional,0.0
EX_so4_e,8,minimum,-1.4881778965282066
EX_so4_e,8,maximum,-0.0006439041669765722
EX_so4_e,8,mean_range,0.6766873399504242
EX_so4_e,8,mean_midpoint,-0.34817927793382963
EX_so4_e,8,median_range,0.6741346644529269
EX_so4_e,8,median_midpoint,-0.3484304111134193
EX_so4_e,8,std_range,0.37961389481639474
EX_so4_e,8,frac_fixed,0.0
EX_so4_e,8,frac_variable,1.0
EX_so4_e,8,frac_bidirectional,0.0
EX_so4_e,9,minimum,-1.0867509690253252
EX_so4_e,9,maximum,-0.0006439041669761281
EX_so4_e,9,mean_range,0.4946684793927839
EX_so4_e,9,mean_midpoint,-0.2546286167521428
EX_so4_e,9,median_range,0.46972491675708605
EX_so4_e,9,median_midpoint,-0.24499057543312697
EX_so4_e,9,std_range,0.22963647305454052
EX_so4_e,9,frac_fixed,0.0
EX_so4_e,9,frac_variable,1.0
EX_so4_e,9,frac_bidirectional,0.0
EX_so4_e,10,minimum,-0.03219520834895029
EX_so4_e,10,maximum,-0.0006439041669761281
EX_so4_e,10,mean_range,1.6723749756304796e-14
EX_so4_e,10,mean_midpoint,-0.016395893664505168
EX_so4_e,10,median_range,0.0
EX_so4_e,10,median_midpoint,-0.01641955625791014
EX_so4_e,10,std_range,2.1364228619260913e-13
EX_so4_e,10,frac_fixed,1.0
EX_so4_e,10,frac_variable,0.0
EX_so4_e,10,frac_bidirectional,0.0
EX_so4_e,11,minimum,0.0
EX_so4_e,11,maximum,0.0
EX_so4_e,11,mean_range,0.0
EX_so4_e,11,mean_midpoint,0.0
EX_so4_e,11,median_range,0.0
EX_so4_e,11,median_midpoint,0.0
EX_so4_e,11,std_range,0.0
EX_so4_e,11,frac_fixed,1.0
EX_so4_e,11,frac_variable,0.0
EX_so4_e,11,frac_bidirectional,0.0
EX_so4_e,12,minimum,0.0
EX_so4_e,12,maximum,0.0
EX_so4_e,12,mean_range,0.0
EX_so4_e,12,mean_midpoint,0.0
EX_so4_e,12,median_range,0.0
EX_so4_e,12,median_midpoint,0.0
EX_so4_e,12,std_range,0.0
EX_so4_e,12,frac_fixed,1.0
EX_so4_e,12,frac_variable,0.0
EX_so4_e,12,frac_bidirectional,0.0
ANTHt_h,1,minimum,-1.1039240506329102
ANTHt_h,1,maximum,0.0
ANTHt_h,1,mean_range,0.6942455696202633
ANTHt_h,1,mean_midpoint,-0.34712278481013165
ANTHt_h,1,median_range,0.7972784810126573
ANTHt_h,1,median_midpoint,-0.39863924050632865
ANTHt_h,1,std_range,0.3260455176178197
ANTHt_h,1,frac_fixed,0.0
ANTHt_h,1,frac_variable,1.0
ANTHt_h,1,frac_bidirectional,0.0
ANTHt_h,2,minimum,-0.8410849909583441
ANTHt_h,2,maximum,0.0
ANTHt_h,2,mean_range,0.43806509945749467
ANTHt_h,2,mean_midpoint,-0.21903254972874733
ANTHt_h,2,median_range,0.4380650994574876
ANTHt_h,2,median_midpoint,-0.2190325497287438
ANTHt_h,2,std_range,0.2425894672443536
ANTHt_h,2,frac_fixed,0.0
ANTHt_h,2,frac_variable,1.0
ANTHt_h,2,frac_bidirectional,0.0
ANTHt_h,3,minimum,-0.004429176935702994
ANTHt_h,3,maximum,-0.00011090115244607845
ANTHt_h,3,mean_range,-4.1537442727561666e-14
ANTHt_h,3,mean_midpoint,-0.0022589004891134493
ANTHt_h,3,median_range,-3.7028539956462936e-14
ANTHt_h,3,median_midpoint,-0.0022180230488810975
ANTHt_h,3,std_range,1.1631663266148842e-13
ANTHt_h,3,frac_fixed,1.0
ANTHt_h,3,frac_variable,0.0
ANTHt_h,3,frac_bidirectional,0.0
ANTHt_h,4,minimum,-0.005434156469749399
ANTHt_h,4,maximum,-0.004436046097843139
ANTHt_h,4,mean_range,5.0156593621986953e-14
ANTHt_h,4,mean_midpoint,-0.004964366333226024
ANTHt_h,4,median_range,3.884045862712071e-14
ANTHt_h,4,median_midpoint,-0.004990551860144245
ANTHt_h,4,std_range,1.513727263056641e-13
ANTHt_h,4,frac_fixed,1.0
ANTHt_h,4,frac_variable,0.0
ANTHt_h,4,frac_bidirectional,0.0
ANTHt_h,5,minimum,-0.011623061292098667
ANTHt_h,5,maximum,-0.0022180230489215694
ANTHt_h,5,mean_range,0.0032846817230970434
ANTHt_h,5,mean_midpoint,-0.005468430620938228
ANTHt_h,5,median_range,0.003284681723151598
ANTHt_h,5,median_midpoint,-0.005468430620965505
ANTHt_h,5,std_range,0.0020318162675098317
ANTHt_h,5,frac_fixed,0.0
ANTHt_h,5,frac_variable,1.0
ANTHt_h,5,frac_bidirectional,0.0
ANTHt_h,6,minimum,-0.2667367821837329
ANTHt_h,6,maximum,-0.0003327034573382354
ANTHt_h,6,mean_range,0.09356513104985636
ANTHt_h,6,mean_midpoint,-0.0497436856006676
ANTHt_h,6,median_range,0.0831361788773219
ANTHt_h,6,median_midpoint,-0.04494415238099928
ANTHt_h,6,std_range,0.061993971956119005
ANTHt_h,6,frac_fixed,0.0
ANTHt_h,6,frac_variable,1.0
ANTHt_h,6,frac_bidirectional,0.0
ANTHt_h,7,minimum,-0.3060660554379992
ANTHt_h,7,maximum,-0.0035488368782745105
ANTHt_h,7,mean_range,0.15824996140545974
ANTHt_h,7,mean_midpoint,-0.08356102680057302
ANTHt_h,7,median_range,0.16432358267016856
ANTHt_h,7,median_midpoint,-0.08637603512803527
ANTHt_h,7,std_range,0.08298601287952696
ANTHt_h,7,frac_fixed,0.0
ANTHt_h,7,frac_variable,1.0
ANTHt_h,7,frac_bidirectional,0.0
ANTHt_h,8,minimum,-1.08253647178227
ANTHt_h,8,maximum,-0.00011090115244607845
ANTHt_h,8,mean_range,0.4694432892658611
ANTHt_h,8,mean_midpoint,-0.2364156548809773
ANTHt_h,8,median_range,0.45330280096424136
ANTHt_h,8,median_midpoint,-0.22842581892125796
ANTHt_h,8,std_range,0.2811275316446914
ANTHt_h,8,frac_fixed,0.0
ANTHt_h,8,frac_variable,1.0
ANTHt_h,8,frac_bidirectional,0.0
ANTHt_h,9,minimum,-0.8534807378268429
ANTHt_h,9,maximum,-0.00011090115244607845
ANTHt_h,9,mean_range,0.38866809095147903
ANTHt_h,9,mean_midpoint,-0.19559037345643462
ANTHt_h,9,median_range,0.36906957745193225
ANTHt_h,9,median_midpoint,-0.1863955941330387
ANTHt_h,9,std_range,0.18042865740000413
ANTHt_h,9,frac_fixed,0.0
ANTHt_h,9,frac_variable,1.0
ANTHt_h,9,frac_bidirectional,0.0
ANTHt_h,10,minimum,-0.0055450576223312845
ANTHt_h,10,maximum,-0.00011090115244607845
ANTHt_h,10,mean_range,-4.868028749625661e-15
ANTHt_h,10,mean_midpoint,-0.002823903922398911
ANTHt_h,10,median_range,1.071517007067424e-15
ANTHt_h,10,median_midpoint,-0.0028279793874052385
ANTHt_h,10,std_range,1.0661257778982823e-13
ANTHt_h,10,frac_fixed,1.0
ANTHt_h,10,frac_variable,0.0
ANTHt_h,10,frac_bidirectional,0.0
ANTHt_h,11,minimum,0.0
ANTHt_h,11,maximum,0.0
ANTHt_h,11,mean_range,0.0
ANTHt_h,11,mean_midpoint,0.0
ANTHt_h,11,median_range,0.0
ANTHt_h,11,median_midpoint,0.0
ANTHt_h,11,std_range,0.0
ANTHt_h,11,frac_fixed,1.0
ANTHt_h,11,frac_variable,0.0
ANTHt_h,11,frac_bidirectional,0.0
ANTHt_h,12,minimum,0.0
ANTHt_h,12,maximum,0.0
ANTHt_h,12,mean_range,0.0
ANTHt_h,12,mean_midpoint,0.0
ANTHt_h,12,median_range,0.0
ANTHt_h,12,median_midpoint,0.0
ANTHt_h,12,std_range,0.0
ANTHt_h,12,frac_fixed,1.0
ANTHt_h,12,frac_variable,0.0
ANTHt_h,12,frac_bidirectional,0.0
NO3t_e,1,minimum,0.0
NO3t_e,1,maximum,2.0
NO3t_e,1,mean_range,2.0
NO3t_e,1,mean_midpoint,1.0
NO3t_e,1,median_range,2.0
NO3t_e,1,median_midpoint,1.0
NO3t_e,1,std_range,0.0
NO3t_e,1,frac_fixed,0.0
NO3t_e,1,frac_variable,1.0
NO3t_e,1,frac_bidirectional,0.0
NO3t_e,2,minimum,0.0
NO3t_e,2,maximum,2.0
NO3t_e,2,mean_range,2.0
NO3t_e,2,mean_midpoint,1.0
NO3t_e,2,median_range,2.0
NO3t_e,2,median_midpoint,1.0
NO3t_e,2,std_range,0.0
NO3t_e,2,frac_fixed,0.0
NO3t_e,2,frac_variable,1.0
NO3t_e,2,frac_bidirectional,0.0
NO3t_e,3,minimum,0.017720475203469727
NO3t_e,3,maximum,2.0
NO3t_e,3,mean_range,1.6390588445488832
NO3t_e,3,mean_midpoint,1.1804705777255584
NO3t_e,3,median_range,1.6455904959311312
NO3t_e,3,median_midpoint,1.1772047520344344
NO3t_e,3,std_range,0.20088955925820387
NO3t_e,3,frac_fixed,0.0
NO3t_e,3,frac_variable,1.0
NO3t_e,3,frac_bidirectional,0.0
NO3t_e,4,minimum,0.708819008138448
NO3t_e,4,maximum,2.0
NO3t_e,4,mean_range,1.2067627020281466
NO3t_e,4,mean_midpoint,1.3966186489859262
NO3t_e,4,median_range,1.2025786158450378
NO3t_e,4,median_midpoint,1.398710692077481
NO3t_e,4,std_range,0.04958653299798924
NO3t_e,4,frac_fixed,0.0
NO3t_e,4,frac_variable,1.0
NO3t_e,4,frac_bidirectional,0.0
NO3t_e,5,minimum,0.3544095040686373
NO3t_e,5,maximum,2.0
NO3t_e,5,mean_range,1.3886436054812425
NO3t_e,5,mean_midpoint,1.3056781972593787
NO3t_e,5,median_range,1.3886436054812972
NO3t_e,5,median_midpoint,1.3056781972593514
NO3t_e,5,std_range,0.18690691696611234
NO3t_e,5,frac_fixed,0.0
NO3t_e,5,frac_variable,1.0
NO3t_e,5,frac_bidirectional,0.0
NO3t_e,6,minimum,0.05316142561026262
NO3t_e,6,maximum,2.0
NO3t_e,6,mean_range,1.526853835878156
NO3t_e,6,mean_midpoint,1.236573082060922
NO3t_e,6,median_range,1.5038266943037204
NO3t_e,6,median_midpoint,1.2480866528481398
NO3t_e,6,std_range,0.18118381013872797
NO3t_e,6,frac_fixed,0.0
NO3t_e,6,frac_variable,1.0
NO3t_e,6,frac_bidirectional,0.0
NO3t_e,7,minimum,0.5670552065101643
NO3t_e,7,maximum,2.0
NO3t_e,7,mean_range,1.2911809918622057
NO3t_e,7,mean_midpoint,1.354409504068897
NO3t_e,7,median_range,1.2911809918622197
NO3t_e,7,median_midpoint,1.3544095040688902
NO3t_e,7,std_range,0.07072628723240683
NO3t_e,7,frac_fixed,0.0
NO3t_e,7,frac_variable,1.0
NO3t_e,7,frac_bidirectional,0.0
NO3t_e,8,minimum,0.01772047520302067
NO3t_e,8,maximum,2.0
NO3t_e,8,mean_range,1.7293205171201165
NO3t_e,8,mean_midpoint,1.1353397414399418
NO3t_e,8,median_range,1.7519133471519124
NO3t_e,8,median_midpoint,1.1240433264240437
NO3t_e,8,std_range,0.17657648846101406
NO3t_e,8,frac_fixed,0.0
NO3t_e,8,frac_variable,1.0
NO3t_e,8,frac_bidirectional,0.0
NO3t_e,9,minimum,0.017720475203300085
NO3t_e,9,maximum,2.0
NO3t_e,9,mean_range,1.799256109262544
NO3t_e,9,mean_midpoint,1.1003719453687282
NO3t_e,9,median_range,1.8227952479657539
NO3t_e,9,median_midpoint,1.088602376017123
NO3t_e,9,std_range,0.13613839020183158
NO3t_e,9,frac_fixed,0.0
NO3t_e,9,frac_variable,1.0
NO3t_e,9,frac_bidirectional,0.0
NO3t_e,10,minimum,0.017720475203310743
NO3t_e,10,maximum,2.0
NO3t_e,10,mean_range,1.548779085427968
NO3t_e,10,mean_midpoint,1.2256104572860163
NO3t_e,10,median_range,1.5481278823125226
NO3t_e,10,median_midpoint,1.2259360588437387
NO3t_e,10,std_range,0.2542483840325182
NO3t_e,10,frac_fixed,0.0
NO3t_e,10,frac_variable,1.0
NO3t_e,10,frac_bidirectional,0.0
NO3t_e,11,minimum,0.0
NO3t_e,11,maximum,2.0
NO3t_e,11,mean_range,2.0
NO3t_e,11,mean_midpoint,1.0
NO3t_e,11,median_range,2.0
NO3t_e,11,median_midpoint,1.0
NO3t_e,11,std_range,0.0
NO3t_e,11,frac_fixed,0.0
NO3t_e,11,frac_variable,1.0
NO3t_e,11,frac_bidirectional,0.0
NO3t_e,12,minimum,0.0
NO3t_e,12,maximum,2.0
NO3t_e,12,mean_range,2.0
NO3t_e,12,mean_midpoint,1.0
NO3t_e,12,median_range,2.0
NO3t_e,12,median_midpoint,1.0
NO3t_e,12,std_range,0.0
NO3t_e,12,frac_fixed,0.0
NO3t_e,12,frac_variable,1.0
NO3t_e,12,frac_bidirectional,0.0
PHOt_e,1,minimum,2.6030769230768676
PHOt_e,1,maximum,100.0
PHOt_e,1,mean_range,73.54461538461506
PHOt_e,1,mean_midpoint,63.22769230769248
PHOt_e,1,median_range,73.5446153846276
PHOt_e,1,median_midpoint,63.2276923076862
PHOt_e,1,std_range,14.333453070460681
PHOt_e,1,frac_fixed,0.0
PHOt_e,1,frac_variable,1.0
PHOt_e,1,frac_bidirectional,0.0
PHOt_e,2,minimum,52.29538461538434
PHOt_e,2,maximum,100.0
PHOt_e,2,mean_range,24.846153846153783
PHOt_e,2,mean_midpoint,87.5769230769231
PHOt_e,2,median_range,24.846153846153577
PHOt_e,2,median_midpoint,87.57692307692321
PHOt_e,2,std_range,13.759176962679504
PHOt_e,2,frac_fixed,0.0
PHOt_e,2,frac_variable,1.0
PHOt_e,2,frac_bidirectional,0.0
PHOt_e,3,minimum,2.6030769230739352
PHOt_e,3,maximum,100.0
PHOt_e,3,mean_range,58.8981188328486
PHOt_e,3,mean_midpoint,70.5509405835757
PHOt_e,3,median_range,59.630769230753536
PHOt_e,3,median_midpoint,70.18461538462323
PHOt_e,3,std_range,22.533629998567836
PHOt_e,3,frac_fixed,0.0
PHOt_e,3,frac_variable,1.0
PHOt_e,3,frac_bidirectional,0.0
PHOt_e,4,minimum,80.12307692307812
PHOt_e,4,maximum,100.0
PHOt_e,4,mean_range,10.407787322641457
PHOt_e,4,mean_midpoint,94.79610633867927
PHOt_e,4,median_range,9.938461538464352
PHOt_e,4,median_midpoint,95.03076923076782
PHOt_e,4,std_range,5.5620839212113005
PHOt_e,4,frac_fixed,0.0
PHOt_e,4,frac_variable,1.0
PHOt_e,4,frac_bidirectional,0.0
PHOt_e,5,minimum,99.64897801367617
PHOt_e,5,maximum,100.0
PHOt_e,5,mean_range,0.18630040952735527
PHOt_e,5,mean_midpoint,99.90684979523633
PHOt_e,5,median_range,0.18630040952887583
PHOt_e,5,median_midpoint,99.90684979523556
PHOt_e,5,std_range,0.11524045086037162
PHOt_e,5,frac_fixed,0.0
PHOt_e,5,frac_variable,1.0
PHOt_e,5,frac_bidirectional,0.0
PHOt_e,6,minimum,85.05993944318752
PHOt_e,6,maximum,100.0
PHOt_e,6,mean_range,5.3068223046788265
PHOt_e,6,mean_midpoint,97.34658884766058
PHOt_e,6,median_range,4.715313530152585
PHOt_e,6,median_midpoint,97.64234323492371
PHOt_e,6,std_range,3.51617092223306
PHOt_e,6,frac_fixed,0.0
PHOt_e,6,frac_variable,1.0
PHOt_e,6,frac_bidirectional,0.0
PHOt_e,7,minimum,80.77669050696517
PHOt_e,7,maximum,100.0
PHOt_e,7,mean_range,11.969311511599676
PHOt_e,7,mean_midpoint,94.01534424420018
PHOt_e,7,median_range,12.56346132063328
PHOt_e,7,median_midpoint,93.71826933968336
PHOt_e,7,std_range,4.173158075993796
PHOt_e,7,frac_fixed,0.0
PHOt_e,7,frac_variable,1.0
PHOt_e,7,frac_bidirectional,0.0
PHOt_e,8,minimum,3.8939979814733516
PHOt_e,8,maximum,100.0
PHOt_e,8,mean_range,51.81031185185828
PHOt_e,8,mean_midpoint,74.09484407407085
PHOt_e,8,median_range,50.799564702792125
PHOt_e,8,median_midpoint,74.60021764860394
PHOt_e,8,std_range,17.99123596687233
PHOt_e,8,frac_fixed,0.0
PHOt_e,8,frac_variable,1.0
PHOt_e,8,frac_bidirectional,0.0
PHOt_e,9,minimum,51.59861336606785
PHOt_e,9,maximum,100.0
PHOt_e,9,mean_range,22.044456850892807
PHOt_e,9,mean_midpoint,88.9777715745536
PHOt_e,9,median_range,20.932869367287083
PHOt_e,9,median_midpoint,89.53356531635646
PHOt_e,9,std_range,10.233543337659905
PHOt_e,9,frac_fixed,0.0
PHOt_e,9,frac_variable,1.0
PHOt_e,9,frac_bidirectional,0.0
PHOt_e,10,minimum,99.99999999993044
PHOt_e,10,maximum,100.0
PHOt_e,10,mean_range,4.86981728655093e-13
PHOt_e,10,mean_midpoint,99.99999999999976
PHOt_e,10,median_range,5.613287612504791e-13
PHOt_e,10,median_midpoint,99.99999999999972
PHOt_e,10,std_range,1.0443956278321324e-11
PHOt_e,10,frac_fixed,1.0
PHOt_e,10,frac_variable,0.0
PHOt_e,10,frac_bidirectional,0.0
PHOt_e,11,minimum,100.00000000000017
PHOt_e,11,maximum,100.0
PHOt_e,11,mean_range,-1.7053025658242404e-13
PHOt_e,11,mean_midpoint,100.00000000000009
PHOt_e,11,median_range,-1.7053025658242404e-13
PHOt_e,11,median_midpoint,100.00000000000009
PHOt_e,11,std_range,0.0
PHOt_e,11,frac_fixed,1.0
PHOt_e,11,frac_variable,0.0
PHOt_e,11,frac_bidirectional,0.0
PHOt_e,12,minimum,0.6153846153846858
PHOt_e,12,maximum,100.0
PHOt_e,12,mean_range,99.38461538461532
PHOt_e,12,mean_midpoint,50.30769230769234
PHOt_e,12,median_range,99.38461538461532
PHOt_e,12,median_midpoint,50.30769230769234
PHOt_e,12,std_range,0.0
PHOt_e,12,frac_fixed,0.0
PHOt_e,12,frac_variable,1.0
PHOt_e,12,frac_bidirectional,0.0
CA_h,1,minimum,-1000.0
CA_h,1,maximum,9.19936708860759
CA_h,1,mean_range,1000.103151730728
CA_h,1,mean_midpoint,-495.267904979288
CA_h,1,median_range,1000.5782619781941
CA_h,1,median_midpoint,-495.6450887389739
CA_h,1,std_range,1.690103602183695
CA_h,1,frac_fixed,0.0
CA_h,1,frac_variable,1.0
CA_h,1,frac_bidirectional,1.0
CA_h,2,minimum,-986.156961284361
CA_h,2,maximum,18.030759493670878
CA_h,2,mean_range,913.2024881182684
CA_h,2,mean_midpoint,-442.8021934262228
CA_h,2,median_range,921.0689331309454
CA_h,2,median_midpoint,-446.73541593256135
CA_h,2,std_range,68.32487621269048
CA_h,2,frac_fixed,0.0
CA_h,2,frac_variable,1.0
CA_h,2,frac_bidirectional,1.0
CA_h,3,minimum,-1000.0
CA_h,3,maximum,4.020141493424046
CA_h,3,mean_range,1000.5498780889425
CA_h,3,mean_midpoint,-498.22464850107025
CA_h,3,median_range,1000.6039564430737
CA_h,3,median_midpoint,-498.5910002370681
CA_h,3,std_range,0.6815430205248093
CA_h,3,frac_fixed,0.0
CA_h,3,frac_variable,1.0
CA_h,3,frac_bidirectional,1.0
CA_h,4,minimum,-995.0314963454146
CA_h,4,maximum,4.932310951768197
CA_h,4,mean_range,991.1175901584033
CA_h,4,mean_midpoint,-491.05288904398645
CA_h,4,median_range,998.4603195546073
CA_h,4,median_midpoint,-494.70048645425135
CA_h,4,std_range,15.97260843540051
CA_h,4,frac_fixed,0.0
CA_h,4,frac_variable,1.0
CA_h,4,frac_bidirectional,1.0
CA_h,5,minimum,-902.7631415224582
CA_h,5,maximum,13.048433834356324
CA_h,5,mean_range,857.3934537852866
CA_h,5,mean_midpoint,-419.55485890812554
CA_h,5,median_range,857.7049821421272
CA_h,5,median_midpoint,-419.71062308654575
CA_h,5,std_range,35.88625634185496
CA_h,5,frac_fixed,0.0
CA_h,5,frac_variable,1.0
CA_h,5,frac_bidirectional,1.0
CA_h,6,minimum,-991.0121678041222
CA_h,6,maximum,17.577790391609135
CA_h,6,mean_range,915.0301998934194
CA_h,6,mean_midpoint,-447.23626047381873
CA_h,6,median_range,922.3653479538767
CA_h,6,median_midpoint,-451.9520425910758
CA_h,6,std_range,59.750854977015486
CA_h,6,frac_fixed,0.0
CA_h,6,frac_variable,1.0
CA_h,6,frac_bidirectional,1.0
CA_h,7,minimum,-994.4761744050995
CA_h,7,maximum,7.188835907122025
CA_h,7,mean_range,995.3879066427885
CA_h,7,mean_midpoint,-492.2036679311626
CA_h,7,median_range,997.744643388615
CA_h,7,median_midpoint,-493.410367776915
CA_h,7,std_range,9.837330000835603
CA_h,7,frac_fixed,0.0
CA_h,7,frac_variable,1.0
CA_h,7,frac_bidirectional,1.0
CA_h,8,minimum,-1000.0
CA_h,8,maximum,8.80306093222414
CA_h,8,mean_range,999.6704508141747
CA_h,8,mean_midpoint,-495.11118633244905
CA_h,8,median_range,999.7638777614806
CA_h,8,median_midpoint,-495.21135106914795
CA_h,8,std_range,1.4171035719420706
CA_h,8,frac_fixed,0.0
CA_h,8,frac_variable,1.0
CA_h,8,frac_bidirectional,1.0
CA_h,9,minimum,-989.8725405383021
CA_h,9,maximum,18.002428020831733
CA_h,9,mean_range,947.3887780411416
CA_h,9,mean_midpoint,-462.4049130037387
CA_h,9,median_range,965.933030514229
CA_h,9,median_midpoint,-472.0832650830828
CA_h,9,std_range,52.60937890609832
CA_h,9,frac_fixed,0.0
CA_h,9,frac_variable,1.0
CA_h,9,frac_bidirectional,1.0
CA_h,10,minimum,-897.8854091540497
CA_h,10,maximum,18.131418900849816
CA_h,10,mean_range,823.1368760987108
CA_h,10,mean_midpoint,-399.97641995034303
CA_h,10,median_range,823.3833723347971
CA_h,10,median_midpoint,-400.10949153750016
CA_h,10,std_range,47.59022558144838
CA_h,10,frac_fixed,0.0
CA_h,10,frac_variable,1.0
CA_h,10,frac_bidirectional,1.0
CA_h,11,minimum,-720.0527064754829
CA_h,11,maximum,18.39873417721518
CA_h,11,mean_range,738.451440652698
CA_h,11,mean_midpoint,-350.82698614913386
CA_h,11,median_range,738.451440652698
CA_h,11,median_midpoint,-350.82698614913386
CA_h,11,std_range,0.0
CA_h,11,frac_fixed,0.0
CA_h,11,frac_variable,1.0
CA_h,11,frac_bidirectional,1.0
CA_h,12,minimum,-1000.0
CA_h,12,maximum,0.0
CA_h,12,mean_range,1000.0
CA_h,12,mean_midpoint,-500.0
CA_h,12,median_range,1000.0
CA_h,12,median_midpoint,-500.0
CA_h,12,std_range,0.0
CA_h,12,frac_fixed,0.0
CA_h,12,frac_variable,1.0
CA_h,12,frac_bidirectional,0.0
CA_m,1,minimum,-301.6768450939917
CA_m,1,maximum,1000.000000000001
CA_m,1,mean_range,1286.7520113895912
CA_m,1,mean_midpoint,355.94533315677296
CA_m,1,median_range,1289.3017618127928
CA_m,1,median_midpoint,355.34911909360466
CA_m,1,std_range,11.098306014353478
CA_m,1,frac_fixed,0.0
CA_m,1,frac_variable,1.0
CA_m,1,frac_bidirectional,1.0
CA_m,2,minimum,-266.01875477732915
CA_m,2,maximum,995.7243030565131
CA_m,2,mean_range,1144.537210237866
CA_m,2,mean_midpoint,333.10178072135074
CA_m,2,median_range,1151.8443760726254
CA_m,2,median_midpoint,335.99897123366725
CA_m,2,std_range,87.80746086462291
CA_m,2,frac_fixed,0.0
CA_m,2,frac_variable,1.0
CA_m,2,frac_bidirectional,1.0
CA_m,3,minimum,-301.49560396947186
CA_m,3,maximum,999.95695269047
CA_m,3,mean_range,1278.6653362558761
CA_m,3,mean_midpoint,359.79051872444717
CA_m,3,median_range,1279.0989878049102
CA_m,3,median_midpoint,359.58955990697063
CA_m,3,std_range,13.33752575859967
CA_m,3,frac_fixed,0.0
CA_m,3,frac_variable,1.0
CA_m,3,frac_bidirectional,1.0
CA_m,4,minimum,-257.290807707109
CA_m,4,maximum,998.2781076188509
CA_m,4,mean_range,1241.152696674251
CA_m,4,mean_midpoint,370.08371000800497
CA_m,4,median_range,1249.6863972062151
CA_m,4,median_midpoint,372.01519528819654
CA_m,4,std_range,21.259728205288877
CA_m,4,frac_fixed,0.0
CA_m,4,frac_variable,1.0
CA_m,4,frac_bidirectional,1.0
CA_m,5,minimum,-227.15145166805968
CA_m,5,maximum,907.6947621495697
CA_m,5,mean_range,1072.6546133486936
CA_m,5,mean_midpoint,320.8523305393204
CA_m,5,median_range,1072.9661417056664
CA_m,5,median_midpoint,321.0080947178103
CA_m,5,std_range,43.91881542606879
CA_m,5,frac_fixed,0.0
CA_m,5,frac_variable,1.0
CA_m,5,frac_bidirectional,1.0
CA_m,6,minimum,-250.33671509591952
CA_m,6,maximum,996.307815655378
CA_m,6,mean_range,1144.4303790446306
CA_m,6,mean_midpoint,340.91935027096565
CA_m,6,median_range,1153.006289301215
CA_m,6,median_midpoint,342.9656233316419
CA_m,6,std_range,73.67897875383497
CA_m,6,frac_fixed,0.0
CA_m,6,frac_variable,1.0
CA_m,6,frac_bidirectional,1.0
CA_m,7,minimum,-257.3449373430699
CA_m,7,maximum,998.3642022379084
CA_m,7,mean_range,1247.5945643522641
CA_m,7,mean_midpoint,371.3924437847374
CA_m,7,median_range,1250.311864755983
CA_m,7,median_midpoint,372.01964816216116
CA_m,7,std_range,13.3566263883125
CA_m,7,frac_fixed,0.0
CA_m,7,frac_variable,1.0
CA_m,7,frac_bidirectional,1.0
CA_m,8,minimum,-300.95691602078006
CA_m,8,maximum,999.9569526904716
CA_m,8,mean_range,1275.051503012345
CA_m,8,mean_midpoint,361.3627387939561
CA_m,8,median_range,1274.5367598446574
CA_m,8,median_midpoint,361.67148604373835
CA_m,8,std_range,11.439172283588169
CA_m,8,frac_fixed,0.0
CA_m,8,frac_variable,1.0
CA_m,8,frac_bidirectional,1.0
CA_m,9,minimum,-267.5382796149553
CA_m,9,maximum,996.7476837370078
CA_m,9,mean_range,1187.112496846678
CA_m,9,mean_midpoint,348.8604654231313
CA_m,9,median_range,1207.5710583169923
CA_m,9,median_midpoint,357.2256309442055
CA_m,9,std_range,67.89951700415983
CA_m,9,frac_fixed,0.0
CA_m,9,frac_variable,1.0
CA_m,9,frac_bidirectional,1.0
CA_m,10,minimum,-225.88453442287633
CA_m,10,maximum,902.6085004234616
CA_m,10,mean_range,1030.6995022242158
CA_m,10,mean_midpoint,307.62931440366054
CA_m,10,median_range,1030.9730254784308
CA_m,10,median_midpoint,307.73882125976246
CA_m,10,std_range,58.124469726789066
CA_m,10,frac_fixed,0.0
CA_m,10,frac_variable,1.0
CA_m,10,frac_bidirectional,1.0
CA_m,11,minimum,-188.86672946087342
CA_m,11,maximum,738.4514406526903
CA_m,11,mean_range,927.3181701135637
CA_m,11,mean_midpoint,274.7923555959084
CA_m,11,median_range,927.3181701135637
CA_m,11,median_midpoint,274.7923555959084
CA_m,11,std_range,0.0
CA_m,11,frac_fixed,0.0
CA_m,11,frac_variable,1.0
CA_m,11,frac_bidirectional,1.0
CA_m,12,minimum,-302.62906028386504
CA_m,12,maximum,1000.0
CA_m,12,mean_range,1302.629060283865
CA_m,12,mean_midpoint,348.68546985806745
CA_m,12,median_range,1302.629060283865
CA_m,12,median_midpoint,348.68546985806745
CA_m,12,std_range,0.0
CA_m,12,frac_fixed,0.0
CA_m,12,frac_variable,1.0
CA_m,12,frac_bidirectional,1.0
CO2t_e,1,minimum,0.12265822784810076
CO2t_e,1,maximum,3.06645569620253
CO2t_e,1,mean_range,3.552713678800501e-17
CO2t_e,1,mean_midpoint,1.5945569620253153
CO2t_e,1,median_range,0.0
CO2t_e,1,median_midpoint,1.5945569620253153
CO2t_e,1,std_range,2.486899575160351e-16
CO2t_e,1,frac_fixed,1.0
CO2t_e,1,frac_variable,0.0
CO2t_e,1,frac_bidirectional,0.0
CO2t_e,2,minimum,3.1891139240506305
CO2t_e,2,maximum,6.010253164556959
CO2t_e,2,mean_range,1.4802973661668753e-16
CO2t_e,2,mean_midpoint,4.599683544303795
CO2t_e,2,median_range,0.0
CO2t_e,2,median_midpoint,4.599683544303795
CO2t_e,2,std_range,7.762744877793949e-16
CO2t_e,2,frac_fixed,1.0
CO2t_e,2,frac_variable,0.0
CO2t_e,2,frac_bidirectional,0.0
CO2t_e,3,minimum,0.042996960006028734
CO2t_e,3,maximum,1.717215189873417
CO2t_e,3,mean_range,-1.139025980452696e-17
CO2t_e,3,mean_midpoint,0.8757875986557175
CO2t_e,3,median_range,0.0
CO2t_e,3,median_midpoint,0.8599392001205746
CO2t_e,3,std_range,1.3978945840957523e-16
CO2t_e,3,frac_fixed,1.0
CO2t_e,3,frac_variable,0.0
CO2t_e,3,frac_bidirectional,0.0
CO2t_e,4,minimum,1.7198784002411491
CO2t_e,4,maximum,2.1068510402954077
CO2t_e,4,mean_range,3.416070845000482e-17
CO2t_e,4,mean_midpoint,1.9247109337993573
CO2t_e,4,median_range,0.0
CO2t_e,4,median_midpoint,1.9348632002712929
CO2t_e,4,std_range,2.7328566760003855e-16
CO2t_e,4,frac_fixed,1.0
CO2t_e,4,frac_variable,0.0
CO2t_e,4,frac_bidirectional,0.0
CO2t_e,5,minimum,2.207848101265821
CO2t_e,5,maximum,4.538354430379744
CO2t_e,5,mean_range,0.0
CO2t_e,5,mean_midpoint,3.3731012658227826
CO2t_e,5,median_range,0.0
CO2t_e,5,median_midpoint,3.3731012658227826
CO2t_e,5,std_range,5.438959822042073e-16
CO2t_e,5,frac_fixed,1.0
CO2t_e,5,frac_variable,0.0
CO2t_e,5,frac_bidirectional,0.0
CO2t_e,6,minimum,2.3305063291139225
CO2t_e,6,maximum,5.887594936708857
CO2t_e,6,mean_range,4.512136356765342e-17
CO2t_e,6,mean_midpoint,3.6784349827387786
CO2t_e,6,median_range,0.0
CO2t_e,6,median_midpoint,3.5570886075949346
CO2t_e,6,std_range,5.800855890232946e-16
CO2t_e,6,frac_fixed,1.0
CO2t_e,6,frac_variable,0.0
CO2t_e,6,frac_bidirectional,0.0
CO2t_e,7,minimum,1.8398734177215177
CO2t_e,7,maximum,2.698481012658226
CO2t_e,7,mean_range,7.011934892369409e-17
CO2t_e,7,mean_midpoint,2.2078481012658213
CO2t_e,7,median_range,0.0
CO2t_e,7,median_midpoint,2.207848101265821
CO2t_e,7,std_range,2.6027200805479174e-16
CO2t_e,7,frac_fixed,1.0
CO2t_e,7,frac_variable,0.0
CO2t_e,7,frac_bidirectional,0.0
CO2t_e,8,minimum,0.12265822784810076
CO2t_e,8,maximum,2.9437974683544286
CO2t_e,8,mean_range,3.266505571576643e-17
CO2t_e,8,mean_midpoint,1.7189336939413409
CO2t_e,8,median_range,0.0
CO2t_e,8,median_midpoint,1.717215189873417
CO2t_e,8,std_range,2.2216953929064656e-16
CO2t_e,8,frac_fixed,1.0
CO2t_e,8,frac_variable,0.0
CO2t_e,8,frac_bidirectional,0.0
CO2t_e,9,minimum,2.575822784810125
CO2t_e,9,maximum,6.010253164556959
CO2t_e,9,mean_range,4.197858202562781e-17
CO2t_e,9,mean_midpoint,3.8701416965803865
CO2t_e,9,median_range,0.0
CO2t_e,9,median_midpoint,3.7410759493670858
CO2t_e,9,std_range,6.010580689896802e-16
CO2t_e,9,frac_fixed,1.0
CO2t_e,9,frac_variable,0.0
CO2t_e,9,frac_bidirectional,0.0
CO2t_e,10,minimum,2.1498480003014357
CO2t_e,10,maximum,6.053250124562987
CO2t_e,10,mean_range,6.498866485610672e-17
CO2t_e,10,mean_midpoint,4.104476504570428
CO2t_e,10,median_range,0.0
CO2t_e,10,median_midpoint,4.101549062432212
CO2t_e,10,std_range,6.799697332334903e-16
CO2t_e,10,frac_fixed,1.0
CO2t_e,10,frac_variable,0.0
CO2t_e,10,frac_bidirectional,0.0
CO2t_e,11,minimum,6.13291139240506
CO2t_e,11,maximum,6.13291139240506
CO2t_e,11,mean_range,0.0
CO2t_e,11,mean_midpoint,6.13291139240506
CO2t_e,11,median_range,0.0
CO2t_e,11,median_midpoint,6.13291139240506
CO2t_e,11,std_range,0.0
CO2t_e,11,frac_fixed,1.0
CO2t_e,11,frac_variable,0.0
CO2t_e,11,frac_bidirectional,0.0
CO2t_e,12,minimum,0.0
CO2t_e,12,maximum,0.0
CO2t_e,12,mean_range,0.0
CO2t_e,12,mean_midpoint,0.0
CO2t_e,12,median_range,0.0
CO2t_e,12,median_midpoint,0.0
CO2t_e,12,std_range,0.0
CO2t_e,12,frac_fixed,1.0
CO2t_e,12,frac_variable,0.0
CO2t_e,12,frac_bidirectional,0.0
NAHCO3CLt_e,1,minimum,0.3679746835443023
NAHCO3CLt_e,1,maximum,9.19936708860759
NAHCO3CLt_e,1,mean_range,0.0
NAHCO3CLt_e,1,mean_midpoint,4.783670886075947
NAHCO3CLt_e,1,median_range,0.0
NAHCO3CLt_e,1,median_midpoint,4.783670886075946
NAHCO3CLt_e,1,std_range,0.0
NAHCO3CLt_e,1,frac_fixed,1.0
NAHCO3CLt_e,1,frac_variable,0.0
NAHCO3CLt_e,1,frac_bidirectional,0.0
NAHCO3CLt_e,2,minimum,9.567341772151893
NAHCO3CLt_e,2,maximum,18.030759493670878
NAHCO3CLt_e,2,mean_range,0.0
NAHCO3CLt_e,2,mean_midpoint,13.799050632911383
NAHCO3CLt_e,2,median_range,0.0
NAHCO3CLt_e,2,median_midpoint,13.799050632911385
NAHCO3CLt_e,2,std_range,0.0
NAHCO3CLt_e,2,frac_fixed,1.0
NAHCO3CLt_e,2,frac_variable,0.0
NAHCO3CLt_e,2,frac_bidirectional,0.0
NAHCO3CLt_e,3,minimum,0.12899088001808617
NAHCO3CLt_e,3,maximum,5.151645569620251
NAHCO3CLt_e,3,mean_range,0.0
NAHCO3CLt_e,3,mean_midpoint,2.6273627959671524
NAHCO3CLt_e,3,median_range,0.0
NAHCO3CLt_e,3,median_midpoint,2.5798176003617237
NAHCO3CLt_e,3,std_range,0.0
NAHCO3CLt_e,3,frac_fixed,1.0
NAHCO3CLt_e,3,frac_variable,0.0
NAHCO3CLt_e,3,frac_bidirectional,0.0
NAHCO3CLt_e,4,minimum,5.159635200723447
NAHCO3CLt_e,4,maximum,6.320553120886223
NAHCO3CLt_e,4,mean_range,0.0
NAHCO3CLt_e,4,mean_midpoint,5.774132801398071
NAHCO3CLt_e,4,median_range,0.0
NAHCO3CLt_e,4,median_midpoint,5.804589600813879
NAHCO3CLt_e,4,std_range,0.0
NAHCO3CLt_e,4,frac_fixed,1.0
NAHCO3CLt_e,4,frac_variable,0.0
NAHCO3CLt_e,4,frac_bidirectional,0.0
NAHCO3CLt_e,5,minimum,6.623544303797464
NAHCO3CLt_e,5,maximum,13.615063291139233
NAHCO3CLt_e,5,mean_range,0.0
NAHCO3CLt_e,5,mean_midpoint,10.119303797468348
NAHCO3CLt_e,5,median_range,0.0
NAHCO3CLt_e,5,median_midpoint,10.119303797468348
NAHCO3CLt_e,5,std_range,0.0
NAHCO3CLt_e,5,frac_fixed,1.0
NAHCO3CLt_e,5,frac_variable,0.0
NAHCO3CLt_e,5,frac_bidirectional,0.0
NAHCO3CLt_e,6,minimum,6.991518987341768
NAHCO3CLt_e,6,maximum,17.66278481012657
NAHCO3CLt_e,6,mean_range,0.0
NAHCO3CLt_e,6,mean_midpoint,11.035304948216334
NAHCO3CLt_e,6,median_range,0.0
NAHCO3CLt_e,6,median_midpoint,10.671265822784804
NAHCO3CLt_e,6,std_range,0.0
NAHCO3CLt_e,6,frac_fixed,1.0
NAHCO3CLt_e,6,frac_variable,0.0
NAHCO3CLt_e,6,frac_bidirectional,0.0
NAHCO3CLt_e,7,minimum,5.519620253164553
NAHCO3CLt_e,7,maximum,8.095443037974679
NAHCO3CLt_e,7,mean_range,0.0
NAHCO3CLt_e,7,mean_midpoint,6.623544303797464
NAHCO3CLt_e,7,median_range,0.0
NAHCO3CLt_e,7,median_midpoint,6.623544303797464
NAHCO3CLt_e,7,std_range,0.0
NAHCO3CLt_e,7,frac_fixed,1.0
NAHCO3CLt_e,7,frac_variable,0.0
NAHCO3CLt_e,7,frac_bidirectional,0.0
NAHCO3CLt_e,8,minimum,0.3679746835443023
NAHCO3CLt_e,8,maximum,8.831392405063285
NAHCO3CLt_e,8,mean_range,0.0
NAHCO3CLt_e,8,mean_midpoint,5.156801081824023
NAHCO3CLt_e,8,median_range,0.0
NAHCO3CLt_e,8,median_midpoint,5.151645569620251
NAHCO3CLt_e,8,std_range,0.0
NAHCO3CLt_e,8,frac_fixed,1.0
NAHCO3CLt_e,8,frac_variable,0.0
NAHCO3CLt_e,8,frac_bidirectional,0.0
NAHCO3CLt_e,9,minimum,7.727468354430375
NAHCO3CLt_e,9,maximum,18.030759493670878
NAHCO3CLt_e,9,mean_range,0.0
NAHCO3CLt_e,9,mean_midpoint,11.610425089741161
NAHCO3CLt_e,9,median_range,0.0
NAHCO3CLt_e,9,median_midpoint,11.22322784810126
NAHCO3CLt_e,9,std_range,0.0
NAHCO3CLt_e,9,frac_fixed,1.0
NAHCO3CLt_e,9,frac_variable,0.0
NAHCO3CLt_e,9,frac_bidirectional,0.0
NAHCO3CLt_e,10,minimum,6.449544000904309
NAHCO3CLt_e,10,maximum,18.15975037368896
NAHCO3CLt_e,10,mean_range,0.0
NAHCO3CLt_e,10,mean_midpoint,12.313429513711283
NAHCO3CLt_e,10,median_range,0.0
NAHCO3CLt_e,10,median_midpoint,12.304647187296634
NAHCO3CLt_e,10,std_range,0.0
NAHCO3CLt_e,10,frac_fixed,1.0
NAHCO3CLt_e,10,frac_variable,0.0
NAHCO3CLt_e,10,frac_bidirectional,0.0
NAHCO3CLt_e,11,minimum,18.39873417721518
NAHCO3CLt_e,11,maximum,18.39873417721518
NAHCO3CLt_e,11,mean_range,0.0
NAHCO3CLt_e,11,mean_midpoint,18.39873417721518
NAHCO3CLt_e,11,median_range,0.0
NAHCO3CLt_e,11,median_midpoint,18.39873417721518
NAHCO3CLt_e,11,std_range,0.0
NAHCO3CLt_e,11,frac_fixed,1.0
NAHCO3CLt_e,11,frac_variable,0.0
NAHCO3CLt_e,11,frac_bidirectional,0.0
NAHCO3CLt_e,12,minimum,0.0
NAHCO3CLt_e,12,maximum,0.0
NAHCO3CLt_e,12,mean_range,0.0
NAHCO3CLt_e,12,mean_midpoint,0.0
NAHCO3CLt_e,12,median_range,0.0
NAHCO3CLt_e,12,median_midpoint,0.0
NAHCO3CLt_e,12,std_range,0.0
NAHCO3CLt_e,12,frac_fixed,1.0
NAHCO3CLt_e,12,frac_variable,0.0
NAHCO3CLt_e,12,frac_bidirectional,0.0
