reaction_id,cluster,metric,value
DM_for_c,1,minimum,0.0
DM_for_c,1,maximum,12.26582278481013
DM_for_c,1,mean_range,6.378227848101676
DM_for_c,1,mean_midpoint,3.189113924050838
DM_for_c,1,median_range,6.37822784810127
DM_for_c,1,median_midpoint,3.189113924050635
DM_for_c,1,std_range,3.5380042389103665
DM_for_c,1,frac_fixed,0.0
DM_for_c,1,frac_variable,1.0
DM_for_c,1,frac_bidirectional,0.0
DM_for_c,2,minimum,0.9812658227848239
DM_for_c,2,maximum,24.041012658227853
DM_for_c,2,mean_range,6.132911392405046
DM_for_c,2,mean_midpoint,15.332278481012677
DM_for_c,2,median_range,6.132911392405102
DM_for_c,2,median_midpoint,15.332278481012692
DM_for_c,2,std_range,3.3962525414209193
DM_for_c,2,frac_fixed,0.0
DM_for_c,2,frac_variable,1.0
DM_for_c,2,frac_bidirectional,0.0
DM_for_c,3,minimum,0.0
DM_for_c,3,maximum,1.4922351548873891e-12
DM_for_c,3,mean_range,-7.976783869178895e-14
DM_for_c,3,mean_midpoint,-3.9883919345894477e-14
DM_for_c,3,median_range,0.0
DM_for_c,3,median_midpoint,0.0
DM_for_c,3,std_range,4.894655597368085e-13
DM_for_c,3,frac_fixed,1.0
DM_for_c,3,frac_variable,0.0
DM_for_c,3,frac_bidirectional,0.0
DM_for_c,4,minimum,0.0
DM_for_c,4,maximum,2.2275926762904685e-12
DM_for_c,4,mean_range,1.713532827915745e-13
DM_for_c,4,mean_midpoint,8.567664139578726e-14
DM_for_c,4,median_range,0.0
DM_for_c,4,median_midpoint,0.0
DM_for_c,4,std_range,5.935851836774497e-13
DM_for_c,4,frac_fixed,1.0
DM_for_c,4,frac_variable,0.0
DM_for_c,4,frac_bidirectional,0.0
DM_for_c,5,minimum,0.3173435763709405
DM_for_c,5,maximum,14.713660921036293
DM_for_c,5,mean_range,0.09854521234299657
DM_for_c,5,mean_midpoint,6.23041002958668
DM_for_c,5,median_range,0.08131824677534283
DM_for_c,5,median_midpoint,4.890349851717578
DM_for_c,5,std_range,0.07356312082097972
DM_for_c,5,frac_fixed,0.0
DM_for_c,5,frac_variable,1.0
DM_for_c,5,frac_bidirectional,0.0
DM_for_c,6,minimum,0.0
DM_for_c,6,maximum,23.03441622676315
DM_for_c,6,mean_range,1.3178190383912038
DM_for_c,6,mean_midpoint,9.363311711819689
DM_for_c,6,median_range,1.1639065042798666
DM_for_c,6,median_midpoint,8.69674973056051
DM_for_c,6,std_range,0.8603330937608851
DM_for_c,6,frac_fixed,0.0
DM_for_c,6,frac_variable,1.0
DM_for_c,6,frac_bidirectional,0.0
DM_for_c,7,minimum,0.045334796624833584
DM_for_c,7,maximum,14.546999501748092
DM_for_c,7,mean_range,7.891555097510273
DM_for_c,7,mean_midpoint,5.90093415022937
DM_for_c,7,median_range,8.098106248342509
DM_for_c,7,median_midpoint,5.955597131645361
DM_for_c,7,std_range,2.032829532700196
DM_for_c,7,frac_fixed,0.0
DM_for_c,7,frac_variable,1.0
DM_for_c,7,frac_bidirectional,0.0
DM_for_c,8,minimum,2.831822192163426
DM_for_c,8,maximum,23.869024818204206
DM_for_c,8,mean_range,4.435480945495842
DM_for_c,8,mean_midpoint,12.8274874425164
DM_for_c,8,median_range,4.294369579867233
DM_for_c,8,median_midpoint,12.541145522423001
DM_for_c,8,std_range,1.9563469444398631
DM_for_c,8,frac_fixed,0.0
DM_for_c,8,frac_variable,1.0
DM_for_c,8,frac_bidirectional,0.0
DM_for_c,9,minimum,0.0
DM_for_c,9,maximum,5.290313169861336
DM_for_c,9,mean_range,1.8732622443500158
DM_for_c,9,mean_midpoint,1.1531866831477158
DM_for_c,9,median_range,1.8158744142254966
DM_for_c,9,median_midpoint,0.9392750942132362
DM_for_c,9,std_range,1.0745228858186626
DM_for_c,9,frac_fixed,0.0
DM_for_c,9,frac_variable,1.0
DM_for_c,9,frac_bidirectional,0.0
DM_for_c,10,minimum,0.0
DM_for_c,10,maximum,11.603202033393941
DM_for_c,10,mean_range,4.248567310536843
DM_for_c,10,mean_midpoint,2.124344394244172
DM_for_c,10,median_range,3.8690756530438883
DM_for_c,10,median_midpoint,1.9345378265219442
DM_for_c,10,std_range,2.8449532271608566
DM_for_c,10,frac_fixed,0.0
DM_for_c,10,frac_variable,1.0
DM_for_c,10,frac_bidirectional,0.0
DM_for_c,11,minimum,0.0
DM_for_c,11,maximum,24.04101265822764
DM_for_c,11,mean_range,-2.309257121567736e-13
DM_for_c,11,mean_midpoint,12.038536414475468
DM_for_c,11,median_range,-1.5543122344752192e-13
DM_for_c,11,median_midpoint,12.020506329113527
DM_for_c,11,std_range,1.1773702231943386e-12
DM_for_c,11,frac_fixed,1.0
DM_for_c,11,frac_variable,0.0
DM_for_c,11,frac_bidirectional,0.0
DM_for_c,12,minimum,24.531645569620323
DM_for_c,12,maximum,24.531645569620284
DM_for_c,12,mean_range,-3.907985046680551e-14
DM_for_c,12,mean_midpoint,24.531645569620302
DM_for_c,12,median_range,-3.907985046680551e-14
DM_for_c,12,median_midpoint,24.531645569620302
DM_for_c,12,std_range,0.0
DM_for_c,12,frac_fixed,1.0
DM_for_c,12,frac_variable,0.0
DM_for_c,12,frac_bidirectional,0.0
DM_for_c,13,minimum,0.0
DM_for_c,13,maximum,0.0
DM_for_c,13,mean_range,0.0
DM_for_c,13,mean_midpoint,0.0
DM_for_c,13,median_range,0.0
DM_for_c,13,median_midpoint,0.0
DM_for_c,13,std_range,0.0
DM_for_c,13,frac_fixed,1.0
DM_for_c,13,frac_variable,0.0
DM_for_c,13,frac_bidirectional,0.0
H2Ot_e,1,minimum,-4.718981012658105
H2Ot_e,1,maximum,4.8817974683543355
H2Ot_e,1,mean_range,6.185301265822626
H2Ot_e,1,mean_midpoint,0.16024556962030304
H2Ot_e,1,median_range,7.25800632910633
H2Ot_e,1,median_midpoint,0.14273734177220154
H2Ot_e,1,std_range,2.8000023221566273
H2Ot_e,1,frac_fixed,0.0
H2Ot_e,1,frac_variable,1.0
H2Ot_e,1,frac_bidirectional,1.0
H2Ot_e,2,minimum,-3.071207956601114
H2Ot_e,2,maximum,4.219443037974713
H2Ot_e,2,mean_range,3.8649819168174617
H2Ot_e,2,mean_midpoint,1.4406103074141037
H2Ot_e,2,median_range,3.8649819168175323
H2Ot_e,2,median_midpoint,1.4406103074139027
H2Ot_e,2,std_range,2.0620104715771608
H2Ot_e,2,frac_fixed,0.0
H2Ot_e,2,frac_variable,1.0
H2Ot_e,2,frac_bidirectional,0.5833333333333334
H2Ot_e,3,minimum,-1.04176315723723
H2Ot_e,3,maximum,-0.026084470409557525
H2Ot_e,3,mean_range,-1.2159759572415504e-12
H2Ot_e,3,mean_midpoint,-0.5313039735637795
H2Ot_e,3,median_range,-3.517186542012496e-13
H2Ot_e,3,median_midpoint,-0.5216894081958188
H2Ot_e,3,std_range,8.918299599517074e-12
H2Ot_e,3,frac_fixed,1.0
H2Ot_e,3,frac_variable,0.0
H2Ot_e,3,frac_bidirectional,0.0
H2Ot_e,4,minimum,-1.2781390500781071
H2Ot_e,4,maximum,-1.0433788163905433
H2Ot_e,4,mean_range,4.0673447515998234e-13
H2Ot_e,4,mean_midpoint,-1.1676422098908326
H2Ot_e,4,median_range,4.4586556668946287e-13
H2Ot_e,4,median_midpoint,-1.1738011684378604
H2Ot_e,4,std_range,1.4532033091614419e-12
H2Ot_e,4,frac_fixed,1.0
H2Ot_e,4,frac_variable,0.0
H2Ot_e,4,frac_bidirectional,0.0
H2Ot_e,5,minimum,-1.3243848932008886
H2Ot_e,5,maximum,0.9510082890930205
H2Ot_e,5,mean_range,0.11907286380995949
H2Ot_e,5,mean_midpoint,-0.3720572704046258
H2Ot_e,5,median_range,0.10164780847040777
H2Ot_e,5,median_midpoint,-0.5578060046967623
H2Ot_e,5,std_range,0.08522258796074512
H2Ot_e,5,frac_fixed,0.0
H2Ot_e,5,frac_variable,1.0
H2Ot_e,5,frac_bidirectional,0.0
H2Ot_e,6,minimum,-1.611180566840531
H2Ot_e,6,maximum,2.2315208636171135
H2Ot_e,6,mean_range,0.9237085016856768
H2Ot_e,6,mean_midpoint,0.16965122135946362
H2Ot_e,6,median_range,0.8327151184182533
H2Ot_e,6,median_midpoint,0.05078781135720356
H2Ot_e,6,std_range,0.5253967081677957
H2Ot_e,6,frac_fixed,0.0
H2Ot_e,6,frac_variable,1.0
H2Ot_e,6,frac_bidirectional,0.43315508021390375
H2Ot_e,7,minimum,-3.224400774771482
H2Ot_e,7,maximum,4.170093452429285
H2Ot_e,7,mean_range,4.924727413491387
H2Ot_e,7,mean_midpoint,0.1340266472412297
H2Ot_e,7,median_range,5.05235637689464
H2Ot_e,7,median_midpoint,0.16418309895681205
H2Ot_e,7,std_range,1.2390926625077447
H2Ot_e,7,frac_fixed,0.0
H2Ot_e,7,frac_variable,1.0
H2Ot_e,7,frac_bidirectional,1.0
H2Ot_e,8,minimum,-2.031857607409748
H2Ot_e,8,maximum,3.7285238321759877
H2Ot_e,8,mean_range,2.8283429707742695
H2Ot_e,8,mean_midpoint,0.9306887839790131
H2Ot_e,8,median_range,2.737509387076642
H2Ot_e,8,median_midpoint,0.9200798871720557
H2Ot_e,8,std_range,1.1884953624376307
H2Ot_e,8,frac_fixed,0.0
H2Ot_e,8,frac_variable,1.0
H2Ot_e,8,frac_bidirectional,0.6982456140350877
H2Ot_e,9,minimum,-2.3060481449450165
H2Ot_e,9,maximum,0.5795980726746848
H2Ot_e,9,mean_range,1.5624716004342774
H2Ot_e,9,mean_midpoint,-0.9805580398723334
H2Ot_e,9,median_range,1.6592983689764687
H2Ot_e,9,median_midpoint,-1.0149846253040806
H2Ot_e,9,std_range,0.6726960113294944
H2Ot_e,9,frac_fixed,0.0
H2Ot_e,9,frac_variable,1.0
H2Ot_e,9,frac_bidirectional,0.38461538461538464
H2Ot_e,10,minimum,-4.654434726079559
H2Ot_e,10,maximum,4.758852946099978
H2Ot_e,10,mean_range,4.210362129997286
H2Ot_e,10,mean_midpoint,-0.30648802617209314
H2Ot_e,10,median_range,4.110549280523253
H2Ot_e,10,median_midpoint,-0.27291076833704864
H2Ot_e,10,std_range,2.436704665809611
H2Ot_e,10,frac_fixed,0.0
H2Ot_e,10,frac_variable,1.0
H2Ot_e,10,frac_bidirectional,0.8861646234676007
H2Ot_e,11,minimum,-1.304223520486925
H2Ot_e,11,maximum,2.378016795413174
H2Ot_e,11,mean_range,-3.438516409273661e-13
H2Ot_e,11,mean_midpoint,0.539658214446149
H2Ot_e,11,median_range,-9.992007221626409e-14
H2Ot_e,11,median_midpoint,0.5368966374638762
H2Ot_e,11,std_range,5.705002526574513e-12
H2Ot_e,11,frac_fixed,1.0
H2Ot_e,11,frac_variable,0.0
H2Ot_e,11,frac_bidirectional,0.0
H2Ot_e,12,minimum,2.4531645569620366
H2Ot_e,12,maximum,2.453164556962001
H2Ot_e,12,mean_range,-3.552713678800501e-14
H2Ot_e,12,mean_midpoint,2.453164556962019
H2Ot_e,12,median_range,-3.552713678800501e-14
H2Ot_e,12,median_midpoint,2.453164556962019
H2Ot_e,12,std_range,0.0
H2Ot_e,12,frac_fixed,1.0
H2Ot_e,12,frac_variable,0.0
H2Ot_e,12,frac_bidirectional,0.0
H2Ot_e,13,minimum,0.0
H2Ot_e,13,maximum,0.0
H2Ot_e,13,mean_range,0.0
H2Ot_e,13,mean_midpoint,0.0
H2Ot_e,13,median_range,0.0
H2Ot_e,13,median_midpoint,0.0
H2Ot_e,13,std_range,0.0
H2Ot_e,13,frac_fixed,1.0
H2Ot_e,13,frac_variable,0.0
H2Ot_e,13,frac_bidirectional,0.0
EX_h2o_e,1,minimum,-4.881797468354421
EX_h2o_e,1,maximum,4.71898101265819
EX_h2o_e,1,mean_range,6.185301265822725
EX_h2o_e,1,mean_midpoint,-0.16024556962028236
EX_h2o_e,1,median_range,7.25800632911367
EX_h2o_e,1,median_midpoint,-0.1427373417721256
EX_h2o_e,1,std_range,2.800002322156889
EX_h2o_e,1,frac_fixed,0.0
EX_h2o_e,1,frac_variable,1.0
EX_h2o_e,1,frac_bidirectional,1.0
EX_h2o_e,2,minimum,-4.219443037974685
EX_h2o_e,2,maximum,3.0712079566003183
EX_h2o_e,2,mean_range,3.864981916817269
EX_h2o_e,2,mean_midpoint,-1.4406103074141636
EX_h2o_e,2,median_range,3.864981916817399
EX_h2o_e,2,median_midpoint,-1.4406103074141399
EX_h2o_e,2,std_range,2.0620104715770315
EX_h2o_e,2,frac_fixed,0.0
EX_h2o_e,2,frac_variable,1.0
EX_h2o_e,2,frac_bidirectional,0.5833333333333334
EX_h2o_e,3,minimum,0.02608447040957884
EX_h2o_e,3,maximum,1.0417631572363106
EX_h2o_e,3,mean_range,1.6422921722757033e-15
EX_h2o_e,3,mean_midpoint,0.5313039735638206
EX_h2o_e,3,median_range,6.750155989720952e-14
EX_h2o_e,3,median_midpoint,0.5216894081951278
EX_h2o_e,3,std_range,3.283380756844761e-13
EX_h2o_e,3,frac_fixed,1.0
EX_h2o_e,3,frac_variable,0.0
EX_h2o_e,3,frac_bidirectional,0.0
EX_h2o_e,4,minimum,1.0433788163903017
EX_h2o_e,4,maximum,1.2781390500777574
EX_h2o_e,4,mean_range,1.6533782889802332e-14
EX_h2o_e,4,mean_midpoint,1.167642209890773
EX_h2o_e,4,median_range,-7.993605777301127e-15
EX_h2o_e,4,median_midpoint,1.1738011684389305
EX_h2o_e,4,std_range,1.763956049398537e-13
EX_h2o_e,4,frac_fixed,1.0
EX_h2o_e,4,frac_variable,0.0
EX_h2o_e,4,frac_bidirectional,0.0
EX_h2o_e,5,minimum,-0.951008289092595
EX_h2o_e,5,maximum,1.3243848931997801
EX_h2o_e,5,mean_range,0.11907286381134614
EX_h2o_e,5,mean_midpoint,0.3720572704050601
EX_h2o_e,5,median_range,0.10164780846956756
EX_h2o_e,5,median_midpoint,0.5578060046962428
EX_h2o_e,5,std_range,0.08522258796046935
EX_h2o_e,5,frac_fixed,0.0
EX_h2o_e,5,frac_variable,1.0
EX_h2o_e,5,frac_bidirectional,0.0
EX_h2o_e,6,minimum,-2.2315208636170816
EX_h2o_e,6,maximum,1.6111805668404715
EX_h2o_e,6,mean_range,0.9237085016853689
EX_h2o_e,6,mean_midpoint,-0.16965122135938515
EX_h2o_e,6,median_range,0.8327151184185055
EX_h2o_e,6,median_midpoint,-0.05078781135696531
EX_h2o_e,6,std_range,0.5253967081677968
EX_h2o_e,6,frac_fixed,0.0
EX_h2o_e,6,frac_variable,1.0
EX_h2o_e,6,frac_bidirectional,0.43315508021390375
EX_h2o_e,7,minimum,-4.170093452429398
EX_h2o_e,7,maximum,3.2244007747720342
EX_h2o_e,7,mean_range,4.924727413491342
EX_h2o_e,7,mean_midpoint,-0.13402664724134403
EX_h2o_e,7,median_range,5.052356376892748
EX_h2o_e,7,median_midpoint,-0.16418309895681382
EX_h2o_e,7,std_range,1.2390926625080536
EX_h2o_e,7,frac_fixed,0.0
EX_h2o_e,7,frac_variable,1.0
EX_h2o_e,7,frac_bidirectional,1.0
EX_h2o_e,8,minimum,-3.7285238321758527
EX_h2o_e,8,maximum,2.0318576074098473
EX_h2o_e,8,mean_range,2.8283429707742345
EX_h2o_e,8,mean_midpoint,-0.9306887839789305
EX_h2o_e,8,median_range,2.7375093870773757
EX_h2o_e,8,median_midpoint,-0.9200798871732045
EX_h2o_e,8,std_range,1.188495362437492
EX_h2o_e,8,frac_fixed,0.0
EX_h2o_e,8,frac_variable,1.0
EX_h2o_e,8,frac_bidirectional,0.6982456140350877
EX_h2o_e,9,minimum,-0.5795980726744645
EX_h2o_e,9,maximum,2.3060481449461463
EX_h2o_e,9,mean_range,1.5624716004339736
EX_h2o_e,9,mean_midpoint,0.9805580398723923
EX_h2o_e,9,median_range,1.6592983689771883
EX_h2o_e,9,median_midpoint,1.01498462530413
EX_h2o_e,9,std_range,0.6726960113297581
EX_h2o_e,9,frac_fixed,0.0
EX_h2o_e,9,frac_variable,1.0
EX_h2o_e,9,frac_bidirectional,0.38461538461538464
EX_h2o_e,10,minimum,-4.758852946100276
EX_h2o_e,10,maximum,4.654434726078351
EX_h2o_e,10,mean_range,4.210362129997289
EX_h2o_e,10,mean_midpoint,0.30648802617214616
EX_h2o_e,10,median_range,4.110549280524403
EX_h2o_e,10,median_midpoint,0.27291076833687633
EX_h2o_e,10,std_range,2.4367046658094407
EX_h2o_e,10,frac_fixed,0.0
EX_h2o_e,10,frac_variable,1.0
EX_h2o_e,10,frac_bidirectional,0.8861646234676007
EX_h2o_e,11,minimum,-2.378016795413018
EX_h2o_e,11,maximum,1.304223520487886
EX_h2o_e,11,mean_range,7.992766340380069e-13
EX_h2o_e,11,mean_midpoint,-0.5396582144462969
EX_h2o_e,11,median_range,-8.881784197001252e-15
EX_h2o_e,11,median_midpoint,-0.5368966374627293
EX_h2o_e,11,std_range,8.056761019273628e-12
EX_h2o_e,11,frac_fixed,1.0
EX_h2o_e,11,frac_variable,0.0
EX_h2o_e,11,frac_bidirectional,0.0
EX_h2o_e,12,minimum,-2.4531645569620366
EX_h2o_e,12,maximum,-2.4531645569620935
EX_h2o_e,12,mean_range,-5.684341886080802e-14
EX_h2o_e,12,mean_midpoint,-2.453164556962065
EX_h2o_e,12,median_range,-5.684341886080802e-14
EX_h2o_e,12,median_midpoint,-2.453164556962065
EX_h2o_e,12,std_range,0.0
EX_h2o_e,12,frac_fixed,1.0
EX_h2o_e,12,frac_variable,0.0
EX_h2o_e,12,frac_bidirectional,0.0
EX_h2o_e,13,minimum,0.0
EX_h2o_e,13,maximum,0.0
EX_h2o_e,13,mean_range,0.0
EX_h2o_e,13,mean_midpoint,0.0
EX_h2o_e,13,median_range,0.0
EX_h2o_e,13,median_midpoint,0.0
EX_h2o_e,13,std_range,0.0
EX_h2o_e,13,frac_fixed,1.0
EX_h2o_e,13,frac_variable,0.0
EX_h2o_e,13,frac_bidirectional,0.0
MTOBTA_c,1,minimum,-1.5165017261219802
MTOBTA_c,1,maximum,0.0
MTOBTA_c,1,mean_range,0.997322899884924
MTOBTA_c,1,mean_midpoint,-0.498661449942462
MTOBTA_c,1,median_range,1.1596777905638593
MTOBTA_c,1,median_midpoint,-0.5798388952819297
MTOBTA_c,1,std_range,0.42663968367144717
MTOBTA_c,1,frac_fixed,0.0
MTOBTA_c,1,frac_variable,1.0
MTOBTA_c,1,frac_bidirectional,0.0
MTOBTA_c,2,minimum,-1.070471806674335
MTOBTA_c,2,maximum,0.0
MTOBTA_c,2,mean_range,0.5575373993095489
MTOBTA_c,2,mean_midpoint,-0.27876869965477447
MTOBTA_c,2,median_range,0.5575373993095507
MTOBTA_c,2,median_midpoint,-0.27876869965477535
MTOBTA_c,2,std_range,0.30875023103825916
MTOBTA_c,2,frac_fixed,0.0
MTOBTA_c,2,frac_variable,1.0
MTOBTA_c,2,frac_bidirectional,0.0
MTOBTA_c,3,minimum,7.378384132054362e-05
MTOBTA_c,3,maximum,0.0029467835183691893
MTOBTA_c,3,mean_range,-1.0313660855484069e-14
MTOBTA_c,3,mean_midpoint,0.001502873068290248
MTOBTA_c,3,median_range,-3.469446951953614e-17
MTOBTA_c,3,median_midpoint,0.0014756768264526823
MTOBTA_c,3,std_range,3.4536229078680426e-14
MTOBTA_c,3,frac_fixed,1.0
MTOBTA_c,3,frac_variable,0.0
MTOBTA_c,3,frac_bidirectional,0.0
MTOBTA_c,4,minimum,0.0029513536528892725
MTOBTA_c,4,maximum,0.003615408224789358
MTOBTA_c,4,mean_range,-2.782229574932033e-17
MTOBTA_c,4,mean_midpoint,0.003302851320435298
MTOBTA_c,4,median_range,0.0
MTOBTA_c,4,median_midpoint,0.0033202728595003754
MTOBTA_c,4,std_range,6.448068589310163e-17
MTOBTA_c,4,frac_fixed,1.0
MTOBTA_c,4,frac_variable,0.0
MTOBTA_c,4,frac_bidirectional,0.0
MTOBTA_c,5,minimum,-0.017741422990073755
MTOBTA_c,5,maximum,0.003615408224789358
MTOBTA_c,5,mean_range,0.008958655667524528
MTOBTA_c,5,mean_midpoint,-0.0017493257048396876
MTOBTA_c,5,median_range,0.007392567888600132
MTOBTA_c,5,median_midpoint,-0.0006265127663706596
MTOBTA_c,5,std_range,0.006687556438188054
MTOBTA_c,5,frac_fixed,0.0
MTOBTA_c,5,frac_variable,1.0
MTOBTA_c,5,frac_bidirectional,0.8461538461538461
MTOBTA_c,6,minimum,-0.33303525444635895
MTOBTA_c,6,maximum,0.0035416243834671267
MTOBTA_c,6,mean_range,0.12006125295035683
MTOBTA_c,6,mean_midpoint,-0.05804832690938755
MTOBTA_c,6,median_range,0.105809682207337
MTOBTA_c,6,median_midpoint,-0.050809743389077025
MTOBTA_c,6,std_range,0.0779614829211086
MTOBTA_c,6,frac_fixed,0.0
MTOBTA_c,6,frac_variable,1.0
MTOBTA_c,6,frac_bidirectional,1.0
MTOBTA_c,7,minimum,-1.0860332810171325
MTOBTA_c,7,maximum,0.002361082922311418
MTOBTA_c,7,mean_range,0.717414099773651
MTOBTA_c,7,mean_midpoint,-0.35768542746851767
MTOBTA_c,7,median_range,0.7361914771220334
MTOBTA_c,7,median_midpoint,-0.3673579001477944
MTOBTA_c,7,std_range,0.18480268479092252
MTOBTA_c,7,frac_fixed,0.0
MTOBTA_c,7,frac_variable,1.0
MTOBTA_c,7,frac_bidirectional,1.0
MTOBTA_c,8,minimum,-0.8339768036911256
MTOBTA_c,8,maximum,0.0020659475570224905
MTOBTA_c,8,mean_range,0.40322554049958154
MTOBTA_c,8,mean_midpoint,-0.20085318502017874
MTOBTA_c,8,median_range,0.3903972345334203
MTOBTA_c,8,median_midpoint,-0.19389965828041061
MTOBTA_c,8,std_range,0.1778497222218453
MTOBTA_c,8,frac_fixed,0.0
MTOBTA_c,8,frac_variable,1.0
MTOBTA_c,8,frac_bidirectional,1.0
MTOBTA_c,9,minimum,-0.3927118804268014
MTOBTA_c,9,maximum,0.003394056700822663
MTOBTA_c,9,mean_range,0.23112119057771088
MTOBTA_c,9,mean_midpoint,-0.11266032275688158
MTOBTA_c,9,median_range,0.24513350452634786
MTOBTA_c,9,median_midpoint,-0.11972607437226798
MTOBTA_c,9,std_range,0.09723465372712019
MTOBTA_c,9,frac_fixed,0.0
MTOBTA_c,9,frac_variable,1.0
MTOBTA_c,9,frac_bidirectional,1.0
MTOBTA_c,10,minimum,-1.4874602085198732
MTOBTA_c,10,maximum,0.00287756981156704
MTOBTA_c,10,mean_range,0.6766873399504039
MTOBTA_c,10,mean_midpoint,-0.33721662502947075
MTOBTA_c,10,median_range,0.6741346644529386
MTOBTA_c,10,median_midpoint,-0.33517980079878884
MTOBTA_c,10,std_range,0.37961389481641306
MTOBTA_c,10,frac_fixed,0.0
MTOBTA_c,10,frac_variable,1.0
MTOBTA_c,10,frac_bidirectional,1.0
MTOBTA_c,11,minimum,7.37838413222318e-05
MTOBTA_c,11,maximum,0.00368919206611159
MTOBTA_c,11,mean_range,-1.5686921929965824e-14
MTOBTA_c,11,mean_midpoint,0.00187877649893553
MTOBTA_c,11,median_range,0.0
MTOBTA_c,11,median_midpoint,0.0018814879537169113
MTOBTA_c,11,std_range,1.4686243735195871e-13
MTOBTA_c,11,frac_fixed,1.0
MTOBTA_c,11,frac_variable,0.0
MTOBTA_c,11,frac_bidirectional,0.0
MTOBTA_c,12,minimum,0.0
MTOBTA_c,12,maximum,0.0
MTOBTA_c,12,mean_range,0.0
MTOBTA_c,12,mean_midpoint,0.0
MTOBTA_c,12,median_range,0.0
MTOBTA_c,12,median_midpoint,0.0
MTOBTA_c,12,std_range,0.0
MTOBTA_c,12,frac_fixed,1.0
MTOBTA_c,12,frac_variable,0.0
MTOBTA_c,12,frac_bidirectional,0.0
MTOBTA_c,13,minimum,0.0
MTOBTA_c,13,maximum,0.0
MTOBTA_c,13,mean_range,0.0
MTOBTA_c,13,mean_midpoint,0.0
MTOBTA_c,13,median_range,0.0
MTOBTA_c,13,median_midpoint,0.0
MTOBTA_c,13,std_range,0.0
MTOBTA_c,13,frac_fixed,1.0
MTOBTA_c,13,frac_variable,0.0
MTOBTA_c,13,frac_bidirectional,0.0
ANTHt_h,1,minimum,-1.1039240506329122
ANTHt_h,1,maximum,0.0
ANTHt_h,1,mean_range,0.6942455696202581
ANTHt_h,1,mean_midpoint,-0.34712278481012904
ANTHt_h,1,median_range,0.7972784810126587
ANTHt_h,1,median_midpoint,-0.3986392405063294
ANTHt_h,1,std_range,0.32604551761784434
ANTHt_h,1,frac_fixed,0.0
ANTHt_h,1,frac_variable,1.0
ANTHt_h,1,frac_bidirectional,0.0
ANTHt_h,2,minimum,-0.8410849909584054
ANTHt_h,2,maximum,0.0
ANTHt_h,2,mean_range,0.43806509945748956
ANTHt_h,2,mean_midpoint,-0.21903254972874478
ANTHt_h,2,median_range,0.43806509945749517
ANTHt_h,2,median_midpoint,-0.21903254972874758
ANTHt_h,2,std_range,0.24258946724434124
ANTHt_h,2,frac_fixed,0.0
ANTHt_h,2,frac_variable,1.0
ANTHt_h,2,frac_bidirectional,0.0
ANTHt_h,3,minimum,-0.004429176935603198
ANTHt_h,3,maximum,-0.00011090115244607859
ANTHt_h,3,mean_range,-8.90989776390025e-15
ANTHt_h,3,mean_midpoint,-0.002258900489129765
ANTHt_h,3,median_range,1.8118102504405265e-15
ANTHt_h,3,median_midpoint,-0.002218023048864006
ANTHt_h,3,std_range,8.599931627182959e-14
ANTHt_h,3,frac_fixed,1.0
ANTHt_h,3,frac_variable,0.0
ANTHt_h,3,frac_bidirectional,0.0
ANTHt_h,4,minimum,-0.0054341564700645
ANTHt_h,4,maximum,-0.004436046097843143
ANTHt_h,4,mean_range,-3.1561959242724176e-15
ANTHt_h,4,mean_midpoint,-0.00496436633319937
ANTHt_h,4,median_range,-4.4184274294867265e-14
ANTHt_h,4,median_midpoint,-0.004990551860051444
ANTHt_h,4,std_range,9.634373404135425e-14
ANTHt_h,4,frac_fixed,1.0
ANTHt_h,4,frac_variable,0.0
ANTHt_h,4,frac_bidirectional,0.0
ANTHt_h,5,minimum,-0.021876775511709426
ANTHt_h,5,maximum,-0.0022180230489215716
ANTHt_h,5,mean_range,0.007038943738823579
ANTHt_h,5,mean_midpoint,-0.007622814509916699
ANTHt_h,5,median_range,0.005808446198300367
ANTHt_h,5,median_midpoint,-0.0072912408279099325
ANTHt_h,5,std_range,0.005254508630071881
ANTHt_h,5,frac_fixed,0.0
ANTHt_h,5,frac_variable,1.0
ANTHt_h,5,frac_bidirectional,0.0
ANTHt_h,6,minimum,-0.26673678218365227
ANTHt_h,6,maximum,-0.00033270345733823575
ANTHt_h,6,mean_range,0.0942749403879338
ANTHt_h,6,mean_midpoint,-0.05011697495273215
ANTHt_h,6,median_range,0.0831361788771732
ANTHt_h,6,median_midpoint,-0.04494415238100622
ANTHt_h,6,std_range,0.06131700343971275
ANTHt_h,6,frac_fixed,0.0
ANTHt_h,6,frac_variable,1.0
ANTHt_h,6,frac_bidirectional,0.0
ANTHt_h,7,minimum,-0.8534807378268682
ANTHt_h,7,maximum,-0.00011090115244607859
ANTHt_h,7,mean_range,0.5636825069650133
ANTHt_h,7,mean_midpoint,-0.28337680790099073
ANTHt_h,7,median_range,0.5784361605959119
ANTHt_h,7,median_midpoint,-0.29032709182241667
ANTHt_h,7,std_range,0.14520210947857667
ANTHt_h,7,frac_fixed,0.0
ANTHt_h,7,frac_variable,1.0
ANTHt_h,7,frac_bidirectional,0.0
ANTHt_h,8,minimum,-0.6556052369557968
ANTHt_h,8,maximum,-0.00011090115244607859
ANTHt_h,8,mean_range,0.3168200675353901
ANTHt_h,8,mean_midpoint,-0.1595517319476136
ANTHt_h,8,median_range,0.30674068427632856
ANTHt_h,8,median_midpoint,-0.15509573220822154
ANTHt_h,8,std_range,0.13973906746001993
ANTHt_h,8,frac_fixed,0.0
ANTHt_h,8,frac_variable,1.0
ANTHt_h,8,frac_bidirectional,0.0
ANTHt_h,9,minimum,-0.3060660554380874
ANTHt_h,9,maximum,-0.003548836878274515
ANTHt_h,9,mean_range,0.16965931998215433
ANTHt_h,9,mean_midpoint,-0.0891889283679961
ANTHt_h,9,median_range,0.1793213468095169
ANTHt_h,9,median_midpoint,-0.0940967195026016
ANTHt_h,9,std_range,0.07758438500637038
ANTHt_h,9,frac_fixed,0.0
ANTHt_h,9,frac_variable,1.0
ANTHt_h,9,frac_bidirectional,0.0
ANTHt_h,10,minimum,-1.0825364717823476
ANTHt_h,10,maximum,-0.00011090115244607859
ANTHt_h,10,mean_range,0.4694432892658641
ANTHt_h,10,mean_midpoint,-0.2364156548809788
ANTHt_h,10,median_range,0.45330280096454595
ANTHt_h,10,median_midpoint,-0.22842581892141026
ANTHt_h,10,std_range,0.2811275316446984
ANTHt_h,10,frac_fixed,0.0
ANTHt_h,10,frac_variable,1.0
ANTHt_h,10,frac_bidirectional,0.0
ANTHt_h,11,minimum,-0.005545057622294565
ANTHt_h,11,maximum,-0.00011090115244607859
ANTHt_h,11,mean_range,2.6495030273634742e-15
ANTHt_h,11,mean_midpoint,-0.0028239039224026746
ANTHt_h,11,median_range,4.233592643121398e-15
ANTHt_h,11,median_midpoint,-0.0028279793873975737
ANTHt_h,11,std_range,1.0046940982954174e-13
ANTHt_h,11,frac_fixed,1.0
ANTHt_h,11,frac_variable,0.0
ANTHt_h,11,frac_bidirectional,0.0
ANTHt_h,12,minimum,0.0
ANTHt_h,12,maximum,0.0
ANTHt_h,12,mean_range,0.0
ANTHt_h,12,mean_midpoint,0.0
ANTHt_h,12,median_range,0.0
ANTHt_h,12,median_midpoint,0.0
ANTHt_h,12,std_range,0.0
ANTHt_h,12,frac_fixed,1.0
ANTHt_h,12,frac_variable,0.0
ANTHt_h,12,frac_bidirectional,0.0
ANTHt_h,13,minimum,0.0
ANTHt_h,13,maximum,0.0
ANTHt_h,13,mean_range,0.0
ANTHt_h,13,mean_midpoint,0.0
ANTHt_h,13,median_range,0.0
ANTHt_h,13,median_midpoint,0.0
ANTHt_h,13,std_range,0.0
ANTHt_h,13,frac_fixed,1.0
ANTHt_h,13,frac_variable,0.0
ANTHt_h,13,frac_bidirectional,0.0
EX_so4_e,1,minimum,-1.5165017261219802
EX_so4_e,1,maximum,0.0
EX_so4_e,1,mean_range,0.9973228998849276
EX_so4_e,1,mean_midpoint,-0.4986614499424638
EX_so4_e,1,median_range,1.1596777905638653
EX_so4_e,1,median_midpoint,-0.5798388952819327
EX_so4_e,1,std_range,0.42663968367144384
EX_so4_e,1,frac_fixed,0.0
EX_so4_e,1,frac_variable,1.0
EX_so4_e,1,frac_bidirectional,0.0
EX_so4_e,2,minimum,-1.0704718066744014
EX_so4_e,2,maximum,0.0
EX_so4_e,2,mean_range,0.557537399309551
EX_so4_e,2,mean_midpoint,-0.2787686996547755
EX_so4_e,2,median_range,0.5575373993095525
EX_so4_e,2,median_midpoint,-0.27876869965477624
EX_so4_e,2,std_range,0.30875023103827043
EX_so4_e,2,frac_fixed,0.0
EX_so4_e,2,frac_variable,1.0
EX_so4_e,2,frac_bidirectional,0.0
EX_so4_e,3,minimum,-0.02571628357447331
EX_so4_e,3,maximum,-0.0006439041669766832
EX_so4_e,3,mean_range,-6.137648041795677e-16
EX_so4_e,3,mean_midpoint,-0.013115422208496659
EX_so4_e,3,median_range,0.0
EX_so4_e,3,median_midpoint,-0.01287808333953988
EX_so4_e,3,std_range,6.764100203550795e-14
EX_so4_e,3,frac_fixed,1.0
EX_so4_e,3,frac_variable,0.0
EX_so4_e,3,frac_bidirectional,0.0
EX_so4_e,4,minimum,-0.03155130418186047
EX_so4_e,4,maximum,-0.025756166679068215
EX_so4_e,4,mean_range,3.4160708450004818e-15
EX_so4_e,4,mean_midpoint,-0.02882365149362463
EX_so4_e,4,median_range,3.552713678800501e-15
EX_so4_e,4,median_midpoint,-0.028975687513948856
EX_so4_e,4,std_range,9.840181667727165e-15
EX_so4_e,4,frac_fixed,1.0
EX_so4_e,4,frac_variable,0.0
EX_so4_e,4,frac_bidirectional,0.0
EX_so4_e,5,minimum,-0.051472759380171595
EX_so4_e,5,maximum,-0.012878083339536772
EX_so4_e,5,mean_range,0.00895865566755656
EX_so4_e,5,mean_midpoint,-0.028303782011917702
EX_so4_e,5,median_range,0.007392567888494739
EX_so4_e,5,median_midpoint,-0.029323490550487108
EX_so4_e,5,std_range,0.006687556438294453
EX_so4_e,5,frac_fixed,0.0
EX_so4_e,5,frac_variable,1.0
EX_so4_e,5,frac_bidirectional,0.0
EX_so4_e,6,minimum,-0.3545658946952912
EX_so4_e,6,maximum,-0.0019317125009337133
EX_so4_e,6,mean_range,0.12006125295036478
EX_so4_e,6,mean_midpoint,-0.0773299555387698
EX_so4_e,6,median_range,0.10580968220725495
EX_so4_e,6,median_midpoint,-0.07156314803110675
EX_so4_e,6,std_range,0.07796148292109857
EX_so4_e,6,frac_fixed,0.0
EX_so4_e,6,frac_variable,1.0
EX_so4_e,6,frac_bidirectional,0.0
EX_so4_e,7,minimum,-1.086750969025438
EX_so4_e,7,maximum,-0.0006439041669770162
EX_so4_e,7,mean_range,0.7174140997736579
EX_so4_e,7,mean_midpoint,-0.36762264604496786
EX_so4_e,7,median_range,0.7361914771220057
EX_so4_e,7,median_midpoint,-0.3745347802307677
EX_so4_e,7,std_range,0.18480268479092032
EX_so4_e,7,frac_fixed,0.0
EX_so4_e,7,frac_variable,1.0
EX_so4_e,7,frac_bidirectional,0.0
EX_so4_e,8,minimum,-0.835412179707653
EX_so4_e,8,maximum,-0.0006439041669779044
EX_so4_e,8,mean_range,0.40322554049960213
EX_so4_e,8,mean_midpoint,-0.20824159420036106
EX_so4_e,8,median_range,0.39039723453337416
EX_so4_e,8,median_midpoint,-0.20458434571073525
EX_so4_e,8,std_range,0.17784972222183407
EX_so4_e,8,frac_fixed,0.0
EX_so4_e,8,frac_variable,1.0
EX_so4_e,8,frac_bidirectional,0.0
EX_so4_e,9,minimum,-0.4192663367338678
EX_so4_e,9,maximum,-0.02060493334325386
EX_so4_e,9,mean_range,0.23112119057768593
EX_so4_e,9,mean_midpoint,-0.14087098216000407
EX_so4_e,9,median_range,0.24513350452628924
EX_so4_e,9,median_midpoint,-0.14735706269174687
EX_so4_e,9,std_range,0.09723465372713491
EX_so4_e,9,frac_fixed,0.0
EX_so4_e,9,frac_variable,1.0
EX_so4_e,9,frac_bidirectional,0.0
EX_so4_e,10,minimum,-1.4881778965282066
EX_so4_e,10,maximum,-0.0006439041669765722
EX_so4_e,10,mean_range,0.6766873399504094
EX_so4_e,10,mean_midpoint,-0.34817927793382236
EX_so4_e,10,median_range,0.6741346644528736
EX_so4_e,10,median_midpoint,-0.3484304111134131
EX_so4_e,10,std_range,0.3796138948163973
EX_so4_e,10,frac_fixed,0.0
EX_so4_e,10,frac_variable,1.0
EX_so4_e,10,frac_bidirectional,0.0
EX_so4_e,11,minimum,-0.032195208348834825
EX_so4_e,11,maximum,-0.0006439041669779044
EX_so4_e,11,mean_range,-6.2389118261862456e-15
EX_so4_e,11,mean_midpoint,-0.016395893664493785
EX_so4_e,11,median_range,-2.6645352591003757e-15
EX_so4_e,11,median_midpoint,-0.016419556257941892
EX_so4_e,11,std_range,8.918804476655024e-14
EX_so4_e,11,frac_fixed,1.0
EX_so4_e,11,frac_variable,0.0
EX_so4_e,11,frac_bidirectional,0.0
EX_so4_e,12,minimum,0.0
EX_so4_e,12,maximum,0.0
EX_so4_e,12,mean_range,0.0
EX_so4_e,12,mean_midpoint,0.0
EX_so4_e,12,median_range,0.0
EX_so4_e,12,median_midpoint,0.0
EX_so4_e,12,std_range,0.0
EX_so4_e,12,frac_fixed,1.0
EX_so4_e,12,frac_variable,0.0
EX_so4_e,12,frac_bidirectional,0.0
EX_so4_e,13,minimum,0.0
EX_so4_e,13,maximum,0.0
EX_so4_e,13,mean_range,0.0
EX_so4_e,13,mean_midpoint,0.0
EX_so4_e,13,median_range,0.0
EX_so4_e,13,median_midpoint,0.0
EX_so4_e,13,std_range,0.0
EX_so4_e,13,frac_fixed,1.0
EX_so4_e,13,frac_variable,0.0
EX_so4_e,13,frac_bidirectional,0.0
ATPS_m,1,minimum,-7.848409183313915
ATPS_m,1,maximum,458.7149889897805
ATPS_m,1,mean_range,452.70107089895976
ATPS_m,1,mean_midpoint,220.72581653057048
ATPS_m,1,median_range,453.23970526657894
ATPS_m,1,median_midpoint,220.73397509554516
ATPS_m,1,std_range,8.900292414171494
ATPS_m,1,frac_fixed,0.0
ATPS_m,1,frac_variable,1.0
ATPS_m,1,frac_bidirectional,1.0
ATPS_m,2,minimum,0.8463283746855137
ATPS_m,2,maximum,433.5768555769389
ATPS_m,2,mean_range,386.8955113433385
ATPS_m,2,mean_midpoint,227.8874325957521
ATPS_m,2,median_range,386.95271630820497
ATPS_m,2,median_midpoint,227.9131759038485
ATPS_m,2,std_range,27.67010070252621
ATPS_m,2,frac_fixed,0.0
ATPS_m,2,frac_variable,1.0
ATPS_m,2,frac_bidirectional,0.0
ATPS_m,3,minimum,-7.811518500376447
ATPS_m,3,maximum,458.41920632009754
ATPS_m,3,mean_range,438.94434967506396
ATPS_m,3,mean_midpoint,215.54280011166074
ATPS_m,3,median_range,439.46362226029544
ATPS_m,3,median_midpoint,215.7285573777193
ATPS_m,3,std_range,15.970913736210502
ATPS_m,3,frac_fixed,0.0
ATPS_m,3,frac_variable,1.0
ATPS_m,3,frac_bidirectional,1.0
ATPS_m,4,minimum,0.005445982255962267
ATPS_m,4,maximum,411.29317081075516
ATPS_m,4,mean_range,402.81806243479554
ATPS_m,4,mean_midpoint,204.12765316662532
ATPS_m,4,median_range,404.24375047053536
ATPS_m,4,median_midpoint,204.1374210493164
ATPS_m,4,std_range,7.008772999777604
ATPS_m,4,frac_fixed,0.0
ATPS_m,4,frac_variable,1.0
ATPS_m,4,frac_bidirectional,0.0
ATPS_m,5,minimum,22.66399106321811
ATPS_m,5,maximum,404.6971257414207
ATPS_m,5,mean_range,365.43356074293604
ATPS_m,5,mean_midpoint,219.2279802546373
ATPS_m,5,median_range,367.8520851364833
ATPS_m,5,median_midpoint,217.9882255616351
ATPS_m,5,std_range,9.35149752855819
ATPS_m,5,frac_fixed,0.0
ATPS_m,5,frac_variable,1.0
ATPS_m,5,frac_bidirectional,0.0
ATPS_m,6,minimum,1.9821324622429284
ATPS_m,6,maximum,410.9227190515172
ATPS_m,6,mean_range,378.62641336942033
ATPS_m,6,mean_midpoint,217.04460968142422
ATPS_m,6,median_range,381.1433340336611
ATPS_m,6,median_midpoint,215.53267335482863
ATPS_m,6,std_range,17.077067463873817
ATPS_m,6,frac_fixed,0.0
ATPS_m,6,frac_variable,1.0
ATPS_m,6,frac_bidirectional,0.0
ATPS_m,7,minimum,-0.5803449226476031
ATPS_m,7,maximum,433.77550807250384
ATPS_m,7,mean_range,418.41130469793916
ATPS_m,7,mean_midpoint,213.58936572742448
ATPS_m,7,median_range,418.04553117672396
ATPS_m,7,median_midpoint,213.8349039850761
ATPS_m,7,std_range,6.629187143138032
ATPS_m,7,frac_fixed,0.0
ATPS_m,7,frac_variable,1.0
ATPS_m,7,frac_bidirectional,0.042735042735042736
ATPS_m,8,minimum,6.8747012053595995
ATPS_m,8,maximum,427.61555803640925
ATPS_m,8,mean_range,386.185255739038
ATPS_m,8,mean_midpoint,222.84189118535244
ATPS_m,8,median_range,389.04351768228173
ATPS_m,8,median_midpoint,222.4376431588641
ATPS_m,8,std_range,17.306868727557095
ATPS_m,8,frac_fixed,0.0
ATPS_m,8,frac_variable,1.0
ATPS_m,8,frac_bidirectional,0.0
ATPS_m,9,minimum,0.01993565732678526
ATPS_m,9,maximum,411.28944589706197
ATPS_m,9,mean_range,406.763238784093
ATPS_m,9,mean_midpoint,204.6802097992604
ATPS_m,9,median_range,406.9000718268104
ATPS_m,9,median_midpoint,204.81814215481842
ATPS_m,9,std_range,2.6686930890411387
ATPS_m,9,frac_fixed,0.0
ATPS_m,9,frac_variable,1.0
ATPS_m,9,frac_bidirectional,0.0
ATPS_m,10,minimum,-7.70536496312258
ATPS_m,10,maximum,457.82654124412005
ATPS_m,10,mean_range,436.2599434226422
ATPS_m,10,mean_midpoint,214.7404322195486
ATPS_m,10,median_range,436.2484651855331
ATPS_m,10,median_midpoint,214.86911506763263
ATPS_m,10,std_range,12.762394606244452
ATPS_m,10,frac_fixed,0.0
ATPS_m,10,frac_variable,1.0
ATPS_m,10,frac_bidirectional,0.9754816112084063
ATPS_m,11,minimum,24.946146872298865
ATPS_m,11,maximum,407.5560843174612
ATPS_m,11,mean_range,352.5525463610083
ATPS_m,11,mean_midpoint,227.4250703344262
ATPS_m,11,median_range,352.6254907955933
ATPS_m,11,median_midpoint,227.42224846095013
ATPS_m,11,std_range,12.878594278609151
ATPS_m,11,frac_fixed,0.0
ATPS_m,11,frac_variable,1.0
ATPS_m,11,frac_bidirectional,0.0
ATPS_m,12,minimum,78.34459111484566
ATPS_m,12,maximum,407.667480009758
ATPS_m,12,mean_range,329.32288889491235
ATPS_m,12,mean_midpoint,243.0060355623018
ATPS_m,12,median_range,329.32288889491235
ATPS_m,12,median_midpoint,243.0060355623018
ATPS_m,12,std_range,0.0
ATPS_m,12,frac_fixed,0.0
ATPS_m,12,frac_variable,1.0
ATPS_m,12,frac_bidirectional,0.0
ATPS_m,13,minimum,-8.011953487111409
ATPS_m,13,maximum,459.62756620497123
ATPS_m,13,mean_range,467.6395196920826
ATPS_m,13,mean_midpoint,225.80780635892992
ATPS_m,13,median_range,467.6395196920826
ATPS_m,13,median_midpoint,225.80780635892992
ATPS_m,13,std_range,0.0
ATPS_m,13,frac_fixed,0.0
ATPS_m,13,frac_variable,1.0
ATPS_m,13,frac_bidirectional,1.0
GCS_m,1,minimum,-8.177215189873488
GCS_m,1,maximum,2.355037974683551
GCS_m,1,mean_range,7.3104303797466965
GCS_m,1,mean_midpoint,-2.477696202531572
GCS_m,1,median_range,7.392202531645298
GCS_m,1,median_midpoint,-2.518582278480876
GCS_m,1,std_range,0.6194206771850194
GCS_m,1,frac_fixed,0.0
GCS_m,1,frac_variable,1.0
GCS_m,1,frac_bidirectional,0.96
GCS_m,2,minimum,-12.102278481012721
GCS_m,2,maximum,-0.49063291139239595
GCS_m,2,mean_range,4.088607594936779
GCS_m,2,mean_midpoint,-8.177215189873442
GCS_m,2,median_range,4.08860759493656
GCS_m,2,median_midpoint,-8.177215189873339
GCS_m,2,std_range,2.2641683609473002
GCS_m,2,frac_fixed,0.0
GCS_m,2,frac_variable,1.0
GCS_m,2,frac_bidirectional,0.0
GCS_m,3,minimum,-3.005299335199449
GCS_m,3,maximum,2.4044059306899297
GCS_m,3,mean_range,3.2808065614909894
GCS_m,3,mean_midpoint,-0.18038336029911242
GCS_m,3,median_range,3.3213205076650416
GCS_m,3,median_midpoint,-0.18266822230938462
GCS_m,3,std_range,1.246059888125536
GCS_m,3,frac_fixed,0.0
GCS_m,3,frac_variable,1.0
GCS_m,3,frac_bidirectional,1.0
GCS_m,4,minimum,-0.6202012560801364
GCS_m,4,maximum,0.5028195060840666
GCS_m,4,mean_range,0.5959174507872442
GCS_m,4,mean_midpoint,-0.0309007156921252
GCS_m,4,median_range,0.5734458257909635
GCS_m,4,median_midpoint,-0.027696538171190777
GCS_m,4,std_range,0.312125387256542
GCS_m,4,frac_fixed,0.0
GCS_m,4,frac_variable,1.0
GCS_m,4,frac_bidirectional,1.0
GCS_m,5,minimum,-7.3605768043555
GCS_m,5,maximum,-0.1656753754510321
GCS_m,5,mean_range,0.06569680822887008
GCS_m,5,mean_midpoint,-3.128705538860208
GCS_m,5,median_range,0.05421216451573585
GCS_m,5,median_midpoint,-2.451779876743645
GCS_m,5,std_range,0.04904208054736567
GCS_m,5,frac_fixed,0.0
GCS_m,5,frac_variable,1.0
GCS_m,5,frac_bidirectional,0.0
GCS_m,6,minimum,-11.521858672552352
GCS_m,6,maximum,0.09964190778246931
GCS_m,6,mean_range,0.8813333436719369
GCS_m,6,mean_midpoint,-4.795584520678514
GCS_m,6,median_range,0.7759376695214071
GCS_m,6,median_midpoint,-4.4146576923701595
GCS_m,6,std_range,0.5705720815127179
GCS_m,6,frac_fixed,0.0
GCS_m,6,frac_variable,1.0
GCS_m,6,frac_bidirectional,0.016042780748663103
GCS_m,7,minimum,-8.855978207304025
GCS_m,7,maximum,-0.023667910779275658
GCS_m,7,mean_range,5.261036731673208
GCS_m,7,mean_midpoint,-3.610075702222132
GCS_m,7,median_range,5.398737498895493
GCS_m,7,median_midpoint,-3.6301989062271627
GCS_m,7,std_range,1.355219688466582
GCS_m,7,frac_fixed,0.0
GCS_m,7,frac_variable,1.0
GCS_m,7,frac_bidirectional,0.0
GCS_m,8,minimum,-11.963319979458078
GCS_m,8,maximum,-1.4196272852414205
GCS_m,8,mean_range,2.956987296996971
GCS_m,8,mean_midpoint,-6.784838563747252
GCS_m,8,median_range,2.8629130532452347
GCS_m,8,median_midpoint,-6.574342544636243
GCS_m,8,std_range,1.3042312962933555
GCS_m,8,frac_fixed,0.0
GCS_m,8,frac_variable,1.0
GCS_m,8,frac_bidirectional,0.0
GCS_m,9,minimum,-3.2399102287411288
GCS_m,9,maximum,0.4211845503669064
GCS_m,9,mean_range,1.5965674037025257
GCS_m,9,mean_midpoint,-0.7740113308690708
GCS_m,9,median_range,1.594368742076313
GCS_m,9,median_midpoint,-0.679382659397193
GCS_m,9,std_range,0.5171823144772955
GCS_m,9,frac_fixed,0.0
GCS_m,9,frac_variable,1.0
GCS_m,9,frac_bidirectional,0.7115384615384616
GCS_m,10,minimum,-7.874712384520016
GCS_m,10,maximum,2.3406769164164336
GCS_m,10,mean_range,5.045509589580529
GCS_m,10,mean_midpoint,-1.6643739696905804
GCS_m,10,median_range,5.178276343793064
GCS_m,10,median_midpoint,-1.571625454325511
GCS_m,10,std_range,1.5231508991679552
GCS_m,10,frac_fixed,0.0
GCS_m,10,frac_variable,1.0
GCS_m,10,frac_bidirectional,0.9964973730297724
GCS_m,11,minimum,-12.020649259465921
GCS_m,11,maximum,-0.0071465176192952095
GCS_m,11,mean_range,5.6397034315626936e-14
GCS_m,11,mean_midpoint,-6.0229076787296085
GCS_m,11,median_range,-1.192379528447418e-13
GCS_m,11,median_midpoint,-6.013897888542481
GCS_m,11,std_range,3.022973072913744e-12
GCS_m,11,frac_fixed,1.0
GCS_m,11,frac_variable,0.0
GCS_m,11,frac_bidirectional,0.0
GCS_m,12,minimum,-12.265822784810148
GCS_m,12,maximum,-12.265822784809947
GCS_m,12,mean_range,2.007283228522283e-13
GCS_m,12,mean_midpoint,-12.265822784810048
GCS_m,12,median_range,2.007283228522283e-13
GCS_m,12,median_midpoint,-12.265822784810048
GCS_m,12,std_range,0.0
GCS_m,12,frac_fixed,1.0
GCS_m,12,frac_variable,0.0
GCS_m,12,frac_bidirectional,0.0
GCS_m,13,minimum,-3.0664556962025316
GCS_m,13,maximum,2.4531645569620544
GCS_m,13,mean_range,5.519620253164586
GCS_m,13,mean_midpoint,-0.3066455696202386
GCS_m,13,median_range,5.519620253164586
GCS_m,13,median_midpoint,-0.3066455696202386
GCS_m,13,std_range,0.0
GCS_m,13,frac_fixed,0.0
GCS_m,13,frac_variable,1.0
GCS_m,13,frac_bidirectional,1.0
ALATA_L_c,1,minimum,-1000.0
ALATA_L_c,1,maximum,222.6191215677767
ALATA_L_c,1,mean_range,1155.818290651874
ALATA_L_c,1,mean_midpoint,-422.090854674063
ALATA_L_c,1,median_range,1164.8019558181768
ALATA_L_c,1,median_midpoint,-417.5990220909116
ALATA_L_c,1,std_range,47.67016955954773
ALATA_L_c,1,frac_fixed,0.0
ALATA_L_c,1,frac_variable,1.0
ALATA_L_c,1,frac_bidirectional,1.0
ALATA_L_c,2,minimum,-1000.0
ALATA_L_c,2,maximum,48.02019895373087
ALATA_L_c,2,mean_range,920.3329837638574
ALATA_L_c,2,mean_midpoint,-539.8335081180713
ALATA_L_c,2,median_range,921.0689331309459
ALATA_L_c,2,median_midpoint,-539.4655334345271
ALATA_L_c,2,std_range,77.65137751748989
ALATA_L_c,2,frac_fixed,0.0
ALATA_L_c,2,frac_variable,1.0
ALATA_L_c,2,frac_bidirectional,0.20833333333333334
ALATA_L_c,3,minimum,-1000.0
ALATA_L_c,3,maximum,222.42747861558135
ALATA_L_c,3,mean_range,1129.3886518048519
ALATA_L_c,3,mean_midpoint,-435.30567409757407
ALATA_L_c,3,median_range,1131.1592245491977
ALATA_L_c,3,median_midpoint,-434.42038772540116
ALATA_L_c,3,std_range,54.45630169609482
ALATA_L_c,3,frac_fixed,0.0
ALATA_L_c,3,frac_variable,1.0
ALATA_L_c,3,frac_bidirectional,1.0
ALATA_L_c,4,minimum,-1000.0
ALATA_L_c,4,maximum,35.087378163521166
ALATA_L_c,4,mean_range,1005.6328037898364
ALATA_L_c,4,mean_midpoint,-497.1835981050818
ALATA_L_c,4,median_range,1011.0694165671105
ALATA_L_c,4,median_midpoint,-494.46529171644477
ALATA_L_c,4,std_range,25.033075801166994
ALATA_L_c,4,frac_fixed,0.0
ALATA_L_c,4,frac_variable,1.0
ALATA_L_c,4,frac_bidirectional,0.7692307692307693
ALATA_L_c,5,minimum,-1000.0
ALATA_L_c,5,maximum,-84.62569752501076
ALATA_L_c,5,mean_range,870.4580106808693
ALATA_L_c,5,mean_midpoint,-564.7709946595654
ALATA_L_c,5,median_range,879.6469659519666
ALATA_L_c,5,median_midpoint,-560.1765170240167
ALATA_L_c,5,std_range,34.40819068973008
ALATA_L_c,5,frac_fixed,0.0
ALATA_L_c,5,frac_variable,1.0
ALATA_L_c,5,frac_bidirectional,0.0
ALATA_L_c,6,minimum,-1000.0
ALATA_L_c,6,maximum,-0.13920314854277294
ALATA_L_c,6,mean_range,917.1138355379935
ALATA_L_c,6,mean_midpoint,-541.4430822310032
ALATA_L_c,6,median_range,927.6000068349208
ALATA_L_c,6,median_midpoint,-536.1999965825396
ALATA_L_c,6,std_range,60.45683533643179
ALATA_L_c,6,frac_fixed,0.0
ALATA_L_c,6,frac_variable,1.0
ALATA_L_c,6,frac_bidirectional,0.0
ALATA_L_c,7,minimum,-1000.0
ALATA_L_c,7,maximum,56.35020200602363
ALATA_L_c,7,mean_range,1022.2851625701571
ALATA_L_c,7,mean_midpoint,-488.85741871492144
ALATA_L_c,7,median_range,1020.9278244133096
ALATA_L_c,7,median_midpoint,-489.5360877933452
ALATA_L_c,7,std_range,13.821276085965401
ALATA_L_c,7,frac_fixed,0.0
ALATA_L_c,7,frac_variable,1.0
ALATA_L_c,7,frac_bidirectional,1.0
ALATA_L_c,8,minimum,-1000.0
ALATA_L_c,8,maximum,-0.3414938386981703
ALATA_L_c,8,mean_range,928.403337095969
ALATA_L_c,8,mean_midpoint,-535.7983314520154
ALATA_L_c,8,median_range,938.0323752707582
ALATA_L_c,8,median_midpoint,-530.9838123646209
ALATA_L_c,8,std_range,51.6836963169772
ALATA_L_c,8,frac_fixed,0.0
ALATA_L_c,8,frac_variable,1.0
ALATA_L_c,8,frac_bidirectional,0.0
ALATA_L_c,9,minimum,-1000.0
ALATA_L_c,9,maximum,34.03476957254179
ALATA_L_c,9,mean_range,1015.1456214652246
ALATA_L_c,9,mean_midpoint,-492.4271892673877
ALATA_L_c,9,median_range,1013.8332930037091
ALATA_L_c,9,median_midpoint,-493.08335349814547
ALATA_L_c,9,std_range,9.493601800340638
ALATA_L_c,9,frac_fixed,0.0
ALATA_L_c,9,frac_variable,1.0
ALATA_L_c,9,frac_bidirectional,1.0
ALATA_L_c,10,minimum,-1000.0
ALATA_L_c,10,maximum,219.55996810863314
ALATA_L_c,10,mean_range,1108.8927864036216
ALATA_L_c,10,mean_midpoint,-445.55360679818926
ALATA_L_c,10,median_range,1105.8791774067706
ALATA_L_c,10,median_midpoint,-447.0604112966147
ALATA_L_c,10,std_range,46.70353735279087
ALATA_L_c,10,frac_fixed,0.0
ALATA_L_c,10,frac_variable,1.0
ALATA_L_c,10,frac_bidirectional,1.0
ALATA_L_c,11,minimum,-1000.0
ALATA_L_c,11,maximum,-97.39149957630177
ALATA_L_c,11,mean_range,822.9790655157753
ALATA_L_c,11,mean_midpoint,-588.5104672421123
ALATA_L_c,11,median_range,823.2253339990684
ALATA_L_c,11,median_midpoint,-588.3873330004658
ALATA_L_c,11,std_range,47.50130688583417
ALATA_L_c,11,frac_fixed,0.0
ALATA_L_c,11,frac_variable,1.0
ALATA_L_c,11,frac_bidirectional,0.0
ALATA_L_c,12,minimum,-1000.0
ALATA_L_c,12,maximum,-261.54855934730176
ALATA_L_c,12,mean_range,738.4514406526982
ALATA_L_c,12,mean_midpoint,-630.7742796736509
ALATA_L_c,12,median_range,738.4514406526982
ALATA_L_c,12,median_midpoint,-630.7742796736509
ALATA_L_c,12,std_range,0.0
ALATA_L_c,12,frac_fixed,0.0
ALATA_L_c,12,frac_variable,1.0
ALATA_L_c,12,frac_bidirectional,0.0
ALATA_L_c,13,minimum,-1000.0
ALATA_L_c,13,maximum,227.2310709348656
ALATA_L_c,13,mean_range,1227.2310709348656
ALATA_L_c,13,mean_midpoint,-386.3844645325672
ALATA_L_c,13,median_range,1227.2310709348656
ALATA_L_c,13,median_midpoint,-386.3844645325672
ALATA_L_c,13,std_range,0.0
ALATA_L_c,13,frac_fixed,0.0
ALATA_L_c,13,frac_variable,1.0
ALATA_L_c,13,frac_bidirectional,1.0
ALANA1t_m,1,minimum,-1000.0
ALANA1t_m,1,maximum,222.6191215677767
ALANA1t_m,1,mean_range,1155.818290651874
ALANA1t_m,1,mean_midpoint,-422.090854674063
ALANA1t_m,1,median_range,1164.8019558181768
ALANA1t_m,1,median_midpoint,-417.5990220909116
ALANA1t_m,1,std_range,47.670169559547716
ALANA1t_m,1,frac_fixed,0.0
ALANA1t_m,1,frac_variable,1.0
ALANA1t_m,1,frac_bidirectional,1.0
ALANA1t_m,2,minimum,-1000.0
ALANA1t_m,2,maximum,48.02019895373092
ALANA1t_m,2,mean_range,920.3329837638576
ALANA1t_m,2,mean_midpoint,-539.8335081180712
ALANA1t_m,2,median_range,921.0689331309461
ALANA1t_m,2,median_midpoint,-539.465533434527
ALANA1t_m,2,std_range,77.6513775174897
ALANA1t_m,2,frac_fixed,0.0
ALANA1t_m,2,frac_variable,1.0
ALANA1t_m,2,frac_bidirectional,0.20833333333333334
ALANA1t_m,3,minimum,-1000.0
ALANA1t_m,3,maximum,222.42876397608282
ALANA1t_m,3,mean_range,1129.4148327903647
ALANA1t_m,3,mean_midpoint,-435.2925836048177
ALANA1t_m,3,median_range,1131.1849317592266
ALANA1t_m,3,median_midpoint,-434.4075341203867
ALANA1t_m,3,std_range,54.441730105791656
ALANA1t_m,3,frac_fixed,0.0
ALANA1t_m,3,frac_variable,1.0
ALANA1t_m,3,frac_bidirectional,1.0
ALANA1t_m,4,minimum,-1000.0
ALANA1t_m,4,maximum,35.13879258358217
ALANA1t_m,4,mean_range,1005.6903415183061
ALANA1t_m,4,mean_midpoint,-497.15482924084694
ALANA1t_m,4,median_range,1011.1272577896768
ALANA1t_m,4,median_midpoint,-494.4363711051616
ALANA1t_m,4,std_range,25.02981138643063
ALANA1t_m,4,frac_fixed,0.0
ALANA1t_m,4,frac_variable,1.0
ALANA1t_m,4,frac_bidirectional,0.7692307692307693
ALANA1t_m,5,minimum,-1000.0
ALANA1t_m,5,maximum,-84.56528558135483
ALANA1t_m,5,mean_range,870.5055690194906
ALANA1t_m,5,mean_midpoint,-564.7472154902548
ALANA1t_m,5,median_range,879.6958096513712
ALANA1t_m,5,median_midpoint,-560.1520951743144
ALANA1t_m,5,std_range,34.41988393629413
ALANA1t_m,5,frac_fixed,0.0
ALANA1t_m,5,frac_variable,1.0
ALANA1t_m,5,frac_bidirectional,0.0
ALANA1t_m,6,minimum,-1000.0
ALANA1t_m,6,maximum,-0.10064233350324514
ALANA1t_m,6,mean_range,917.1483684317086
ALANA1t_m,6,mean_midpoint,-541.4258157841456
ALANA1t_m,6,median_range,927.6257140449504
ALANA1t_m,6,median_midpoint,-536.1871429775248
ALANA1t_m,6,std_range,60.467457735128185
ALANA1t_m,6,frac_fixed,0.0
ALANA1t_m,6,frac_variable,1.0
ALANA1t_m,6,frac_bidirectional,0.0
ALANA1t_m,7,minimum,-1000.0
ALANA1t_m,7,maximum,56.35148736652561
ALANA1t_m,7,mean_range,1022.3029598694092
ALANA1t_m,7,mean_midpoint,-488.8485200652954
ALANA1t_m,7,median_range,1020.9406780183265
ALANA1t_m,7,median_midpoint,-489.52966099083676
ALANA1t_m,7,std_range,13.817329909342554
ALANA1t_m,7,frac_fixed,0.0
ALANA1t_m,7,frac_variable,1.0
ALANA1t_m,7,frac_bidirectional,1.0
ALANA1t_m,8,minimum,-1000.0
ALANA1t_m,8,maximum,-0.3080744656574552
ALANA1t_m,8,mean_range,928.4165695440788
ALANA1t_m,8,mean_midpoint,-535.7917152279606
ALANA1t_m,8,median_range,938.04265815477
ALANA1t_m,8,median_midpoint,-530.978670922615
ALANA1t_m,8,std_range,51.6881813814038
ALANA1t_m,8,frac_fixed,0.0
ALANA1t_m,8,frac_variable,1.0
ALANA1t_m,8,frac_bidirectional,0.0
ALANA1t_m,9,minimum,-1000.0
ALANA1t_m,9,maximum,34.084898632110615
ALANA1t_m,9,mean_range,1015.196146020329
ALANA1t_m,9,mean_midpoint,-492.4019269898356
ALANA1t_m,9,median_range,1013.8802086622034
ALANA1t_m,9,median_midpoint,-493.0598956688983
ALANA1t_m,9,std_range,9.493089954927246
ALANA1t_m,9,frac_fixed,0.0
ALANA1t_m,9,frac_variable,1.0
ALANA1t_m,9,frac_bidirectional,1.0
ALANA1t_m,10,minimum,-1000.0
ALANA1t_m,10,maximum,219.5612534691241
ALANA1t_m,10,mean_range,1108.9124202290059
ALANA1t_m,10,mean_midpoint,-445.54378988549706
ALANA1t_m,10,median_range,1105.906169977296
ALANA1t_m,10,median_midpoint,-447.04691501135204
ALANA1t_m,10,std_range,46.694290756303495
ALANA1t_m,10,frac_fixed,0.0
ALANA1t_m,10,frac_variable,1.0
ALANA1t_m,10,frac_bidirectional,1.0
ALANA1t_m,11,minimum,-1000.0
ALANA1t_m,11,maximum,-97.32723155111
ALANA1t_m,11,mean_range,823.0117949733319
ALANA1t_m,11,mean_midpoint,-588.494102513334
ALANA1t_m,11,median_range,823.2581106919164
ALANA1t_m,11,median_midpoint,-588.3709446540418
ALANA1t_m,11,std_range,47.519748364845796
ALANA1t_m,11,frac_fixed,0.0
ALANA1t_m,11,frac_variable,1.0
ALANA1t_m,11,frac_bidirectional,0.0
ALANA1t_m,12,minimum,-1000.0
ALANA1t_m,12,maximum,-261.5485593472986
ALANA1t_m,12,mean_range,738.4514406527014
ALANA1t_m,12,mean_midpoint,-630.7742796736493
ALANA1t_m,12,median_range,738.4514406527014
ALANA1t_m,12,median_midpoint,-630.7742796736493
ALANA1t_m,12,std_range,0.0
ALANA1t_m,12,frac_fixed,0.0
ALANA1t_m,12,frac_variable,1.0
ALANA1t_m,12,frac_bidirectional,0.0
ALANA1t_m,13,minimum,-1000.0
ALANA1t_m,13,maximum,227.2310709348656
ALANA1t_m,13,mean_range,1227.2310709348656
ALANA1t_m,13,mean_midpoint,-386.3844645325672
ALANA1t_m,13,median_range,1227.2310709348656
ALANA1t_m,13,median_midpoint,-386.3844645325672
ALANA1t_m,13,std_range,0.0
ALANA1t_m,13,frac_fixed,0.0
ALANA1t_m,13,frac_variable,1.0
ALANA1t_m,13,frac_bidirectional,1.0
ALATA_L_m,1,minimum,-222.61912156777706
ALATA_L_m,1,maximum,1000.0
ALATA_L_m,1,mean_range,1155.818290651874
ALATA_L_m,1,mean_midpoint,422.090854674063
ALATA_L_m,1,median_range,1164.8019558181768
ALATA_L_m,1,median_midpoint,417.59902209091155
ALATA_L_m,1,std_range,47.67016955954758
ALATA_L_m,1,frac_fixed,0.0
ALATA_L_m,1,frac_variable,1.0
ALATA_L_m,1,frac_bidirectional,1.0
ALATA_L_m,2,minimum,-48.02019895373019
ALATA_L_m,2,maximum,1000.0
ALATA_L_m,2,mean_range,920.3329837638571
ALATA_L_m,2,mean_midpoint,539.8335081180714
ALATA_L_m,2,median_range,921.0689331309463
ALATA_L_m,2,median_midpoint,539.4655334345268
ALATA_L_m,2,std_range,77.65137751748988
ALATA_L_m,2,frac_fixed,0.0
ALATA_L_m,2,frac_variable,1.0
ALATA_L_m,2,frac_bidirectional,0.20833333333333334
ALATA_L_m,3,minimum,-222.42876397607014
ALATA_L_m,3,maximum,1000.0
ALATA_L_m,3,mean_range,1129.4148327903672
ALATA_L_m,3,mean_midpoint,435.2925836048164
ALATA_L_m,3,median_range,1131.1849317592394
ALATA_L_m,3,median_midpoint,434.40753412038026
ALATA_L_m,3,std_range,54.44173010579001
ALATA_L_m,3,frac_fixed,0.0
ALATA_L_m,3,frac_variable,1.0
ALATA_L_m,3,frac_bidirectional,1.0
ALATA_L_m,4,minimum,-35.138792583581946
ALATA_L_m,4,maximum,1000.0
ALATA_L_m,4,mean_range,1005.6903415183
ALATA_L_m,4,mean_midpoint,497.15482924085
ALATA_L_m,4,median_range,1011.1272577896917
ALATA_L_m,4,median_midpoint,494.43637110515414
ALATA_L_m,4,std_range,25.029811386458565
ALATA_L_m,4,frac_fixed,0.0
ALATA_L_m,4,frac_variable,1.0
ALATA_L_m,4,frac_bidirectional,0.7692307692307693
ALATA_L_m,5,minimum,84.56528558129436
ALATA_L_m,5,maximum,1000.0
ALATA_L_m,5,mean_range,870.5055690194664
ALATA_L_m,5,mean_midpoint,564.7472154902667
ALATA_L_m,5,median_range,879.6958096511725
ALATA_L_m,5,median_midpoint,560.1520951744137
ALATA_L_m,5,std_range,34.41988393633257
ALATA_L_m,5,frac_fixed,0.0
ALATA_L_m,5,frac_variable,1.0
ALATA_L_m,5,frac_bidirectional,0.0
ALATA_L_m,6,minimum,0.1006423335020834
ALATA_L_m,6,maximum,1000.0
ALATA_L_m,6,mean_range,917.1483684319028
ALATA_L_m,6,mean_midpoint,541.4258157840486
ALATA_L_m,6,median_range,927.6257140449468
ALATA_L_m,6,median_midpoint,536.1871429775266
ALATA_L_m,6,std_range,60.46745773514341
ALATA_L_m,6,frac_fixed,0.0
ALATA_L_m,6,frac_variable,1.0
ALATA_L_m,6,frac_bidirectional,0.0
ALATA_L_m,7,minimum,-56.351487366519905
ALATA_L_m,7,maximum,1000.0
ALATA_L_m,7,mean_range,1022.302959869408
ALATA_L_m,7,mean_midpoint,488.848520065296
ALATA_L_m,7,median_range,1020.9406780183248
ALATA_L_m,7,median_midpoint,489.5296609908376
ALATA_L_m,7,std_range,13.817329909341879
ALATA_L_m,7,frac_fixed,0.0
ALATA_L_m,7,frac_variable,1.0
ALATA_L_m,7,frac_bidirectional,1.0
ALATA_L_m,8,minimum,0.3080744656578229
ALATA_L_m,8,maximum,1000.0
ALATA_L_m,8,mean_range,928.4165695440788
ALATA_L_m,8,mean_midpoint,535.7917152279606
ALATA_L_m,8,median_range,938.0426581547686
ALATA_L_m,8,median_midpoint,530.9786709226157
ALATA_L_m,8,std_range,51.6881813814019
ALATA_L_m,8,frac_fixed,0.0
ALATA_L_m,8,frac_variable,1.0
ALATA_L_m,8,frac_bidirectional,0.0
ALATA_L_m,9,minimum,-34.08489863211365
ALATA_L_m,9,maximum,1000.0
ALATA_L_m,9,mean_range,1015.1961460203224
ALATA_L_m,9,mean_midpoint,492.4019269898388
ALATA_L_m,9,median_range,1013.8802086620042
ALATA_L_m,9,median_midpoint,493.0598956689979
ALATA_L_m,9,std_range,9.493089954928758
ALATA_L_m,9,frac_fixed,0.0
ALATA_L_m,9,frac_variable,1.0
ALATA_L_m,9,frac_bidirectional,1.0
ALATA_L_m,10,minimum,-219.5612534691279
ALATA_L_m,10,maximum,1000.0
ALATA_L_m,10,mean_range,1108.9124202290063
ALATA_L_m,10,mean_midpoint,445.5437898854969
ALATA_L_m,10,median_range,1105.9061699772974
ALATA_L_m,10,median_midpoint,447.0469150113513
ALATA_L_m,10,std_range,46.694290756303836
ALATA_L_m,10,frac_fixed,0.0
ALATA_L_m,10,frac_variable,1.0
ALATA_L_m,10,frac_bidirectional,1.0
ALATA_L_m,11,minimum,97.32723155131069
ALATA_L_m,11,maximum,1000.0
ALATA_L_m,11,mean_range,823.0117949733432
ALATA_L_m,11,mean_midpoint,588.4941025133284
ALATA_L_m,11,median_range,823.2581106920336
ALATA_L_m,11,median_midpoint,588.3709446539832
ALATA_L_m,11,std_range,47.5197483648622
ALATA_L_m,11,frac_fixed,0.0
ALATA_L_m,11,frac_variable,1.0
ALATA_L_m,11,frac_bidirectional,0.0
ALATA_L_m,12,minimum,261.5485593473146
ALATA_L_m,12,maximum,1000.0
ALATA_L_m,12,mean_range,738.4514406526854
ALATA_L_m,12,mean_midpoint,630.7742796736572
ALATA_L_m,12,median_range,738.4514406526854
ALATA_L_m,12,median_midpoint,630.7742796736572
ALATA_L_m,12,std_range,0.0
ALATA_L_m,12,frac_fixed,0.0
ALATA_L_m,12,frac_variable,1.0
ALATA_L_m,12,frac_bidirectional,0.0
ALATA_L_m,13,minimum,-227.23107093486556
ALATA_L_m,13,maximum,1000.0
ALATA_L_m,13,mean_range,1227.2310709348656
ALATA_L_m,13,mean_midpoint,386.3844645325672
ALATA_L_m,13,median_range,1227.2310709348656
ALATA_L_m,13,median_midpoint,386.3844645325672
ALATA_L_m,13,std_range,0.0
ALATA_L_m,13,frac_fixed,0.0
ALATA_L_m,13,frac_variable,1.0
ALATA_L_m,13,frac_bidirectional,1.0
FTHDF_c,1,minimum,0.0
FTHDF_c,1,maximum,304.1437129807826
FTHDF_c,1,mean_range,294.85682452104453
FTHDF_c,1,mean_midpoint,147.42841226052226
FTHDF_c,1,median_range,297.57871680264526
FTHDF_c,1,median_midpoint,148.78935840132263
FTHDF_c,1,std_range,7.979090371475376
FTHDF_c,1,frac_fixed,0.0
FTHDF_c,1,frac_variable,1.0
FTHDF_c,1,frac_bidirectional,0.0
FTHDF_c,2,minimum,0.9812658227848187
FTHDF_c,2,maximum,274.76150543463524
FTHDF_c,2,mean_range,236.21615733336944
FTHDF_c,2,mean_midpoint,130.37390145149485
FTHDF_c,2,median_range,236.4001446751418
FTHDF_c,2,median_midpoint,130.46589512238103
FTHDF_c,2,std_range,22.80762188712913
FTHDF_c,2,frac_fixed,0.0
FTHDF_c,2,frac_variable,1.0
FTHDF_c,2,frac_bidirectional,0.0
FTHDF_c,3,minimum,0.0
FTHDF_c,3,maximum,303.4512364938668
FTHDF_c,3,mean_range,280.7736432666952
FTHDF_c,3,mean_midpoint,140.3868216333476
FTHDF_c,3,median_range,281.2052085588637
FTHDF_c,3,median_midpoint,140.60260427943186
FTHDF_c,3,std_range,13.273360175018528
FTHDF_c,3,frac_fixed,0.0
FTHDF_c,3,frac_variable,1.0
FTHDF_c,3,frac_bidirectional,0.0
FTHDF_c,4,minimum,0.0
FTHDF_c,4,maximum,257.78833704833164
FTHDF_c,4,mean_range,250.7358885784833
FTHDF_c,4,mean_midpoint,125.36794428924165
FTHDF_c,4,median_range,251.9341191707007
FTHDF_c,4,median_midpoint,125.96705958535036
FTHDF_c,4,std_range,5.918304507881934
FTHDF_c,4,frac_fixed,0.0
FTHDF_c,4,frac_variable,1.0
FTHDF_c,4,frac_bidirectional,0.0
FTHDF_c,5,minimum,0.16619560749293077
FTHDF_c,5,maximum,230.0787046135688
FTHDF_c,5,mean_range,217.82445002022047
FTHDF_c,5,mean_midpoint,114.97923029375957
FTHDF_c,5,median_range,220.1834645670325
FTHDF_c,5,median_midpoint,115.42244862010261
FTHDF_c,5,std_range,8.677288641984577
FTHDF_c,5,frac_fixed,0.0
FTHDF_c,5,frac_variable,1.0
FTHDF_c,5,frac_bidirectional,0.0
FTHDF_c,6,minimum,0.0
FTHDF_c,6,maximum,256.08790745892725
FTHDF_c,6,mean_range,230.66821372402603
FTHDF_c,6,mean_midpoint,123.9586084757795
FTHDF_c,6,median_range,233.33942949216504
FTHDF_c,6,median_midpoint,125.29707140706314
FTHDF_c,6,std_range,15.738715588471594
FTHDF_c,6,frac_fixed,0.0
FTHDF_c,6,frac_variable,1.0
FTHDF_c,6,frac_bidirectional,0.0
FTHDF_c,7,minimum,0.023742229642185596
FTHDF_c,7,maximum,276.18131166245024
FTHDF_c,7,mean_range,263.5045346896853
FTHDF_c,7,mean_midpoint,133.6647133742632
FTHDF_c,7,median_range,262.857860382617
FTHDF_c,7,median_midpoint,133.80396624542516
FTHDF_c,7,std_range,4.934523496897622
FTHDF_c,7,frac_fixed,0.0
FTHDF_c,7,frac_variable,1.0
FTHDF_c,7,frac_bidirectional,0.0
FTHDF_c,8,minimum,2.7516212290852664
FTHDF_c,8,maximum,263.98605459912346
FTHDF_c,8,mean_range,236.5673113192344
FTHDF_c,8,mean_midpoint,128.86164694440967
FTHDF_c,8,median_range,239.11181555049927
FTHDF_c,8,median_midpoint,129.00521988003425
FTHDF_c,8,std_range,14.53569177770174
FTHDF_c,8,frac_fixed,0.0
FTHDF_c,8,frac_variable,1.0
FTHDF_c,8,frac_bidirectional,0.0
FTHDF_c,9,minimum,0.0
FTHDF_c,9,maximum,259.43756995248776
FTHDF_c,9,mean_range,255.35728537449125
FTHDF_c,9,mean_midpoint,127.86574115507582
FTHDF_c,9,median_range,255.37477433964366
FTHDF_c,9,median_midpoint,128.0360154052344
FTHDF_c,9,std_range,2.350326827486153
FTHDF_c,9,frac_fixed,0.0
FTHDF_c,9,frac_variable,1.0
FTHDF_c,9,frac_bidirectional,0.0
FTHDF_c,10,minimum,0.0
FTHDF_c,10,maximum,303.17242205641503
FTHDF_c,10,mean_range,280.9898117565005
FTHDF_c,10,mean_midpoint,140.49490587825025
FTHDF_c,10,median_range,281.0111655863292
FTHDF_c,10,median_midpoint,140.5055827931646
FTHDF_c,10,std_range,10.971243000977024
FTHDF_c,10,frac_fixed,0.0
FTHDF_c,10,frac_variable,1.0
FTHDF_c,10,frac_bidirectional,0.0
FTHDF_c,11,minimum,0.0
FTHDF_c,11,maximum,225.65212510594574
FTHDF_c,11,mean_range,205.81959698710116
FTHDF_c,11,mean_midpoint,114.87167051352465
FTHDF_c,11,median_range,205.88311064871988
FTHDF_c,11,median_midpoint,114.88340301660884
FTHDF_c,11,std_range,11.915457828016162
FTHDF_c,11,frac_fixed,0.0
FTHDF_c,11,frac_variable,1.0
FTHDF_c,11,frac_bidirectional,0.0
FTHDF_c,12,minimum,24.531645569620263
FTHDF_c,12,maximum,209.14450573279487
FTHDF_c,12,mean_range,184.61286016317462
FTHDF_c,12,mean_midpoint,116.83807565120756
FTHDF_c,12,median_range,184.61286016317462
FTHDF_c,12,median_midpoint,116.83807565120756
FTHDF_c,12,std_range,0.0
FTHDF_c,12,frac_fixed,0.0
FTHDF_c,12,frac_variable,1.0
FTHDF_c,12,frac_bidirectional,0.0
FTHDF_c,13,minimum,0.0
FTHDF_c,13,maximum,304.62208006938977
FTHDF_c,13,mean_range,304.62208006938977
FTHDF_c,13,mean_midpoint,152.31104003469488
FTHDF_c,13,median_range,304.62208006938977
FTHDF_c,13,median_midpoint,152.31104003469488
FTHDF_c,13,std_range,0.0
FTHDF_c,13,frac_fixed,0.0
FTHDF_c,13,frac_variable,1.0
FTHDF_c,13,frac_bidirectional,0.0
ATPt_m,1,minimum,0.0
ATPt_m,1,maximum,688.9851114168
ATPt_m,1,mean_range,666.3663832413805
ATPt_m,1,mean_midpoint,333.18319162069025
ATPt_m,1,median_range,667.1575459165688
ATPt_m,1,median_midpoint,333.5787729582844
ATPt_m,1,std_range,14.27809401749056
ATPt_m,1,frac_fixed,0.0
ATPt_m,1,frac_variable,1.0
ATPt_m,1,frac_bidirectional,0.0
ATPt_m,2,minimum,0.0
ATPt_m,2,maximum,638.1567120135471
ATPt_m,2,mean_range,609.574117076838
ATPt_m,2,mean_midpoint,304.787058538419
ATPt_m,2,median_range,609.5741170768383
ATPt_m,2,median_midpoint,304.78705853841916
ATPt_m,2,std_range,17.20470037430347
ATPt_m,2,frac_fixed,0.0
ATPt_m,2,frac_variable,1.0
ATPt_m,2,frac_bidirectional,0.0
ATPt_m,3,minimum,0.0
ATPt_m,3,maximum,689.4319433179177
ATPt_m,3,mean_range,663.3447084514586
ATPt_m,3,mean_midpoint,331.6723542257293
ATPt_m,3,median_range,663.8411608317521
ATPt_m,3,median_midpoint,331.92058041587603
ATPt_m,3,std_range,15.269048213552301
ATPt_m,3,frac_fixed,0.0
ATPt_m,3,frac_variable,1.0
ATPt_m,3,frac_bidirectional,0.0
ATPt_m,4,minimum,0.01502718434233032
ATPt_m,4,maximum,636.9034950568335
ATPt_m,4,mean_range,628.4945622250403
ATPt_m,4,mean_midpoint,315.724921940404
ATPt_m,4,median_range,628.6189451826144
ATPt_m,4,median_midpoint,315.8596060217857
ATPt_m,4,std_range,5.4199069921383884
ATPt_m,4,frac_fixed,0.0
ATPt_m,4,frac_variable,1.0
ATPt_m,4,frac_bidirectional,0.0
ATPt_m,5,minimum,1.2299569834572301
ATPt_m,5,maximum,617.1325850575802
ATPt_m,5,mean_range,605.3283392753627
ATPt_m,5,mean_midpoint,304.89524439008716
ATPt_m,5,median_range,606.7863545670591
ATPt_m,5,median_midpoint,305.7882512715192
ATPt_m,5,std_range,7.432188986874651
ATPt_m,5,frac_fixed,0.0
ATPt_m,5,frac_variable,1.0
ATPt_m,5,frac_bidirectional,0.0
ATPt_m,6,minimum,0.0016873524878324
ATPt_m,6,maximum,626.5454805225647
ATPt_m,6,mean_range,608.453961281904
ATPt_m,6,mean_midpoint,305.21881427970646
ATPt_m,6,median_range,609.8780704930886
ATPt_m,6,median_midpoint,306.22956039403067
ATPt_m,6,std_range,11.322611260793545
ATPt_m,6,frac_fixed,0.0
ATPt_m,6,frac_variable,1.0
ATPt_m,6,frac_bidirectional,0.0
ATPt_m,7,minimum,0.0
ATPt_m,7,maximum,639.9691394244976
ATPt_m,7,mean_range,631.5093124457159
ATPt_m,7,mean_midpoint,315.75465622285793
ATPt_m,7,median_range,631.0133168029809
ATPt_m,7,median_midpoint,315.5066584014904
ATPt_m,7,std_range,3.335033178136041
ATPt_m,7,frac_fixed,0.0
ATPt_m,7,frac_variable,1.0
ATPt_m,7,frac_bidirectional,0.0
ATPt_m,8,minimum,0.0
ATPt_m,8,maximum,626.8689086075956
ATPt_m,8,mean_range,610.656799566255
ATPt_m,8,mean_midpoint,305.3283997831275
ATPt_m,8,median_range,612.6292660067638
ATPt_m,8,median_midpoint,306.3146330033819
ATPt_m,8,std_range,11.213030769081486
ATPt_m,8,frac_fixed,0.0
ATPt_m,8,frac_variable,1.0
ATPt_m,8,frac_bidirectional,0.0
ATPt_m,9,minimum,0.03111232028119648
ATPt_m,9,maximum,635.8923630232734
ATPt_m,9,mean_range,629.1360305195815
ATPt_m,9,mean_midpoint,315.412497901719
ATPt_m,9,median_range,628.806555658135
ATPt_m,9,median_midpoint,315.36518736912507
ATPt_m,9,std_range,3.04795837138181
ATPt_m,9,frac_fixed,0.0
ATPt_m,9,frac_variable,1.0
ATPt_m,9,frac_bidirectional,0.0
ATPt_m,10,minimum,0.0
ATPt_m,10,maximum,688.2789789523068
ATPt_m,10,mean_range,654.2597818361991
ATPt_m,10,mean_midpoint,327.12989091809953
ATPt_m,10,median_range,652.61734498276
ATPt_m,10,median_midpoint,326.30867249138
ATPt_m,10,std_range,13.21484507706051
ATPt_m,10,frac_fixed,0.0
ATPt_m,10,frac_variable,1.0
ATPt_m,10,frac_bidirectional,0.0
ATPt_m,11,minimum,0.06163100969342139
ATPt_m,11,maximum,616.7680109117227
ATPt_m,11,mean_range,595.4712057822287
ATPt_m,11,mean_midpoint,299.3049737734643
ATPt_m,11,median_range,595.5152794050468
ATPt_m,11,median_midpoint,299.32923044965025
ATPt_m,11,std_range,10.879280781310195
ATPt_m,11,frac_fixed,0.0
ATPt_m,11,frac_variable,1.0
ATPt_m,11,frac_bidirectional,0.0
ATPt_m,12,minimum,0.0
ATPt_m,12,maximum,576.1325522456832
ATPt_m,12,mean_range,576.1325522456832
ATPt_m,12,mean_midpoint,288.0662761228416
ATPt_m,12,median_range,576.1325522456832
ATPt_m,12,median_midpoint,288.0662761228416
ATPt_m,12,std_range,0.0
ATPt_m,12,frac_fixed,0.0
ATPt_m,12,frac_variable,1.0
ATPt_m,12,frac_bidirectional,0.0
ATPt_m,13,minimum,0.0
ATPt_m,13,maximum,690.7788266066736
ATPt_m,13,mean_range,690.7788266066736
ATPt_m,13,mean_midpoint,345.3894133033368
ATPt_m,13,median_range,690.7788266066736
ATPt_m,13,median_midpoint,345.3894133033368
ATPt_m,13,std_range,0.0
ATPt_m,13,frac_fixed,0.0
ATPt_m,13,frac_variable,1.0
ATPt_m,13,frac_bidirectional,0.0
PIt_m,1,minimum,-12.02050632911392
PIt_m,1,maximum,654.944877239585
PIt_m,1,mean_range,644.1701228922902
PIt_m,1,mean_midpoint,313.0083525853856
PIt_m,1,median_range,644.4065987585725
PIt_m,1,median_midpoint,313.12659051852677
PIt_m,1,std_range,13.894318206533779
PIt_m,1,frac_fixed,0.0
PIt_m,1,frac_variable,1.0
PIt_m,1,frac_bidirectional,1.0
PIt_m,2,minimum,-5.887594936708865
PIt_m,2,maximum,612.2235104477099
PIt_m,2,mean_range,593.5820420932797
PIt_m,2,mean_midpoint,293.72456535043733
PIt_m,2,median_range,593.58204209328
PIt_m,2,median_midpoint,293.7245653504375
PIt_m,2,std_range,14.764761048493094
PIt_m,2,frac_fixed,0.0
PIt_m,2,frac_variable,1.0
PIt_m,2,frac_bidirectional,1.0
PIt_m,3,minimum,-11.958606262939867
PIt_m,3,maximum,655.4418413918086
PIt_m,3,mean_range,639.4160327289457
PIt_m,3,mean_midpoint,313.69976201982695
PIt_m,3,median_range,639.9485893403377
PIt_m,3,median_midpoint,313.85280232277665
PIt_m,3,std_range,16.37948149419795
PIt_m,3,frac_fixed,0.0
PIt_m,3,frac_variable,1.0
PIt_m,3,frac_bidirectional,0.9811320754716981
PIt_m,4,minimum,0.022838090028159286
PIt_m,4,maximum,611.074734467824
PIt_m,4,mean_range,603.9180222261841
PIt_m,4,mean_midpoint,303.4453931028968
PIt_m,4,median_range,603.8277231371616
PIt_m,4,median_midpoint,303.47278226796465
PIt_m,4,std_range,4.4161766306736725
PIt_m,4,frac_fixed,0.0
PIt_m,4,frac_variable,1.0
PIt_m,4,frac_bidirectional,0.0
PIt_m,5,minimum,1.2338624363014503
PIt_m,5,maximum,596.4027873690759
PIt_m,5,mean_range,586.8882346736377
PIt_m,5,mean_midpoint,295.6824171769847
PIt_m,5,median_range,587.9259108296972
PIt_m,5,median_midpoint,296.4306802874511
PIt_m,5,std_range,5.369872108603496
PIt_m,5,frac_fixed,0.0
PIt_m,5,frac_variable,1.0
PIt_m,5,frac_bidirectional,0.0
PIt_m,6,minimum,0.0036400789100952124
PIt_m,6,maximum,602.2547825682655
PIt_m,6,mean_range,588.4989847322055
PIt_m,6,mean_midpoint,295.24657226022794
PIt_m,6,median_range,589.5351121865046
PIt_m,6,median_midpoint,295.9613700447528
PIt_m,6,std_range,8.045812258392205
PIt_m,6,frac_fixed,0.0
PIt_m,6,frac_variable,1.0
PIt_m,6,frac_bidirectional,0.0
PIt_m,7,minimum,-5.91176257438741
PIt_m,7,maximum,613.5535577452797
PIt_m,7,mean_range,609.6232781541175
PIt_m,7,mean_midpoint,301.72191774522855
PIt_m,7,median_range,609.3416081489306
PIt_m,7,median_midpoint,301.74232362703054
PIt_m,7,std_range,4.021941441709485
PIt_m,7,frac_fixed,0.0
PIt_m,7,frac_variable,1.0
PIt_m,7,frac_bidirectional,1.0
PIt_m,8,minimum,-4.46403147788854
PIt_m,8,maximum,603.5577316251489
PIt_m,8,mean_range,592.4430994648684
PIt_m,8,mean_midpoint,294.6402945662351
PIt_m,8,median_range,593.8354061265056
PIt_m,8,median_midpoint,295.3811500545359
PIt_m,8,std_range,9.034972167208451
PIt_m,8,frac_fixed,0.0
PIt_m,8,frac_variable,1.0
PIt_m,8,frac_bidirectional,1.0
PIt_m,9,minimum,0.038727953319551034
PIt_m,9,maximum,610.0408455449078
PIt_m,9,mean_range,603.9454247178303
PIt_m,9,mean_midpoint,302.8248707177782
PIt_m,9,median_range,603.5291949506432
PIt_m,9,median_midpoint,302.75891434471373
PIt_m,9,std_range,2.672489416597798
PIt_m,9,frac_fixed,0.0
PIt_m,9,frac_variable,1.0
PIt_m,9,frac_bidirectional,0.0
PIt_m,10,minimum,-11.799357511096204
PIt_m,10,maximum,654.3802649371244
PIt_m,10,mean_range,630.3916409907589
PIt_m,10,mean_midpoint,309.745903611148
PIt_m,10,median_range,628.5726362661445
PIt_m,10,median_midpoint,309.1459366774082
PIt_m,10,std_range,13.783579698130563
PIt_m,10,frac_fixed,0.0
PIt_m,10,frac_variable,1.0
PIt_m,10,frac_bidirectional,1.0
PIt_m,11,minimum,0.06182628233347032
PIt_m,11,maximum,596.4516597248897
PIt_m,11,mean_range,579.8419127690678
PIt_m,11,mean_midpoint,291.4952995432581
PIt_m,11,median_range,579.862214303933
PIt_m,11,median_midpoint,291.5076773514693
PIt_m,11,std_range,7.905130954051451
PIt_m,11,frac_fixed,0.0
PIt_m,11,frac_variable,1.0
PIt_m,11,frac_bidirectional,0.0
PIt_m,12,minimum,0.0
PIt_m,12,maximum,565.8123709104707
PIt_m,12,mean_range,565.8123709104707
PIt_m,12,mean_midpoint,282.90618545523535
PIt_m,12,median_range,565.8123709104707
PIt_m,12,median_midpoint,282.90618545523535
PIt_m,12,std_range,0.0
PIt_m,12,frac_fixed,0.0
PIt_m,12,frac_variable,1.0
PIt_m,12,frac_bidirectional,0.0
PIt_m,13,minimum,-12.265822784809696
PIt_m,13,maximum,656.5794595180655
PIt_m,13,mean_range,668.8452823028751
PIt_m,13,mean_midpoint,322.15681836662793
PIt_m,13,median_range,668.8452823028751
PIt_m,13,median_midpoint,322.15681836662793
PIt_m,13,std_range,0.0
PIt_m,13,frac_fixed,0.0
PIt_m,13,frac_variable,1.0
PIt_m,13,frac_bidirectional,1.0
ATP2t_m,1,minimum,0.0
ATP2t_m,1,maximum,654.9448772395848
ATP2t_m,1,mean_range,635.0934140315311
ATP2t_m,1,mean_midpoint,317.54670701576555
ATP2t_m,1,median_range,635.3298898978126
ATP2t_m,1,median_midpoint,317.6649449489063
ATP2t_m,1,std_range,12.125860422491465
ATP2t_m,1,frac_fixed,0.0
ATP2t_m,1,frac_variable,1.0
ATP2t_m,1,frac_bidirectional,0.0
ATP2t_m,2,minimum,0.0
ATP2t_m,2,maximum,612.2235104477098
ATP2t_m,2,mean_range,590.5155863970767
ATP2t_m,2,mean_midpoint,295.25779319853837
ATP2t_m,2,median_range,590.515586397077
ATP2t_m,2,median_midpoint,295.2577931985385
ATP2t_m,2,std_range,13.06663477778183
ATP2t_m,2,frac_fixed,0.0
ATP2t_m,2,frac_variable,1.0
ATP2t_m,2,frac_bidirectional,0.0
ATP2t_m,3,minimum,0.0
ATP2t_m,3,maximum,655.4419406158597
ATP2t_m,3,mean_range,633.4097994388591
ATP2t_m,3,mean_midpoint,316.70489971942953
ATP2t_m,3,median_range,633.8290814741699
ATP2t_m,3,median_midpoint,316.91454073708496
ATP2t_m,3,std_range,12.89557239782289
ATP2t_m,3,frac_fixed,0.0
ATP2t_m,3,frac_variable,1.0
ATP2t_m,3,frac_bidirectional,0.0
ATP2t_m,4,minimum,0.015027184342937882
ATP2t_m,4,maximum,611.0787034302679
ATP2t_m,4,mean_range,603.9312050424592
ATP2t_m,4,mean_midpoint,303.4432433491159
ATP2t_m,4,median_range,603.8409754887733
ATP2t_m,4,median_midpoint,303.47062117487195
ATP2t_m,4,std_range,4.415356016797267
ATP2t_m,4,frac_fixed,0.0
ATP2t_m,4,frac_variable,1.0
ATP2t_m,4,frac_bidirectional,0.0
ATP2t_m,5,minimum,1.229956983457692
ATP2t_m,5,maximum,596.4076493480445
ATP2t_m,5,mean_range,586.8991310516471
ATP2t_m,5,mean_midpoint,295.68064027822896
ATP2t_m,5,median_range,587.9376906978471
ATP2t_m,5,median_midpoint,296.4287593158391
ATP2t_m,5,std_range,5.37258404237946
ATP2t_m,5,frac_fixed,0.0
ATP2t_m,5,frac_variable,1.0
ATP2t_m,5,frac_bidirectional,0.0
ATP2t_m,6,minimum,0.0016873524878963453
ATP2t_m,6,maximum,602.2594460991434
ATP2t_m,6,mean_range,588.5068967719707
ATP2t_m,6,mean_midpoint,295.24528202474
ATP2t_m,6,median_range,589.5418856106661
ATP2t_m,6,median_midpoint,295.9596411702659
ATP2t_m,6,std_range,8.048446686639224
ATP2t_m,6,frac_fixed,0.0
ATP2t_m,6,frac_variable,1.0
ATP2t_m,6,frac_bidirectional,0.0
ATP2t_m,7,minimum,0.0
ATP2t_m,7,maximum,613.5536569693589
ATP2t_m,7,mean_range,606.5349306938974
ATP2t_m,7,mean_midpoint,303.2674653469487
ATP2t_m,7,median_range,606.0910209199374
ATP2t_m,7,median_midpoint,303.0455104599687
ATP2t_m,7,std_range,2.751170763598081
ATP2t_m,7,frac_fixed,0.0
ATP2t_m,7,frac_variable,1.0
ATP2t_m,7,frac_bidirectional,0.0
ATP2t_m,8,minimum,0.0
ATP2t_m,8,maximum,603.5579300732626
ATP2t_m,8,mean_range,590.8628657842629
ATP2t_m,8,mean_midpoint,295.43143289213145
ATP2t_m,8,median_range,592.3200028846223
ATP2t_m,8,median_midpoint,296.16000144231117
ATP2t_m,8,std_range,8.361955938121271
ATP2t_m,8,frac_fixed,0.0
ATP2t_m,8,frac_variable,1.0
ATP2t_m,8,frac_bidirectional,0.0
ATP2t_m,9,minimum,0.031112320273604353
ATP2t_m,9,maximum,610.044715283285
ATP2t_m,9,mean_range,603.9570007036195
ATP2t_m,9,mean_midpoint,302.822982993738
ATP2t_m,9,median_range,603.5402385770019
ATP2t_m,9,median_midpoint,302.75708942166614
ATP2t_m,9,std_range,2.6723927134479677
ATP2t_m,9,frac_fixed,0.0
ATP2t_m,9,frac_variable,1.0
ATP2t_m,9,frac_bidirectional,0.0
ATP2t_m,10,minimum,0.0
ATP2t_m,10,maximum,654.3803641611761
ATP2t_m,10,mean_range,624.9432397497123
ATP2t_m,10,mean_midpoint,312.4716198748562
ATP2t_m,10,median_range,623.3572013379987
ATP2t_m,10,median_midpoint,311.67860066899937
ATP2t_m,10,std_range,11.212593370906097
ATP2t_m,10,frac_fixed,0.0
ATP2t_m,10,frac_variable,1.0
ATP2t_m,10,frac_bidirectional,0.0
ATP2t_m,11,minimum,0.06163100969180846
ATP2t_m,11,maximum,596.4566209279844
ATP2t_m,11,mean_range,579.84941161265
ATP2t_m,11,mean_midpoint,291.4940766886745
ATP2t_m,11,median_range,579.8697239699122
ATP2t_m,11,median_midpoint,291.5064527320808
ATP2t_m,11,std_range,7.909356309745431
ATP2t_m,11,frac_fixed,0.0
ATP2t_m,11,frac_variable,1.0
ATP2t_m,11,frac_bidirectional,0.0
ATP2t_m,12,minimum,0.0
ATP2t_m,12,maximum,565.8123709105416
ATP2t_m,12,mean_range,565.8123709105416
ATP2t_m,12,mean_midpoint,282.9061854552708
ATP2t_m,12,median_range,565.8123709105416
ATP2t_m,12,median_midpoint,282.9061854552708
ATP2t_m,12,std_range,0.0
ATP2t_m,12,frac_fixed,0.0
ATP2t_m,12,frac_variable,1.0
ATP2t_m,12,frac_bidirectional,0.0
ATP2t_m,13,minimum,0.0
ATP2t_m,13,maximum,656.5794595180657
ATP2t_m,13,mean_range,656.5794595180657
ATP2t_m,13,mean_midpoint,328.28972975903287
ATP2t_m,13,median_range,656.5794595180657
ATP2t_m,13,median_midpoint,328.28972975903287
ATP2t_m,13,std_range,0.0
ATP2t_m,13,frac_fixed,0.0
ATP2t_m,13,frac_variable,1.0
ATP2t_m,13,frac_bidirectional,0.0
EX_pi_e,1,minimum,-0.22
EX_pi_e,1,maximum,0.0
EX_pi_e,1,mean_range,0.22
EX_pi_e,1,mean_midpoint,-0.11
EX_pi_e,1,median_range,0.22
EX_pi_e,1,median_midpoint,-0.11
EX_pi_e,1,std_range,0.0
EX_pi_e,1,frac_fixed,0.0
EX_pi_e,1,frac_variable,1.0
EX_pi_e,1,frac_bidirectional,0.0
EX_pi_e,2,minimum,-0.22
EX_pi_e,2,maximum,0.0
EX_pi_e,2,mean_range,0.22
EX_pi_e,2,mean_midpoint,-0.11
EX_pi_e,2,median_range,0.22
EX_pi_e,2,median_midpoint,-0.11
EX_pi_e,2,std_range,0.0
EX_pi_e,2,frac_fixed,0.0
EX_pi_e,2,frac_variable,1.0
EX_pi_e,2,frac_bidirectional,0.0
EX_pi_e,3,minimum,-0.0359060179309747
EX_pi_e,3,maximum,-0.0008990426045727418
EX_pi_e,3,mean_range,-3.5501999662919154e-14
EX_pi_e,3,mean_midpoint,-0.01831223332195864
EX_pi_e,3,median_range,2.842170943040401e-14
EX_pi_e,3,median_midpoint,-0.017980852091920685
EX_pi_e,3,std_range,6.022953839156235e-13
EX_pi_e,3,frac_fixed,1.0
EX_pi_e,3,frac_variable,0.0
EX_pi_e,3,frac_bidirectional,0.0
EX_pi_e,4,minimum,-0.04405308762513016
EX_pi_e,4,maximum,-0.035961704183790744
EX_pi_e,4,mean_range,3.0129744852904245e-14
EX_pi_e,4,mean_midpoint,-0.0402446389412125
EX_pi_e,4,median_range,1.4210854715202004e-14
EX_pi_e,4,median_midpoint,-0.040456917206691756
EX_pi_e,4,std_range,9.134959240432405e-14
EX_pi_e,4,frac_fixed,1.0
EX_pi_e,4,frac_variable,0.0
EX_pi_e,4,frac_bidirectional,0.0
EX_pi_e,5,minimum,-0.22
EX_pi_e,5,maximum,-0.01798085209188116
EX_pi_e,5,mean_range,0.0921539764927215
EX_pi_e,5,mean_midpoint,-0.07934156461640704
EX_pi_e,5,median_range,0.08131824677320765
EX_pi_e,5,median_midpoint,-0.07201298922672095
EX_pi_e,5,std_range,0.06364878530593526
EX_pi_e,5,frac_fixed,0.0
EX_pi_e,5,frac_variable,1.0
EX_pi_e,5,frac_bidirectional,0.0
EX_pi_e,6,minimum,-0.22
EX_pi_e,6,maximum,-0.002697127813760858
EX_pi_e,6,mean_range,0.19076372530378216
EX_pi_e,6,mean_midpoint,-0.11953582011432456
EX_pi_e,6,median_range,0.1939277644670068
EX_pi_e,6,median_midpoint,-0.12213707516201623
EX_pi_e,6,std_range,0.024274206956914356
EX_pi_e,6,frac_fixed,0.0
EX_pi_e,6,frac_variable,1.0
EX_pi_e,6,frac_bidirectional,0.0
EX_pi_e,7,minimum,-0.22
EX_pi_e,7,maximum,-0.0008990426045443201
EX_pi_e,7,mean_range,0.2075517177825643
EX_pi_e,7,mean_midpoint,-0.11622414110871787
EX_pi_e,7,median_range,0.20831244614030567
EX_pi_e,7,median_midpoint,-0.11584377692984717
EX_pi_e,7,std_range,0.007907535693635196
EX_pi_e,7,frac_fixed,0.0
EX_pi_e,7,frac_variable,1.0
EX_pi_e,7,frac_bidirectional,0.0
EX_pi_e,8,minimum,-0.22
EX_pi_e,8,maximum,-0.0008990426042885247
EX_pi_e,8,mean_range,0.21057928379211127
EX_pi_e,8,mean_midpoint,-0.11454504892018613
EX_pi_e,8,median_range,0.2119086165585398
EX_pi_e,8,median_midpoint,-0.1140456917206626
EX_pi_e,8,std_range,0.006606928847590672
EX_pi_e,8,frac_fixed,0.0
EX_pi_e,8,frac_variable,1.0
EX_pi_e,8,frac_bidirectional,0.0
EX_pi_e,9,minimum,-0.22
EX_pi_e,9,maximum,-0.028769363347009858
EX_pi_e,9,mean_range,0.18244714988225436
EX_pi_e,9,mean_midpoint,-0.1265628650139901
EX_pi_e,9,median_range,0.1849373384207749
EX_pi_e,9,median_midpoint,-0.12753133078955925
EX_pi_e,9,std_range,0.012447323351671424
EX_pi_e,9,frac_fixed,0.0
EX_pi_e,9,frac_variable,1.0
EX_pi_e,9,frac_bidirectional,0.0
EX_pi_e,10,minimum,-0.22
EX_pi_e,10,maximum,-0.0008990426044448441
EX_pi_e,10,mean_range,0.20357703170417202
EX_pi_e,10,mean_midpoint,-0.11552135227461201
EX_pi_e,10,median_range,0.20741340353566898
EX_pi_e,10,median_midpoint,-0.11584377692986493
EX_pi_e,10,std_range,0.02115341411753887
EX_pi_e,10,frac_fixed,0.0
EX_pi_e,10,frac_variable,1.0
EX_pi_e,10,frac_bidirectional,0.0
EX_pi_e,11,minimum,-0.04495213022971534
EX_pi_e,11,maximum,-0.0008990426045727418
EX_pi_e,11,mean_range,-1.3610251137490152e-13
EX_pi_e,11,mean_midpoint,-0.022892547836632023
EX_pi_e,11,median_range,-2.6645352591003757e-15
EX_pi_e,11,median_midpoint,-0.022925586417169797
EX_pi_e,11,std_range,1.3620907788732833e-12
EX_pi_e,11,frac_fixed,1.0
EX_pi_e,11,frac_variable,0.0
EX_pi_e,11,frac_bidirectional,0.0
EX_pi_e,12,minimum,0.0
EX_pi_e,12,maximum,0.0
EX_pi_e,12,mean_range,0.0
EX_pi_e,12,mean_midpoint,0.0
EX_pi_e,12,median_range,0.0
EX_pi_e,12,median_midpoint,0.0
EX_pi_e,12,std_range,0.0
EX_pi_e,12,frac_fixed,1.0
EX_pi_e,12,frac_variable,0.0
EX_pi_e,12,frac_bidirectional,0.0
EX_pi_e,13,minimum,0.0
EX_pi_e,13,maximum,0.0
EX_pi_e,13,mean_range,0.0
EX_pi_e,13,mean_midpoint,0.0
EX_pi_e,13,median_range,0.0
EX_pi_e,13,median_midpoint,0.0
EX_pi_e,13,std_range,0.0
EX_pi_e,13,frac_fixed,1.0
EX_pi_e,13,frac_variable,0.0
EX_pi_e,13,frac_bidirectional,0.0
MPCt_m,1,minimum,-1000.0
MPCt_m,1,maximum,214.61232027755932
MPCt_m,1,mean_range,1156.7265272406069
MPCt_m,1,mean_midpoint,-421.6367363796965
MPCt_m,1,median_range,1165.6265469330224
MPCt_m,1,median_midpoint,-417.1867265334888
MPCt_m,1,std_range,42.30755760014716
MPCt_m,1,frac_fixed,0.0
MPCt_m,1,frac_variable,1.0
MPCt_m,1,frac_bidirectional,1.0
MPCt_m,2,minimum,-1000.0
MPCt_m,2,maximum,59.0458747416065
MPCt_m,2,mean_range,941.4489127162902
MPCt_m,2,mean_midpoint,-529.2755436418548
MPCt_m,2,median_range,941.4489127162902
MPCt_m,2,median_midpoint,-529.2755436418549
MPCt_m,2,std_range,70.78505296856261
MPCt_m,2,frac_fixed,0.0
MPCt_m,2,frac_variable,1.0
MPCt_m,2,frac_bidirectional,0.25
MPCt_m,3,minimum,-1000.0
MPCt_m,3,maximum,213.8049459754567
MPCt_m,3,mean_range,1123.094573066781
MPCt_m,3,mean_midpoint,-438.45271346660945
MPCt_m,3,median_range,1124.8208342354465
MPCt_m,3,median_midpoint,-437.5895828822768
MPCt_m,3,std_range,53.0934407000736
MPCt_m,3,frac_fixed,0.0
MPCt_m,3,frac_variable,1.0
MPCt_m,3,frac_bidirectional,1.0
MPCt_m,4,minimum,-1000.0
MPCt_m,4,maximum,31.153348193265998
MPCt_m,4,mean_range,1004.3495258782388
MPCt_m,4,mean_midpoint,-497.8252370608806
MPCt_m,4,median_range,1007.7364766828106
MPCt_m,4,median_midpoint,-496.1317616585947
MPCt_m,4,std_range,20.815112166437277
MPCt_m,4,frac_fixed,0.0
MPCt_m,4,frac_variable,1.0
MPCt_m,4,frac_bidirectional,0.6923076923076923
MPCt_m,5,minimum,-1000.0
MPCt_m,5,maximum,-66.3675574059215
MPCt_m,5,mean_range,898.1961576723716
MPCt_m,5,mean_midpoint,-550.9019211638141
MPCt_m,5,median_range,905.4181054402718
MPCt_m,5,median_midpoint,-547.2909472798641
MPCt_m,5,std_range,27.470114049667615
MPCt_m,5,frac_fixed,0.0
MPCt_m,5,frac_variable,1.0
MPCt_m,5,frac_bidirectional,0.0
MPCt_m,6,minimum,-1000.0
MPCt_m,6,maximum,3.5409878176812883
MPCt_m,6,mean_range,932.6606944612319
MPCt_m,6,mean_midpoint,-533.6696527693841
MPCt_m,6,median_range,940.2360345134084
MPCt_m,6,median_midpoint,-529.8819827432958
MPCt_m,6,std_range,48.51125287058607
MPCt_m,6,frac_fixed,0.0
MPCt_m,6,frac_variable,1.0
MPCt_m,6,frac_bidirectional,0.0213903743315508
MPCt_m,7,minimum,-1000.0
MPCt_m,7,maximum,66.39895235044989
MPCt_m,7,mean_range,1030.1994009146154
MPCt_m,7,mean_midpoint,-484.90029954269227
MPCt_m,7,median_range,1028.130536481672
MPCt_m,7,median_midpoint,-485.934731759164
MPCt_m,7,std_range,14.220758812455434
MPCt_m,7,frac_fixed,0.0
MPCt_m,7,frac_variable,1.0
MPCt_m,7,frac_bidirectional,1.0
MPCt_m,8,minimum,-1000.0
MPCt_m,8,maximum,12.397093250433088
MPCt_m,8,mean_range,944.797738563088
MPCt_m,8,mean_midpoint,-527.6011307184559
MPCt_m,8,median_range,952.9921731363381
MPCt_m,8,median_midpoint,-523.5039134318309
MPCt_m,8,std_range,45.90195597772316
MPCt_m,8,frac_fixed,0.0
MPCt_m,8,frac_variable,1.0
MPCt_m,8,frac_bidirectional,0.0912280701754386
MPCt_m,9,minimum,-1000.0
MPCt_m,9,maximum,30.95847345009252
MPCt_m,9,mean_range,1014.1871976923395
MPCt_m,9,mean_midpoint,-492.90640115383025
MPCt_m,9,median_range,1013.5627569139606
MPCt_m,9,median_midpoint,-493.2186215430197
MPCt_m,9,std_range,8.827014907550709
MPCt_m,9,frac_fixed,0.0
MPCt_m,9,frac_variable,1.0
MPCt_m,9,frac_bidirectional,0.9615384615384616
MPCt_m,10,minimum,-1000.0
MPCt_m,10,maximum,211.4154030755663
MPCt_m,10,mean_range,1108.3477404657856
MPCt_m,10,mean_midpoint,-445.82612976710726
MPCt_m,10,median_range,1106.037085570632
MPCt_m,10,median_midpoint,-446.9814572146841
MPCt_m,10,std_range,44.7211511235413
MPCt_m,10,frac_fixed,0.0
MPCt_m,10,frac_variable,1.0
MPCt_m,10,frac_bidirectional,1.0
MPCt_m,11,minimum,-1000.0
MPCt_m,11,maximum,-75.81846116075312
MPCt_m,11,mean_range,860.3733538706024
MPCt_m,11,mean_midpoint,-569.8133230646987
MPCt_m,11,median_range,860.5959269082168
MPCt_m,11,median_midpoint,-569.7020365458916
MPCt_m,11,std_range,38.250243449838585
MPCt_m,11,frac_fixed,0.0
MPCt_m,11,frac_variable,1.0
MPCt_m,11,frac_bidirectional,0.0
MPCt_m,12,minimum,-1000.0
MPCt_m,12,maximum,-207.73561380207593
MPCt_m,12,mean_range,792.2643861979241
MPCt_m,12,mean_midpoint,-603.867806901038
MPCt_m,12,median_range,792.2643861979241
MPCt_m,12,median_midpoint,-603.867806901038
MPCt_m,12,std_range,0.0
MPCt_m,12,frac_fixed,0.0
MPCt_m,12,frac_variable,1.0
MPCt_m,12,frac_bidirectional,0.0
MPCt_m,13,minimum,-1000.0
MPCt_m,13,maximum,218.4883202775594
MPCt_m,13,mean_range,1218.4883202775595
MPCt_m,13,mean_midpoint,-390.7558398612203
MPCt_m,13,median_range,1218.4883202775595
MPCt_m,13,median_midpoint,-390.7558398612203
MPCt_m,13,std_range,0.0
MPCt_m,13,frac_fixed,0.0
MPCt_m,13,frac_variable,1.0
MPCt_m,13,frac_bidirectional,1.0
CO2t_m,1,minimum,-999.9672911392405
CO2t_m,1,maximum,1.962531645569637
CO2t_m,1,mean_range,1000.5416619750976
CO2t_m,1,mean_midpoint,-499.2503145318526
CO2t_m,1,median_range,1000.6296455696203
CO2t_m,1,median_midpoint,-499.22316455696205
CO2t_m,1,std_range,0.6422164301787106
CO2t_m,1,frac_fixed,0.0
CO2t_m,1,frac_variable,1.0
CO2t_m,1,frac_bidirectional,0.96
CO2t_m,2,minimum,-998.8400159298584
CO2t_m,2,maximum,-0.49063291139240306
CO2t_m,2,mean_range,915.9467869976628
CO2t_m,2,mean_midpoint,-464.10630489123645
CO2t_m,2,median_range,924.1353888271484
CO2t_m,2,median_midpoint,-468.20060580597925
CO2t_m,2,std_range,69.61715397974197
CO2t_m,2,frac_fixed,0.0
CO2t_m,2,frac_variable,1.0
CO2t_m,2,frac_bidirectional,0.0
CO2t_m,3,minimum,-999.9800901638271
CO2t_m,3,maximum,0.17744520572837247
CO2t_m,3,mean_range,999.6849625072813
CO2t_m,3,mean_midpoint,-499.75198338736607
CO2t_m,3,median_range,999.6906634783223
CO2t_m,3,median_midpoint,-499.75647153737685
CO2t_m,3,std_range,0.17534088896839953
CO2t_m,3,frac_fixed,0.0
CO2t_m,3,frac_variable,1.0
CO2t_m,3,frac_bidirectional,1.0
CO2t_m,4,minimum,-999.203606553076
CO2t_m,4,maximum,0.2177074943717479
CO2t_m,4,mean_range,991.7110789289412
CO2t_m,4,mean_midpoint,-495.6566530758398
CO2t_m,4,median_range,999.3039928262256
CO2t_m,4,median_midpoint,-499.45206095909793
CO2t_m,4,std_range,16.136189050705596
CO2t_m,4,frac_fixed,0.0
CO2t_m,4,frac_variable,1.0
CO2t_m,4,frac_bidirectional,1.0
CO2t_m,5,minimum,-916.3100945529276
CO2t_m,5,maximum,-0.014071513027947131
CO2t_m,5,mean_range,870.8656258335092
CO2t_m,5,mean_midpoint,-438.4141936655882
CO2t_m,5,median_range,880.0936484685725
CO2t_m,5,median_midpoint,-442.7211726409276
CO2t_m,5,std_range,34.5201486101992
CO2t_m,5,frac_fixed,0.0
CO2t_m,5,frac_variable,1.0
CO2t_m,5,frac_bidirectional,0.0
CO2t_m,6,minimum,-999.0391966834273
CO2t_m,6,maximum,0.2731542273276659
CO2t_m,6,mean_range,917.936615333438
CO2t_m,6,mean_midpoint,-463.2398455608675
CO2t_m,6,median_range,928.8231818057234
CO2t_m,6,median_midpoint,-467.7367747013707
CO2t_m,6,std_range,60.707390900655994
CO2t_m,6,frac_fixed,0.0
CO2t_m,6,frac_variable,1.0
CO2t_m,6,frac_bidirectional,0.026737967914438502
CO2t_m,7,minimum,-998.9437114403023
CO2t_m,7,maximum,-0.0020102161467150563
CO2t_m,7,mean_range,997.6935113507323
CO2t_m,7,mean_midpoint,-499.7834736157763
CO2t_m,7,median_range,997.945010570937
CO2t_m,7,median_midpoint,-499.78508580020775
CO2t_m,7,std_range,1.05718403611776
CO2t_m,7,frac_fixed,0.0
CO2t_m,7,frac_variable,1.0
CO2t_m,7,frac_bidirectional,0.0
CO2t_m,8,minimum,-997.5351430271768
CO2t_m,8,maximum,-1.3391844194677778
CO2t_m,8,mean_range,930.2609648958065
CO2t_m,8,mean_midpoint,-470.40497589646003
CO2t_m,8,median_range,940.4929742963955
CO2t_m,8,median_midpoint,-474.80695896231975
CO2t_m,8,std_range,51.898678935772004
CO2t_m,8,frac_fixed,0.0
CO2t_m,8,frac_variable,1.0
CO2t_m,8,frac_bidirectional,0.0
CO2t_m,9,minimum,-999.1800518619192
CO2t_m,9,maximum,0.658693726495761
CO2t_m,9,mean_range,999.2036108039113
CO2t_m,9,mean_midpoint,-499.4193033747662
CO2t_m,9,median_range,999.3617904025214
CO2t_m,9,median_midpoint,-499.3883710950031
CO2t_m,9,std_range,0.4468385218988196
CO2t_m,9,frac_fixed,0.0
CO2t_m,9,frac_variable,1.0
CO2t_m,9,frac_bidirectional,0.7692307692307693
CO2t_m,10,minimum,-999.9588471590691
CO2t_m,10,maximum,1.9288183637569318
CO2t_m,10,mean_range,1000.15076635308
CO2t_m,10,mean_midpoint,-499.304696120998
CO2t_m,10,median_range,1000.1267589648819
CO2t_m,10,median_midpoint,-499.2984394813254
CO2t_m,10,std_range,0.5204406107824785
CO2t_m,10,frac_fixed,0.0
CO2t_m,10,frac_variable,1.0
CO2t_m,10,frac_bidirectional,1.0
CO2t_m,11,minimum,-902.9451958068793
CO2t_m,11,maximum,0.1475513011812259
CO2t_m,11,mean_range,823.2256754167984
CO2t_m,11,mean_midpoint,-417.55696319818617
CO2t_m,11,median_range,823.4722998082657
CO2t_m,11,median_midpoint,-417.6711519050875
CO2t_m,11,std_range,47.64025974283694
CO2t_m,11,frac_fixed,0.0
CO2t_m,11,frac_variable,1.0
CO2t_m,11,frac_bidirectional,0.012195121951219513
CO2t_m,12,minimum,-750.7172634375135
CO2t_m,12,maximum,-12.265822784810123
CO2t_m,12,mean_range,738.4514406527034
CO2t_m,12,mean_midpoint,-381.4915431111618
CO2t_m,12,median_range,738.4514406527034
CO2t_m,12,median_midpoint,-381.4915431111618
CO2t_m,12,std_range,0.0
CO2t_m,12,frac_fixed,0.0
CO2t_m,12,frac_variable,1.0
CO2t_m,12,frac_bidirectional,0.0
CO2t_m,13,minimum,-1000.0
CO2t_m,13,maximum,0.0
CO2t_m,13,mean_range,1000.0
CO2t_m,13,mean_midpoint,-500.0
CO2t_m,13,median_range,1000.0
CO2t_m,13,median_midpoint,-500.0
CO2t_m,13,std_range,0.0
CO2t_m,13,frac_fixed,0.0
CO2t_m,13,frac_variable,1.0
CO2t_m,13,frac_bidirectional,0.0
PRAIC_c,1,minimum,-0.22222222222222307
PRAIC_c,1,maximum,0.0
PRAIC_c,1,mean_range,0.16504303797468314
PRAIC_c,1,mean_midpoint,-0.08252151898734157
PRAIC_c,1,median_range,0.20443037974683165
PRAIC_c,1,median_midpoint,-0.10221518987341582
PRAIC_c,1,std_range,0.06877785449463318
PRAIC_c,1,frac_fixed,0.0
PRAIC_c,1,frac_variable,1.0
PRAIC_c,1,frac_bidirectional,0.0
PRAIC_c,2,minimum,-0.19625316455697447
PRAIC_c,2,maximum,0.0
PRAIC_c,2,mean_range,0.10221518987341173
PRAIC_c,2,mean_midpoint,-0.051107594936705865
PRAIC_c,2,median_range,0.10221518987341492
PRAIC_c,2,median_midpoint,-0.05110759493670746
PRAIC_c,2,std_range,0.05660420902368781
PRAIC_c,2,frac_fixed,0.0
PRAIC_c,2,frac_variable,1.0
PRAIC_c,2,frac_bidirectional,0.0
PRAIC_c,3,minimum,-0.009525335435233232
PRAIC_c,3,maximum,-0.000238502704377197
PRAIC_c,3,mean_range,1.1057816824804711e-14
PRAIC_c,3,mean_midpoint,-0.0048579646257626416
PRAIC_c,3,median_range,3.635980405647388e-15
PRAIC_c,3,median_midpoint,-0.004770054087178544
PRAIC_c,3,std_range,1.0606521614723421e-13
PRAIC_c,3,frac_fixed,1.0
PRAIC_c,3,frac_variable,0.0
PRAIC_c,3,frac_bidirectional,0.0
PRAIC_c,4,minimum,-0.011686632513637201
PRAIC_c,4,maximum,-0.009540108174412818
PRAIC_c,4,mean_range,1.3063802176779186e-16
PRAIC_c,4,mean_midpoint,-0.010676307412383271
PRAIC_c,4,median_range,4.257011410047085e-15
PRAIC_c,4,median_midpoint,-0.010732621696196366
PRAIC_c,4,std_range,1.1546067275793603e-14
PRAIC_c,4,frac_fixed,1.0
PRAIC_c,4,frac_variable,0.0
PRAIC_c,4,frac_bidirectional,0.0
PRAIC_c,5,minimum,-0.015097992085833248
PRAIC_c,5,maximum,-0.004770054087195816
PRAIC_c,5,mean_range,0.0016424202057215647
PRAIC_c,5,mean_midpoint,-0.009645810164177064
PRAIC_c,5,median_range,0.0013553041128887885
PRAIC_c,5,median_midpoint,-0.01037402003913795
PRAIC_c,5,std_range,0.001226052013686755
PRAIC_c,5,frac_fixed,0.0
PRAIC_c,5,frac_variable,1.0
PRAIC_c,5,frac_bidirectional,0.0
PRAIC_c,6,minimum,-0.06861735557323316
PRAIC_c,6,maximum,-0.0007155081130889585
PRAIC_c,6,mean_range,0.022005121433324615
PRAIC_c,6,mean_midpoint,-0.017410248346094344
PRAIC_c,6,median_range,0.019398441737993696
PRAIC_c,6,median_midpoint,-0.01687950052444772
PRAIC_c,6,std_range,0.014299134285572088
PRAIC_c,6,frac_fixed,0.0
PRAIC_c,6,frac_variable,1.0
PRAIC_c,6,frac_bidirectional,0.0
PRAIC_c,7,minimum,-0.19935813126173066
PRAIC_c,7,maximum,-0.00023850270430699679
PRAIC_c,7,mean_range,0.13152591829184226
PRAIC_c,7,mean_midpoint,-0.06906530428320358
PRAIC_c,7,median_range,0.13496843747238504
PRAIC_c,7,median_midpoint,-0.07005070411272127
PRAIC_c,7,std_range,0.033880492211664344
PRAIC_c,7,frac_fixed,0.0
PRAIC_c,7,frac_variable,1.0
PRAIC_c,7,frac_bidirectional,0.0
PRAIC_c,8,minimum,-0.1533998068272003
PRAIC_c,8,maximum,-0.0002385027043487753
PRAIC_c,8,mean_range,0.07392468242493029
PRAIC_c,8,mean_midpoint,-0.03941766378997612
PRAIC_c,8,median_range,0.07157282633107509
PRAIC_c,8,median_midpoint,-0.03919503639071432
PRAIC_c,8,std_range,0.03260578240734481
PRAIC_c,8,frac_fixed,0.0
PRAIC_c,8,frac_variable,1.0
PRAIC_c,8,frac_bidirectional,0.0
PRAIC_c,9,minimum,-0.07906994061193093
PRAIC_c,9,maximum,-0.007632086539523186
PRAIC_c,9,mean_range,0.041134421112537574
PRAIC_c,9,mean_midpoint,-0.02994220147380283
PRAIC_c,9,median_range,0.043663766270848614
PRAIC_c,9,median_midpoint,-0.031119579439257538
PRAIC_c,9,std_range,0.01783173782296268
PRAIC_c,9,frac_fixed,0.0
PRAIC_c,9,frac_variable,1.0
PRAIC_c,9,frac_bidirectional,0.0
PRAIC_c,10,minimum,-0.2204917832373125
PRAIC_c,10,maximum,-0.00023850270432724635
PRAIC_c,10,mean_range,0.11638532641306358
PRAIC_c,10,mean_midpoint,-0.061835781573305215
PRAIC_c,10,median_range,0.11683652616835125
PRAIC_c,10,median_midpoint,-0.06278976022296698
PRAIC_c,10,std_range,0.06520644073076935
PRAIC_c,10,frac_fixed,0.0
PRAIC_c,10,frac_variable,1.0
PRAIC_c,10,frac_bidirectional,0.0
PRAIC_c,11,minimum,-0.011925135217996041
PRAIC_c,11,maximum,-0.00023850270436061768
PRAIC_c,11,mean_range,-1.37474620789895e-15
PRAIC_c,11,mean_midpoint,-0.006073054314496357
PRAIC_c,11,median_range,-1.0920084281274e-15
PRAIC_c,11,median_midpoint,-0.0060818189611845305
PRAIC_c,11,std_range,2.231000581047454e-14
PRAIC_c,11,frac_fixed,1.0
PRAIC_c,11,frac_variable,0.0
PRAIC_c,11,frac_bidirectional,0.0
PRAIC_c,12,minimum,0.0
PRAIC_c,12,maximum,0.0
PRAIC_c,12,mean_range,0.0
PRAIC_c,12,mean_midpoint,0.0
PRAIC_c,12,median_range,0.0
PRAIC_c,12,median_midpoint,0.0
PRAIC_c,12,std_range,0.0
PRAIC_c,12,frac_fixed,1.0
PRAIC_c,12,frac_variable,0.0
PRAIC_c,12,frac_bidirectional,0.0
PRAIC_c,13,minimum,0.0
PRAIC_c,13,maximum,0.0
PRAIC_c,13,mean_range,0.0
PRAIC_c,13,mean_midpoint,0.0
PRAIC_c,13,median_range,0.0
PRAIC_c,13,median_midpoint,0.0
PRAIC_c,13,std_range,0.0
PRAIC_c,13,frac_fixed,1.0
PRAIC_c,13,frac_variable,0.0
PRAIC_c,13,frac_bidirectional,0.0
SAHH_c,1,minimum,-18.153417721519045
SAHH_c,1,maximum,0.0
SAHH_c,1,mean_range,12.501326582278603
SAHH_c,1,mean_midpoint,-6.250663291139301
SAHH_c,1,median_range,13.73772151898737
SAHH_c,1,median_midpoint,-6.868860759493685
SAHH_c,1,std_range,4.700089159323044
SAHH_c,1,frac_fixed,0.0
SAHH_c,1,frac_variable,1.0
SAHH_c,1,frac_bidirectional,0.0
SAHH_c,2,minimum,-11.775189873417702
SAHH_c,2,maximum,0.0
SAHH_c,2,mean_range,6.132911392405155
SAHH_c,2,mean_midpoint,-3.0664556962025773
SAHH_c,2,median_range,6.132911392405043
SAHH_c,2,median_midpoint,-3.0664556962025213
SAHH_c,2,std_range,3.396252541421027
SAHH_c,2,frac_fixed,0.0
SAHH_c,2,frac_variable,1.0
SAHH_c,2,frac_bidirectional,0.0
SAHH_c,3,minimum,-0.041981415522501904
SAHH_c,3,maximum,-0.0010511631010704466
SAHH_c,3,mean_range,-7.340914596586431e-13
SAHH_c,3,mean_midpoint,-0.021410713872259967
SAHH_c,3,median_range,-3.469446951953614e-18
SAHH_c,3,median_midpoint,-0.021023262021433627
SAHH_c,3,std_range,3.698655834288935e-12
SAHH_c,3,frac_fixed,1.0
SAHH_c,3,frac_variable,0.0
SAHH_c,3,frac_bidirectional,0.0
SAHH_c,4,minimum,-0.05150699195081474
SAHH_c,4,maximum,-0.04204652404281787
SAHH_c,4,mean_range,9.079649425476514e-14
SAHH_c,4,mean_midpoint,-0.04705414321278774
SAHH_c,4,median_range,1.5432100042289676e-13
SAHH_c,4,median_midpoint,-0.047302339548124905
SAHH_c,4,std_range,8.894564064582421e-13
SAHH_c,4,frac_fixed,1.0
SAHH_c,4,frac_variable,0.0
SAHH_c,4,frac_bidirectional,0.0
SAHH_c,5,minimum,-0.28270656460490806
SAHH_c,5,maximum,-0.02102326202140892
SAHH_c,5,mean_range,0.0985452123434763
SAHH_c,5,mean_midpoint,-0.0881656409113518
SAHH_c,5,median_range,0.08131824677562352
SAHH_c,5,median_midpoint,-0.07901053206528441
SAHH_c,5,std_range,0.073563120820786
SAHH_c,5,frac_fixed,0.0
SAHH_c,5,frac_variable,1.0
SAHH_c,5,frac_bidirectional,0.0
SAHH_c,6,minimum,-3.719271359577774
SAHH_c,6,maximum,-0.003153489303211339
SAHH_c,6,mean_range,1.322139768272563
SAHH_c,6,mean_midpoint,-0.6893107580388383
SAHH_c,6,median_range,1.163906504280526
SAHH_c,6,median_midpoint,-0.6171832605383681
SAHH_c,6,std_range,0.8562697848108793
SAHH_c,6,frac_fixed,0.0
SAHH_c,6,frac_variable,1.0
SAHH_c,6,frac_bidirectional,0.0
SAHH_c,7,minimum,-11.94822887654251
SAHH_c,7,maximum,-0.0010511631010704464
SAHH_c,7,mean_range,7.891555097510388
SAHH_c,7,mean_midpoint,-3.9603321147700195
SAHH_c,7,median_range,8.098106248342344
SAHH_c,7,median_midpoint,-4.059564755181876
SAHH_c,7,std_range,2.0328295327002377
SAHH_c,7,frac_fixed,0.0
SAHH_c,7,frac_variable,1.0
SAHH_c,7,frac_bidirectional,0.0
SAHH_c,8,minimum,-9.177470411316191
SAHH_c,8,maximum,-0.0010511631010103883
SAHH_c,8,mean_range,4.435480945495786
SAHH_c,8,mean_midpoint,-2.2285619202515483
SAHH_c,8,median_range,4.294369579869966
SAHH_c,8,median_midpoint,-2.1603082841855348
SAHH_c,8,std_range,1.956346944440002
SAHH_c,8,frac_fixed,0.0
SAHH_c,8,frac_variable,1.0
SAHH_c,8,frac_bidirectional,0.0
SAHH_c,9,minimum,-4.439911470063752
SAHH_c,9,maximum,-0.033637219234254286
SAHH_c,9,mean_range,2.710174378986025
SAHH_c,9,mean_midpoint,-1.3964059852350923
SAHH_c,9,median_range,2.859816011209966
SAHH_c,9,median_midpoint,-1.4730056927488715
SAHH_c,9,std_range,1.005498044370891
SAHH_c,9,frac_fixed,0.0
SAHH_c,9,frac_variable,1.0
SAHH_c,9,frac_bidirectional,0.0
SAHH_c,10,minimum,-17.83582381325139
SAHH_c,10,maximum,-0.0010511631010704462
SAHH_c,10,mean_range,8.513068331228654
SAHH_c,10,mean_midpoint,-4.27259063596028
SAHH_c,10,median_range,8.679408752977697
SAHH_c,10,median_midpoint,-4.359044986015494
SAHH_c,10,std_range,4.386177235308166
SAHH_c,10,frac_fixed,0.0
SAHH_c,10,frac_variable,1.0
SAHH_c,10,frac_bidirectional,0.0
SAHH_c,11,minimum,-0.05255815505393284
SAHH_c,11,maximum,-0.001051163101070446
SAHH_c,11,mean_range,-2.38978361997751e-14
SAHH_c,11,mean_midpoint,-0.026766030277621523
SAHH_c,11,median_range,0.0
SAHH_c,11,median_midpoint,-0.026804659077318924
SAHH_c,11,std_range,9.871073152061263e-13
SAHH_c,11,frac_fixed,1.0
SAHH_c,11,frac_variable,0.0
SAHH_c,11,frac_bidirectional,0.0
SAHH_c,12,minimum,0.0
SAHH_c,12,maximum,0.0
SAHH_c,12,mean_range,0.0
SAHH_c,12,mean_midpoint,0.0
SAHH_c,12,median_range,0.0
SAHH_c,12,median_midpoint,0.0
SAHH_c,12,std_range,0.0
SAHH_c,12,frac_fixed,1.0
SAHH_c,12,frac_variable,0.0
SAHH_c,12,frac_bidirectional,0.0
SAHH_c,13,minimum,0.0
SAHH_c,13,maximum,0.0
SAHH_c,13,mean_range,0.0
SAHH_c,13,mean_midpoint,0.0
SAHH_c,13,median_range,0.0
SAHH_c,13,median_midpoint,0.0
SAHH_c,13,std_range,0.0
SAHH_c,13,frac_fixed,1.0
SAHH_c,13,frac_variable,0.0
SAHH_c,13,frac_bidirectional,0.0
METS_c,1,minimum,-12.102278481012565
METS_c,1,maximum,0.0
METS_c,1,mean_range,8.334217721518918
METS_c,1,mean_midpoint,-4.167108860759459
METS_c,1,median_range,9.158481012658218
METS_c,1,median_midpoint,-4.579240506329109
METS_c,1,std_range,3.1333927728819626
METS_c,1,frac_fixed,0.0
METS_c,1,frac_variable,1.0
METS_c,1,frac_bidirectional,0.0
METS_c,2,minimum,-7.850126582278449
METS_c,2,maximum,0.0
METS_c,2,mean_range,4.088607594936701
METS_c,2,mean_midpoint,-2.0443037974683507
METS_c,2,median_range,4.088607594936587
METS_c,2,median_midpoint,-2.0443037974682934
METS_c,2,std_range,2.264168360947291
METS_c,2,frac_fixed,0.0
METS_c,2,frac_variable,1.0
METS_c,2,frac_bidirectional,0.0
METS_c,3,minimum,-0.04941628251454983
METS_c,3,maximum,-0.0012373230422985221
METS_c,3,mean_range,-5.053021680324349e-13
METS_c,3,mean_midpoint,-0.02520253003498868
METS_c,3,median_range,-4.336808689942018e-19
METS_c,3,median_midpoint,-0.02474646084597045
METS_c,3,std_range,2.8222612446628663e-12
METS_c,3,frac_fixed,1.0
METS_c,3,frac_variable,0.0
METS_c,3,frac_bidirectional,0.0
METS_c,4,minimum,-0.06062882907262758
METS_c,4,maximum,-0.0494929216919409
METS_c,4,mean_range,-4.020608632351661e-14
METS_c,4,mean_midpoint,-0.055387385243493244
METS_c,4,median_range,-6.938893903907228e-18
METS_c,4,median_midpoint,-0.05567953690343351
METS_c,4,std_range,6.472649389086576e-13
METS_c,4,frac_fixed,1.0
METS_c,4,frac_variable,0.0
METS_c,4,frac_bidirectional,0.0
METS_c,5,minimum,-0.21368878222522456
METS_c,5,maximum,-0.024746460845970448
METS_c,5,mean_range,0.06569680822914695
METS_c,5,mean_midpoint,-0.0786293566796188
METS_c,5,median_range,0.054212164516791006
METS_c,5,median_midpoint,-0.07735487955619536
METS_c,5,std_range,0.04904208054708238
METS_c,5,frac_fixed,0.0
METS_c,5,frac_variable,1.0
METS_c,5,frac_bidirectional,0.0
METS_c,6,minimum,-2.4956106689672977
METS_c,6,maximum,-0.0037119691268955664
METS_c,6,mean_range,0.8814265121818167
METS_c,6,mean_midpoint,-0.47395556071394446
METS_c,6,median_range,0.77593766951984
METS_c,6,median_midpoint,-0.4243326504236472
METS_c,6,std_range,0.570846523207025
METS_c,6,frac_fixed,0.0
METS_c,6,frac_variable,1.0
METS_c,6,frac_bidirectional,0.0
METS_c,7,minimum,-7.966022465337343
METS_c,7,maximum,-0.00123732304229852
METS_c,7,mean_range,5.26103673167353
METS_c,7,mean_midpoint,-2.6476505310378218
METS_c,7,median_range,5.398737498894732
METS_c,7,median_midpoint,-2.711741979870351
METS_c,7,std_range,1.355219688466809
METS_c,7,frac_fixed,0.0
METS_c,7,frac_variable,1.0
METS_c,7,frac_bidirectional,0.0
METS_c,8,minimum,-6.119386702825318
METS_c,8,maximum,-0.0012373230422985221
METS_c,8,mean_range,2.95698729699678
METS_c,8,mean_midpoint,-1.4912315636075264
METS_c,8,median_range,2.862913053245537
METS_c,8,median_midpoint,-1.4497986471887057
METS_c,8,std_range,1.3042312962932008
METS_c,8,frac_fixed,0.0
METS_c,8,frac_variable,1.0
METS_c,8,frac_bidirectional,0.0
METS_c,9,minimum,-2.9797932427794818
METS_c,9,maximum,-0.039594337353552715
METS_c,9,mean_range,1.8067829193246798
METS_c,9,mean_midpoint,-0.952027773094228
METS_c,9,median_range,1.9065440074741797
METS_c,9,median_midpoint,-1.0040022484713291
METS_c,9,std_range,0.6703320295802181
METS_c,9,frac_fixed,0.0
METS_c,9,frac_variable,1.0
METS_c,9,frac_bidirectional,0.0
METS_c,10,minimum,-11.891085756475826
METS_c,10,maximum,-0.001237323042298522
METS_c,10,mean_range,5.675378887485568
METS_c,10,mean_midpoint,-2.8565894990403806
METS_c,10,median_range,5.786272501988504
METS_c,10,median_midpoint,-2.9199802293367694
METS_c,10,std_range,2.9241181568720775
METS_c,10,frac_fixed,0.0
METS_c,10,frac_variable,1.0
METS_c,10,frac_bidirectional,0.0
METS_c,11,minimum,-0.06186615211770523
METS_c,11,maximum,-0.0012373230422985223
METS_c,11,mean_range,-4.102604546100918e-13
METS_c,11,mean_midpoint,-0.03150626765669078
METS_c,11,median_range,-6.071532165918825e-18
METS_c,11,median_midpoint,-0.031551737578900216
METS_c,11,std_range,2.8674177107911606e-12
METS_c,11,frac_fixed,1.0
METS_c,11,frac_variable,0.0
METS_c,11,frac_bidirectional,0.0
METS_c,12,minimum,0.0
METS_c,12,maximum,0.0
METS_c,12,mean_range,0.0
METS_c,12,mean_midpoint,0.0
METS_c,12,median_range,0.0
METS_c,12,median_midpoint,0.0
METS_c,12,std_range,0.0
METS_c,12,frac_fixed,1.0
METS_c,12,frac_variable,0.0
METS_c,12,frac_bidirectional,0.0
METS_c,13,minimum,0.0
METS_c,13,maximum,0.0
METS_c,13,mean_range,0.0
METS_c,13,mean_midpoint,0.0
METS_c,13,median_range,0.0
METS_c,13,median_midpoint,0.0
METS_c,13,std_range,0.0
METS_c,13,frac_fixed,1.0
METS_c,13,frac_variable,0.0
METS_c,13,frac_bidirectional,0.0
PGAM_h,1,minimum,-4.415696202531629
PGAM_h,1,maximum,623.6632057571899
PGAM_h,1,mean_range,587.7508776378913
PGAM_h,1,mean_midpoint,292.7469831227432
PGAM_h,1,median_range,588.3376361369372
PGAM_h,1,median_midpoint,292.6969193342914
PGAM_h,1,std_range,24.721135945083617
PGAM_h,1,frac_fixed,0.0
PGAM_h,1,frac_variable,1.0
PGAM_h,1,frac_bidirectional,0.72
PGAM_h,2,minimum,4.579240506329157
PGAM_h,2,maximum,545.3118322831241
PGAM_h,2,mean_range,479.9443217345936
PGAM_h,2,mean_midpoint,267.6997347069601
PGAM_h,2,median_range,480.68708544767435
PGAM_h,2,median_midpoint,267.3283528504194
PGAM_h,2,std_range,37.50867972174935
PGAM_h,2,frac_fixed,0.0
PGAM_h,2,frac_variable,1.0
PGAM_h,2,frac_bidirectional,0.0
PGAM_h,3,minimum,-4.525896874851902
PGAM_h,3,maximum,624.1528016420444
PGAM_h,3,mean_range,576.1515457317226
PGAM_h,3,mean_midpoint,286.16687867012195
PGAM_h,3,median_range,577.1511622170966
PGAM_h,3,median_midpoint,286.6168841178431
PGAM_h,3,std_range,30.74452438147045
PGAM_h,3,frac_fixed,0.0
PGAM_h,3,frac_variable,1.0
PGAM_h,3,frac_bidirectional,0.8679245283018868
PGAM_h,4,minimum,0.7436186768174657
PGAM_h,4,maximum,523.6552689993813
PGAM_h,4,mean_range,507.7451699848367
PGAM_h,4,mean_midpoint,256.6278467238029
PGAM_h,4,median_range,509.3517723489425
PGAM_h,4,median_midpoint,256.09508376816933
PGAM_h,4,std_range,11.283229015926707
PGAM_h,4,frac_fixed,0.0
PGAM_h,4,frac_variable,1.0
PGAM_h,4,frac_bidirectional,0.0
PGAM_h,5,minimum,20.03516990968217
PGAM_h,5,maximum,490.044493439264
PGAM_h,5,mean_range,449.90038343298784
PGAM_h,5,mean_midpoint,258.2536523516455
PGAM_h,5,median_range,453.55301064617015
PGAM_h,5,median_midpoint,257.756774665596
PGAM_h,5,std_range,15.586055867550654
PGAM_h,5,frac_fixed,0.0
PGAM_h,5,frac_variable,1.0
PGAM_h,5,frac_bidirectional,0.0
PGAM_h,6,minimum,2.6412023473131434
PGAM_h,6,maximum,510.8820224937267
PGAM_h,6,mean_range,467.698750301867
PGAM_h,6,mean_midpoint,257.85782986387943
PGAM_h,6,median_range,472.3812380952999
PGAM_h,6,median_midpoint,257.4798020374932
PGAM_h,6,std_range,26.146929107192896
PGAM_h,6,frac_fixed,0.0
PGAM_h,6,frac_variable,1.0
PGAM_h,6,frac_bidirectional,0.0
PGAM_h,7,minimum,3.2477616440474506
PGAM_h,7,maximum,547.109906134022
PGAM_h,7,mean_range,522.3656395501412
PGAM_h,7,mean_midpoint,267.2249324628081
PGAM_h,7,median_range,521.7430831390602
PGAM_h,7,median_midpoint,267.62823089047544
PGAM_h,7,std_range,8.489067315870958
PGAM_h,7,frac_fixed,0.0
PGAM_h,7,frac_variable,1.0
PGAM_h,7,frac_bidirectional,0.0
PGAM_h,8,minimum,6.944038743080534
PGAM_h,8,maximum,529.2697521368206
PGAM_h,8,mean_range,479.50940894481437
PGAM_h,8,mean_midpoint,263.28251967090677
PGAM_h,8,median_range,483.56908425419135
PGAM_h,8,median_midpoint,262.7908296649535
PGAM_h,8,std_range,23.516531167952767
PGAM_h,8,frac_fixed,0.0
PGAM_h,8,frac_variable,1.0
PGAM_h,8,frac_bidirectional,0.0
PGAM_h,9,minimum,0.9344868484141235
PGAM_h,9,maximum,522.1630845132004
PGAM_h,9,mean_range,510.0284529755837
PGAM_h,9,mean_midpoint,257.369360101949
PGAM_h,9,median_range,509.4133217192189
PGAM_h,9,median_midpoint,257.33357706921845
PGAM_h,9,std_range,5.039514180218103
PGAM_h,9,frac_fixed,0.0
PGAM_h,9,frac_variable,1.0
PGAM_h,9,frac_bidirectional,0.0
PGAM_h,10,minimum,-4.366574339167066
PGAM_h,10,maximum,622.1614175136717
PGAM_h,10,mean_range,560.9723831356018
PGAM_h,10,mean_midpoint,280.2559639811524
PGAM_h,10,median_range,558.0305363536555
PGAM_h,10,median_midpoint,279.02287900253936
PGAM_h,10,std_range,25.58071499981714
PGAM_h,10,frac_fixed,0.0
PGAM_h,10,frac_variable,1.0
PGAM_h,10,frac_bidirectional,0.5516637478108581
PGAM_h,11,minimum,22.076718597798216
PGAM_h,11,maximum,488.188672972902
PGAM_h,11,mean_range,428.76447161741197
PGAM_h,11,mean_midpoint,261.7407457555073
PGAM_h,11,median_range,428.8205077434715
PGAM_h,11,median_midpoint,261.7308993439441
PGAM_h,11,std_range,21.84282692432104
PGAM_h,11,frac_fixed,0.0
PGAM_h,11,frac_variable,1.0
PGAM_h,11,frac_bidirectional,0.0
PGAM_h,12,minimum,73.59493670885199
PGAM_h,12,maximum,463.59421841541854
PGAM_h,12,mean_range,389.99928170656653
PGAM_h,12,mean_midpoint,268.59457756213527
PGAM_h,12,median_range,389.99928170656653
PGAM_h,12,median_midpoint,268.59457756213527
PGAM_h,12,std_range,0.0
PGAM_h,12,frac_fixed,0.0
PGAM_h,12,frac_variable,1.0
PGAM_h,12,frac_bidirectional,0.0
PGAM_h,13,minimum,-4.661012658227776
PGAM_h,13,maximum,626.0860780221353
PGAM_h,13,mean_range,630.747090680363
PGAM_h,13,mean_midpoint,310.7125326819538
PGAM_h,13,median_range,630.747090680363
PGAM_h,13,median_midpoint,310.7125326819538
PGAM_h,13,std_range,0.0
PGAM_h,13,frac_fixed,0.0
PGAM_h,13,frac_variable,1.0
PGAM_h,13,frac_bidirectional,1.0
MTHFC_c,1,minimum,-12.265822784810133
MTHFC_c,1,maximum,0.0
MTHFC_c,1,mean_range,6.378227848101224
MTHFC_c,1,mean_midpoint,-3.189113924050612
MTHFC_c,1,median_range,6.3782278481011785
MTHFC_c,1,median_midpoint,-3.1891139240505892
MTHFC_c,1,std_range,3.538004238910936
MTHFC_c,1,frac_fixed,0.0
MTHFC_c,1,frac_variable,1.0
MTHFC_c,1,frac_bidirectional,0.0
MTHFC_c,2,minimum,-24.041012658227846
MTHFC_c,2,maximum,-0.9812658227848172
MTHFC_c,2,mean_range,6.132911392404998
MTHFC_c,2,mean_midpoint,-15.332278481012693
MTHFC_c,2,median_range,6.13291139240503
MTHFC_c,2,median_midpoint,-15.332278481012652
MTHFC_c,2,std_range,3.3962525414209597
MTHFC_c,2,frac_fixed,0.0
MTHFC_c,2,frac_variable,1.0
MTHFC_c,2,frac_bidirectional,0.0
MTHFC_c,3,minimum,-0.02209542793249128
MTHFC_c,3,maximum,-0.0005532423872717968
MTHFC_c,3,mean_range,1.78364554192962e-15
MTHFC_c,3,mean_midpoint,-0.01126876927490848
MTHFC_c,3,median_range,2.6766891654539382e-14
MTHFC_c,3,median_midpoint,-0.011064847745555429
MTHFC_c,3,std_range,2.886459973292291e-13
MTHFC_c,3,frac_fixed,1.0
MTHFC_c,3,frac_variable,0.0
MTHFC_c,3,frac_bidirectional,0.0
MTHFC_c,4,minimum,-0.027108876976632397
MTHFC_c,4,maximum,-0.022129695491205647
MTHFC_c,4,mean_range,-1.5871572218888292e-13
MTHFC_c,4,mean_midpoint,-0.024765278096085617
MTHFC_c,4,median_range,1.7368051441479793e-14
MTHFC_c,4,median_midpoint,-0.02489590742761976
MTHFC_c,4,std_range,1.384727204798521e-12
MTHFC_c,4,frac_fixed,1.0
MTHFC_c,4,frac_variable,0.0
MTHFC_c,4,frac_bidirectional,0.0
MTHFC_c,5,minimum,-14.724725768782273
MTHFC_c,5,maximum,-0.34445245334746455
MTHFC_c,5,mean_range,0.09854521234327701
MTHFC_c,5,mean_midpoint,-6.250879997916102
MTHFC_c,5,median_range,0.08131824677517052
MTHFC_c,5,median_midpoint,-4.91247954720917
MTHFC_c,5,std_range,0.07356312082108821
MTHFC_c,5,frac_fixed,0.0
MTHFC_c,5,frac_variable,1.0
MTHFC_c,5,frac_bidirectional,0.0
MTHFC_c,6,minimum,-23.03607595392496
MTHFC_c,6,maximum,-0.025449149814861453
MTHFC_c,6,mean_range,1.3178190383913264
MTHFC_c,6,mean_midpoint,-9.37817529339025
MTHFC_c,6,median_range,1.1639065042805172
MTHFC_c,6,median_midpoint,-8.713347002178848
MTHFC_c,6,std_range,0.8603330937608732
MTHFC_c,6,frac_fixed,0.0
MTHFC_c,6,frac_variable,1.0
MTHFC_c,6,frac_bidirectional,0.0
MTHFC_c,7,minimum,-14.547552744135578
MTHFC_c,7,maximum,-0.04920749333571428
MTHFC_c,7,mean_range,7.891555097510822
MTHFC_c,7,mean_midpoint,-5.9085944294381605
MTHFC_c,7,median_range,8.098106248344527
MTHFC_c,7,median_midpoint,-5.963342525067321
MTHFC_c,7,std_range,2.03282953270019
MTHFC_c,7,frac_fixed,0.0
MTHFC_c,7,frac_variable,1.0
MTHFC_c,7,frac_bidirectional,0.0
MTHFC_c,8,minimum,-23.869578060591827
MTHFC_c,8,maximum,-2.8462064942323964
MTHFC_c,8,mean_range,4.435480945495576
MTHFC_c,8,mean_midpoint,-12.833182927303268
MTHFC_c,8,median_range,4.29436957986052
MTHFC_c,8,median_midpoint,-12.550550643006105
MTHFC_c,8,std_range,1.9563469444401682
MTHFC_c,8,frac_fixed,0.0
MTHFC_c,8,frac_variable,1.0
MTHFC_c,8,frac_bidirectional,0.0
MTHFC_c,9,minimum,-5.308016926254091
MTHFC_c,9,maximum,-0.019363483554789937
MTHFC_c,9,mean_range,1.8732622443500033
MTHFC_c,9,mean_midpoint,-1.1749333646784395
MTHFC_c,9,median_range,1.815874414225381
MTHFC_c,9,median_midpoint,-0.9608515473172953
MTHFC_c,9,std_range,1.0745228858189662
MTHFC_c,9,frac_fixed,0.0
MTHFC_c,9,frac_variable,1.0
MTHFC_c,9,frac_bidirectional,0.0
MTHFC_c,10,minimum,-11.603755275780406
MTHFC_c,10,maximum,-0.0005532423872602486
MTHFC_c,10,mean_range,4.24856731053693
MTHFC_c,10,mean_midpoint,-2.1327951474873967
MTHFC_c,10,median_range,3.8690756530444803
MTHFC_c,10,median_midpoint,-1.9405204912135896
MTHFC_c,10,std_range,2.844953227160795
MTHFC_c,10,frac_fixed,0.0
MTHFC_c,10,frac_variable,1.0
MTHFC_c,10,frac_bidirectional,0.0
MTHFC_c,11,minimum,-24.041565900615765
MTHFC_c,11,maximum,-0.027662119364016073
MTHFC_c,11,mean_range,-9.228111161397852e-14
MTHFC_c,11,mean_midpoint,-12.052623764453534
MTHFC_c,11,median_range,-1.1812772982011666e-13
MTHFC_c,11,median_midpoint,-12.034614009989753
MTHFC_c,11,std_range,7.795634767807005e-13
MTHFC_c,11,frac_fixed,1.0
MTHFC_c,11,frac_variable,0.0
MTHFC_c,11,frac_bidirectional,0.0
MTHFC_c,12,minimum,-24.531645569620263
MTHFC_c,12,maximum,-24.531645569620274
MTHFC_c,12,mean_range,-1.0658141036401503e-14
MTHFC_c,12,mean_midpoint,-24.531645569620267
MTHFC_c,12,median_range,-1.0658141036401503e-14
MTHFC_c,12,median_midpoint,-24.531645569620267
MTHFC_c,12,std_range,0.0
MTHFC_c,12,frac_fixed,1.0
MTHFC_c,12,frac_variable,0.0
MTHFC_c,12,frac_bidirectional,0.0
MTHFC_c,13,minimum,0.0
MTHFC_c,13,maximum,0.0
MTHFC_c,13,mean_range,0.0
MTHFC_c,13,mean_midpoint,0.0
MTHFC_c,13,median_range,0.0
MTHFC_c,13,median_midpoint,0.0
MTHFC_c,13,std_range,0.0
MTHFC_c,13,frac_fixed,1.0
MTHFC_c,13,frac_variable,0.0
MTHFC_c,13,frac_bidirectional,0.0
O2t_e,1,minimum,-12.265822784810128
O2t_e,1,maximum,-0.24531645569623173
O2t_e,1,mean_range,5.485275949367764
O2t_e,1,mean_midpoint,-5.931751898734525
O2t_e,1,median_range,6.378227848101169
O2t_e,1,median_midpoint,-6.697139240507551
O2t_e,1,std_range,2.346518260192179
O2t_e,1,frac_fixed,0.0
O2t_e,1,frac_variable,1.0
O2t_e,1,frac_bidirectional,0.0
O2t_e,2,minimum,-12.265822784810128
O2t_e,2,maximum,-6.378227848101259
O2t_e,2,mean_range,3.066455696202519
O2t_e,2,mean_midpoint,-10.73259493670887
O2t_e,2,median_range,3.0664556962025156
O2t_e,2,median_midpoint,-10.73259493670887
O2t_e,2,std_range,1.698126270710473
O2t_e,2,frac_fixed,0.0
O2t_e,2,frac_variable,1.0
O2t_e,2,frac_bidirectional,0.0
O2t_e,3,minimum,-9.404499026522172
O2t_e,3,maximum,-0.2354771090455472
O2t_e,3,mean_range,-5.895493736801963e-14
O2t_e,3,mean_midpoint,-4.7963375047975845
O2t_e,3,median_range,-2.3092638912203256e-14
O2t_e,3,median_midpoint,-4.709542180906846
O2t_e,3,std_range,6.508127443574822e-13
O2t_e,3,frac_fixed,1.0
O2t_e,3,frac_variable,0.0
O2t_e,3,frac_bidirectional,0.0
O2t_e,4,minimum,-11.538378343221952
O2t_e,4,maximum,-9.419084361812427
O2t_e,4,mean_range,3.6756922292205185e-14
O2t_e,4,mean_midpoint,-10.540870014425574
O2t_e,4,median_range,1.687538997430238e-13
O2t_e,4,median_midpoint,-10.596469907039422
O2t_e,4,std_range,4.734384531050658e-13
O2t_e,4,frac_fixed,1.0
O2t_e,4,frac_variable,0.0
O2t_e,4,frac_bidirectional,0.0
O2t_e,5,minimum,-12.06903585179261
O2t_e,5,maximum,-11.686722542791692
O2t_e,5,mean_range,0.049272606171598045
O2t_e,5,mean_midpoint,-11.877130655641924
O2t_e,5,median_range,0.04065912338741917
O2t_e,5,median_midpoint,-11.852600093873054
O2t_e,5,std_range,0.03678156041045971
O2t_e,5,frac_fixed,0.0
O2t_e,5,frac_variable,1.0
O2t_e,5,frac_bidirectional,0.0
O2t_e,6,minimum,-12.2363047448575
O2t_e,6,maximum,-10.126774152009219
O2t_e,6,mean_range,0.6603368912270058
O2t_e,6,mean_midpoint,-11.667680108413736
O2t_e,6,median_range,0.5819532521398383
O2t_e,6,median_midpoint,-11.675226096313766
O2t_e,6,std_range,0.4287881560660299
O2t_e,6,frac_fixed,0.0
O2t_e,6,frac_variable,1.0
O2t_e,6,frac_bidirectional,0.0
O2t_e,7,minimum,-12.255983438159253
O2t_e,7,maximum,-6.2823945814377975
O2t_e,7,mean_range,3.9457775487551348
O2t_e,7,mean_midpoint,-10.156696902958895
O2t_e,7,median_range,4.049053124170976
O2t_e,7,median_midpoint,-10.125917141681336
O2t_e,7,std_range,1.0164147663500327
O2t_e,7,frac_fixed,0.0
O2t_e,7,frac_variable,1.0
O2t_e,7,frac_bidirectional,0.0
O2t_e,8,minimum,-12.255983438159253
O2t_e,8,maximum,-7.658460048953121
O2t_e,8,mean_range,2.2177404727477334
O2t_e,8,mean_midpoint,-11.055659063967244
O2t_e,8,median_range,2.1471847899335224
O2t_e,8,median_midpoint,-11.05246719475527
O2t_e,8,std_range,0.9781734722200629
O2t_e,8,frac_fixed,0.0
O2t_e,8,frac_variable,1.0
O2t_e,8,frac_bidirectional,0.0
O2t_e,9,minimum,-11.9509636919821
O2t_e,9,maximum,-9.509591207742279
O2t_e,9,mean_range,1.271166548177436
O2t_e,9,mean_midpoint,-10.936553924608566
O2t_e,9,median_range,1.3482342748942377
O2t_e,9,median_midpoint,-11.055000554394185
O2t_e,9,std_range,0.5347905954994242
O2t_e,9,frac_fixed,0.0
O2t_e,9,frac_variable,1.0
O2t_e,9,frac_bidirectional,0.0
O2t_e,10,minimum,-12.255983438159253
O2t_e,10,maximum,-0.3947996447285682
O2t_e,10,mean_range,3.7217803697271483
O2t_e,10,mean_midpoint,-7.582106740431381
O2t_e,10,median_range,3.707740654490925
O2t_e,10,median_midpoint,-8.398725428129087
O2t_e,10,std_range,2.0878764214902032
O2t_e,10,frac_fixed,0.0
O2t_e,10,frac_variable,1.0
O2t_e,10,frac_bidirectional,0.0
O2t_e,11,minimum,-12.255983438159253
O2t_e,11,maximum,-11.773855452266332
O2t_e,11,mean_range,-2.363421111933748e-14
O2t_e,11,mean_midpoint,-12.015281027682912
O2t_e,11,median_range,0.0
O2t_e,11,median_midpoint,-12.014919445212794
O2t_e,11,std_range,1.4033128239455935e-13
O2t_e,11,frac_fixed,1.0
O2t_e,11,frac_variable,0.0
O2t_e,11,frac_bidirectional,0.0
O2t_e,12,minimum,-12.265822784810128
O2t_e,12,maximum,-12.265822784810128
O2t_e,12,mean_range,0.0
O2t_e,12,mean_midpoint,-12.265822784810128
O2t_e,12,median_range,0.0
O2t_e,12,median_midpoint,-12.265822784810128
O2t_e,12,std_range,0.0
O2t_e,12,frac_fixed,1.0
O2t_e,12,frac_variable,0.0
O2t_e,12,frac_bidirectional,0.0
O2t_e,13,minimum,0.0
O2t_e,13,maximum,0.0
O2t_e,13,mean_range,0.0
O2t_e,13,mean_midpoint,0.0
O2t_e,13,median_range,0.0
O2t_e,13,median_midpoint,0.0
O2t_e,13,std_range,0.0
O2t_e,13,frac_fixed,1.0
O2t_e,13,frac_variable,0.0
O2t_e,13,frac_bidirectional,0.0
CHRL_h,1,minimum,0.0
CHRL_h,1,maximum,1.1039240506329095
CHRL_h,1,mean_range,0.6942455696202484
CHRL_h,1,mean_midpoint,0.3471227848101242
CHRL_h,1,median_range,0.7972784810126599
CHRL_h,1,median_midpoint,0.39863924050632993
CHRL_h,1,std_range,0.3260455176178271
CHRL_h,1,frac_fixed,0.0
CHRL_h,1,frac_variable,1.0
CHRL_h,1,frac_bidirectional,0.0
CHRL_h,2,minimum,0.0
CHRL_h,2,maximum,0.8410849909584062
CHRL_h,2,mean_range,0.4380650994574964
CHRL_h,2,mean_midpoint,0.2190325497287482
CHRL_h,2,median_range,0.43806509945745353
CHRL_h,2,median_midpoint,0.21903254972872677
CHRL_h,2,std_range,0.242589467244355
CHRL_h,2,frac_fixed,0.0
CHRL_h,2,frac_variable,1.0
CHRL_h,2,frac_bidirectional,0.0
CHRL_h,3,minimum,0.00011090115244607859
CHRL_h,3,maximum,0.004429176935417923
CHRL_h,3,mean_range,-8.211594085277542e-15
CHRL_h,3,mean_midpoint,0.002258900489130114
CHRL_h,3,median_range,-1.6770439204005783e-15
CHRL_h,3,median_midpoint,0.0022180230489672464
CHRL_h,3,std_range,6.21892949853492e-14
CHRL_h,3,frac_fixed,1.0
CHRL_h,3,frac_variable,0.0
CHRL_h,3,frac_bidirectional,0.0
CHRL_h,4,minimum,0.004436046097843143
CHRL_h,4,maximum,0.005434156469811369
CHRL_h,4,mean_range,2.293110946853634e-14
CHRL_h,4,mean_midpoint,0.004964366333212414
CHRL_h,4,median_range,2.1430773822217475e-14
CHRL_h,4,median_midpoint,0.004990551860105476
CHRL_h,4,std_range,5.0952139893969136e-14
CHRL_h,4,frac_fixed,1.0
CHRL_h,4,frac_variable,0.0
CHRL_h,4,frac_bidirectional,0.0
CHRL_h,5,minimum,0.0022180230489215716
CHRL_h,5,maximum,0.02187677551170886
CHRL_h,5,mean_range,0.007038943738797452
CHRL_h,5,mean_midpoint,0.0076228145099036335
CHRL_h,5,median_range,0.005808446198163754
CHRL_h,5,median_midpoint,0.007291240827934083
CHRL_h,5,std_range,0.005254508630043593
CHRL_h,5,frac_fixed,0.0
CHRL_h,5,frac_variable,1.0
CHRL_h,5,frac_bidirectional,0.0
CHRL_h,6,minimum,0.00033270345733823575
CHRL_h,6,maximum,0.26673678218380026
CHRL_h,6,mean_range,0.09427494038793625
CHRL_h,6,mean_midpoint,0.05011697495273336
CHRL_h,6,median_range,0.08313617887710381
CHRL_h,6,median_midpoint,0.04494415238099814
CHRL_h,6,std_range,0.06131700343972065
CHRL_h,6,frac_fixed,0.0
CHRL_h,6,frac_variable,1.0
CHRL_h,6,frac_bidirectional,0.0
CHRL_h,7,minimum,0.00011090115244607859
CHRL_h,7,maximum,0.8534807378269171
CHRL_h,7,mean_range,0.5636825069650219
CHRL_h,7,mean_midpoint,0.28337680790099534
CHRL_h,7,median_range,0.578436160595938
CHRL_h,7,median_midpoint,0.2903270918224298
CHRL_h,7,std_range,0.1452021094785743
CHRL_h,7,frac_fixed,0.0
CHRL_h,7,frac_variable,1.0
CHRL_h,7,frac_bidirectional,0.0
CHRL_h,8,minimum,0.00011090115244607859
CHRL_h,8,maximum,0.6556052369556838
CHRL_h,8,mean_range,0.3168200675353922
CHRL_h,8,mean_midpoint,0.1595517319476147
CHRL_h,8,median_range,0.30674068427583717
CHRL_h,8,median_midpoint,0.15509573220819953
CHRL_h,8,std_range,0.1397390674600118
CHRL_h,8,frac_fixed,0.0
CHRL_h,8,frac_variable,1.0
CHRL_h,8,frac_bidirectional,0.0
CHRL_h,9,minimum,0.003548836878274515
CHRL_h,9,maximum,0.30606605543813203
CHRL_h,9,mean_range,0.1696593199821223
CHRL_h,9,mean_midpoint,0.08918892836798004
CHRL_h,9,median_range,0.17932134680956707
CHRL_h,9,median_midpoint,0.09409671950262669
CHRL_h,9,std_range,0.0775843850063824
CHRL_h,9,frac_fixed,0.0
CHRL_h,9,frac_variable,1.0
CHRL_h,9,frac_bidirectional,0.0
CHRL_h,10,minimum,0.00011090115244607859
CHRL_h,10,maximum,1.0825364717823835
CHRL_h,10,mean_range,0.4694432892658621
CHRL_h,10,mean_midpoint,0.23641565488097785
CHRL_h,10,median_range,0.45330280096444703
CHRL_h,10,median_midpoint,0.2284258189213608
CHRL_h,10,std_range,0.28112753164469845
CHRL_h,10,frac_fixed,0.0
CHRL_h,10,frac_variable,1.0
CHRL_h,10,frac_bidirectional,0.0
CHRL_h,11,minimum,0.00011090115244607859
CHRL_h,11,maximum,0.005545057622371579
CHRL_h,11,mean_range,3.014183683463373e-15
CHRL_h,11,mean_midpoint,0.002823903922402857
CHRL_h,11,median_range,1.1934897514720433e-15
CHRL_h,11,median_midpoint,0.0028279793874129724
CHRL_h,11,std_range,9.454716272938803e-14
CHRL_h,11,frac_fixed,1.0
CHRL_h,11,frac_variable,0.0
CHRL_h,11,frac_bidirectional,0.0
CHRL_h,12,minimum,0.0
CHRL_h,12,maximum,0.0
CHRL_h,12,mean_range,0.0
CHRL_h,12,mean_midpoint,0.0
CHRL_h,12,median_range,0.0
CHRL_h,12,median_midpoint,0.0
CHRL_h,12,std_range,0.0
CHRL_h,12,frac_fixed,1.0
CHRL_h,12,frac_variable,0.0
CHRL_h,12,frac_bidirectional,0.0
CHRL_h,13,minimum,0.0
CHRL_h,13,maximum,0.0
CHRL_h,13,mean_range,0.0
CHRL_h,13,mean_midpoint,0.0
CHRL_h,13,median_range,0.0
CHRL_h,13,median_midpoint,0.0
CHRL_h,13,std_range,0.0
CHRL_h,13,frac_fixed,1.0
CHRL_h,13,frac_variable,0.0
CHRL_h,13,frac_bidirectional,0.0
EX_h_e,1,minimum,-11.03924050632861
EX_h_e,1,maximum,1.22658227848126
EX_h_e,1,mean_range,8.025614770489618
EX_h_e,1,mean_midpoint,-3.374984600434678
EX_h_e,1,median_range,9.061518987341692
EX_h_e,1,median_midpoint,-3.892936708860827
EX_h_e,1,std_range,3.754013972212244
EX_h_e,1,frac_fixed,0.0
EX_h_e,1,frac_variable,1.0
EX_h_e,1,frac_bidirectional,1.0
EX_h_e,2,minimum,-10.499544303797492
EX_h_e,2,maximum,2.4041012658223906
EX_h_e,2,mean_range,6.132911392404959
EX_h_e,2,mean_midpoint,-1.2265822784810079
EX_h_e,2,median_range,6.132911392405077
EX_h_e,2,median_midpoint,-1.2265822784810538
EX_h_e,2,std_range,3.3962525414210565
EX_h_e,2,frac_fixed,0.0
EX_h_e,2,frac_variable,1.0
EX_h_e,2,frac_bidirectional,0.8333333333333334
EX_h_e,3,minimum,-6.955623575990716
EX_h_e,3,maximum,-0.17416027442406257
EX_h_e,3,mean_range,-2.8937020494663985e-13
EX_h_e,3,mean_midpoint,-3.54739982775203
EX_h_e,3,median_range,-2.575717417130363e-13
EX_h_e,3,median_midpoint,-3.4832054884850105
EX_h_e,3,std_range,9.723289351048076e-13
EX_h_e,3,frac_fixed,1.0
EX_h_e,3,frac_variable,0.0
EX_h_e,3,frac_bidirectional,0.0
EX_h_e,4,minimum,-8.533853446788818
EX_h_e,4,maximum,-6.966410976970852
EX_h_e,4,mean_range,-1.1887926540601676e-13
EX_h_e,4,mean_midpoint,-7.796090336871985
EX_h_e,4,median_range,-1.5276668818842154e-13
EX_h_e,4,median_midpoint,-7.837212349091562
EX_h_e,4,std_range,4.605678418335426e-13
EX_h_e,4,frac_fixed,1.0
EX_h_e,4,frac_variable,0.0
EX_h_e,4,frac_bidirectional,0.0
EX_h_e,5,minimum,-8.580099289911097
EX_h_e,5,maximum,-2.011839396381532
EX_h_e,5,mean_range,0.09854521234319034
EX_h_e,5,mean_midpoint,-5.8652344962932075
EX_h_e,5,median_range,0.08131824677454347
EX_h_e,5,median_midpoint,-6.482169770460192
EX_h_e,5,std_range,0.07356312082103414
EX_h_e,5,frac_fixed,0.0
EX_h_e,5,frac_variable,1.0
EX_h_e,5,frac_bidirectional,0.0
EX_h_e,6,minimum,-8.889495259208832
EX_h_e,6,maximum,1.780960799404454
EX_h_e,6,mean_range,1.3190035471650425
EX_h_e,6,mean_midpoint,-4.3363236007882
EX_h_e,6,median_range,1.1639065042803658
EX_h_e,6,median_midpoint,-4.689905808857938
EX_h_e,6,std_range,0.8590972386686936
EX_h_e,6,frac_fixed,0.0
EX_h_e,6,frac_variable,1.0
EX_h_e,6,frac_bidirectional,0.03208556149732621
EX_h_e,7,minimum,-10.911954493387693
EX_h_e,7,maximum,1.280539675750319
EX_h_e,7,mean_range,7.891555097510236
EX_h_e,7,mean_midpoint,-5.372556332423302
EX_h_e,7,median_range,8.098106248342784
EX_h_e,7,median_midpoint,-5.354840432319552
EX_h_e,7,std_range,2.032829532700082
EX_h_e,7,frac_fixed,0.0
EX_h_e,7,frac_variable,1.0
EX_h_e,7,frac_bidirectional,0.26495726495726496
EX_h_e,8,minimum,-8.269500372378971
EX_h_e,8,maximum,2.2127422073966727
EX_h_e,8,mean_range,4.4354809454953985
EX_h_e,8,mean_midpoint,-2.5061518747679674
EX_h_e,8,median_range,4.29436957986691
EX_h_e,8,median_midpoint,-2.6794372302109295
EX_h_e,8,std_range,1.956346944440115
EX_h_e,8,frac_fixed,0.0
EX_h_e,8,frac_variable,1.0
EX_h_e,8,frac_bidirectional,0.43508771929824563
EX_h_e,9,minimum,-9.409997078972337
EX_h_e,9,maximum,-5.044097464590269
EX_h_e,9,mean_range,2.1444039206051637
EX_h_e,9,mean_midpoint,-7.709058659062373
EX_h_e,9,median_range,2.223998392843762
EX_h_e,9,median_midpoint,-7.722703836321129
EX_h_e,9,std_range,1.0211265166050743
EX_h_e,9,frac_fixed,0.0
EX_h_e,9,frac_variable,1.0
EX_h_e,9,frac_bidirectional,0.0
EX_h_e,10,minimum,-10.958472891885954
EX_h_e,10,maximum,0.9861599289159813
EX_h_e,10,mean_range,5.418418144624051
EX_h_e,10,mean_midpoint,-4.944636833960276
EX_h_e,10,median_range,5.266162478632456
EX_h_e,10,median_midpoint,-5.222513394521547
EX_h_e,10,std_range,3.203801747718863
EX_h_e,10,frac_fixed,0.0
EX_h_e,10,frac_variable,1.0
EX_h_e,10,frac_bidirectional,0.11558669001751314
EX_h_e,11,minimum,-8.708013721212943
EX_h_e,11,maximum,2.2299409913988484
EX_h_e,11,mean_range,-2.711658810773642e-13
EX_h_e,11,mean_midpoint,-3.2308332055831177
EX_h_e,11,median_range,-3.410605131648481e-13
EX_h_e,11,median_midpoint,-3.239036364907289
EX_h_e,11,std_range,8.297832565222118e-13
EX_h_e,11,frac_fixed,1.0
EX_h_e,11,frac_variable,0.0
EX_h_e,11,frac_bidirectional,0.0
EX_h_e,12,minimum,2.4531645569612017
EX_h_e,12,maximum,2.4531645569620615
EX_h_e,12,mean_range,8.597567102697212e-13
EX_h_e,12,mean_midpoint,2.4531645569616316
EX_h_e,12,median_range,8.597567102697212e-13
EX_h_e,12,median_midpoint,2.4531645569616316
EX_h_e,12,std_range,0.0
EX_h_e,12,frac_fixed,1.0
EX_h_e,12,frac_variable,0.0
EX_h_e,12,frac_bidirectional,0.0
EX_h_e,13,minimum,0.0
EX_h_e,13,maximum,0.0
EX_h_e,13,mean_range,0.0
EX_h_e,13,mean_midpoint,0.0
EX_h_e,13,median_range,0.0
EX_h_e,13,median_midpoint,0.0
EX_h_e,13,std_range,0.0
EX_h_e,13,frac_fixed,1.0
EX_h_e,13,frac_variable,0.0
EX_h_e,13,frac_bidirectional,0.0
IGPS_c,1,minimum,0.0
IGPS_c,1,maximum,1.103924050632912
IGPS_c,1,mean_range,0.6942455696202435
IGPS_c,1,mean_midpoint,0.34712278481012177
IGPS_c,1,median_range,0.7972784810126594
IGPS_c,1,median_midpoint,0.3986392405063297
IGPS_c,1,std_range,0.3260455176178341
IGPS_c,1,frac_fixed,0.0
IGPS_c,1,frac_variable,1.0
IGPS_c,1,frac_bidirectional,0.0
IGPS_c,2,minimum,0.0
IGPS_c,2,maximum,0.8410849909584064
IGPS_c,2,mean_range,0.43806509945748545
IGPS_c,2,mean_midpoint,0.21903254972874273
IGPS_c,2,median_range,0.43806509945739125
IGPS_c,2,median_midpoint,0.21903254972869562
IGPS_c,2,std_range,0.24258946724435856
IGPS_c,2,frac_fixed,0.0
IGPS_c,2,frac_variable,1.0
IGPS_c,2,frac_bidirectional,0.0
IGPS_c,3,minimum,0.00011090115244607859
IGPS_c,3,maximum,0.004429176935553114
IGPS_c,3,mean_range,-7.705865092420604e-14
IGPS_c,3,mean_midpoint,0.0022589004890956905
IGPS_c,3,median_range,-2.5202062658991053e-14
IGPS_c,3,median_midpoint,0.0022180230488631335
IGPS_c,3,std_range,3.080129227396829e-13
IGPS_c,3,frac_fixed,1.0
IGPS_c,3,frac_variable,0.0
IGPS_c,3,frac_bidirectional,0.0
IGPS_c,4,minimum,0.004436046097843143
IGPS_c,4,maximum,0.0054341564700405845
IGPS_c,4,mean_range,-3.02443700425861e-14
IGPS_c,4,mean_midpoint,0.004964366333185826
IGPS_c,4,median_range,-5.0295705100733556e-14
IGPS_c,4,median_midpoint,0.004990551860206728
IGPS_c,4,std_range,2.423663236376982e-13
IGPS_c,4,frac_fixed,1.0
IGPS_c,4,frac_variable,0.0
IGPS_c,4,frac_bidirectional,0.0
IGPS_c,5,minimum,0.0022180230489215716
IGPS_c,5,maximum,0.0218767755117147
IGPS_c,5,mean_range,0.007038943738798635
IGPS_c,5,mean_midpoint,0.007622814509904226
IGPS_c,5,median_range,0.0058084461985196635
IGPS_c,5,median_midpoint,0.007291240827875627
IGPS_c,5,std_range,0.005254508630105092
IGPS_c,5,frac_fixed,0.0
IGPS_c,5,frac_variable,1.0
IGPS_c,5,frac_bidirectional,0.0
IGPS_c,6,minimum,0.00033270345733823575
IGPS_c,6,maximum,0.2667367821837829
IGPS_c,6,mean_range,0.0942749403879444
IGPS_c,6,mean_midpoint,0.05011697495273743
IGPS_c,6,median_range,0.08313617887715333
IGPS_c,6,median_midpoint,0.04494415238100829
IGPS_c,6,std_range,0.06131700343971808
IGPS_c,6,frac_fixed,0.0
IGPS_c,6,frac_variable,1.0
IGPS_c,6,frac_bidirectional,0.0
IGPS_c,7,minimum,0.00011090115244607859
IGPS_c,7,maximum,0.8534807378270183
IGPS_c,7,mean_range,0.563682506965012
IGPS_c,7,mean_midpoint,0.28337680790099007
IGPS_c,7,median_range,0.5784361605957697
IGPS_c,7,median_midpoint,0.2903270918223456
IGPS_c,7,std_range,0.14520210947857287
IGPS_c,7,frac_fixed,0.0
IGPS_c,7,frac_variable,1.0
IGPS_c,7,frac_bidirectional,0.0
IGPS_c,8,minimum,0.00011090115244607859
IGPS_c,8,maximum,0.6556052369557464
IGPS_c,8,mean_range,0.3168200675353966
IGPS_c,8,mean_midpoint,0.15955173194761685
IGPS_c,8,median_range,0.30674068427622364
IGPS_c,8,median_midpoint,0.15509573220822243
IGPS_c,8,std_range,0.13973906746000217
IGPS_c,8,frac_fixed,0.0
IGPS_c,8,frac_variable,1.0
IGPS_c,8,frac_bidirectional,0.0
IGPS_c,9,minimum,0.003548836878274515
IGPS_c,9,maximum,0.30606605543777265
IGPS_c,9,mean_range,0.16965931998216024
IGPS_c,9,mean_midpoint,0.08918892836799903
IGPS_c,9,median_range,0.1793213468095275
IGPS_c,9,median_midpoint,0.0940967195026069
IGPS_c,9,std_range,0.07758438500631994
IGPS_c,9,frac_fixed,0.0
IGPS_c,9,frac_variable,1.0
IGPS_c,9,frac_bidirectional,0.0
IGPS_c,10,minimum,0.00011090115244607859
IGPS_c,10,maximum,1.0825364717825319
IGPS_c,10,mean_range,0.4694432892658557
IGPS_c,10,mean_midpoint,0.2364156548809746
IGPS_c,10,median_range,0.45330280096436004
IGPS_c,10,median_midpoint,0.2284258189213173
IGPS_c,10,std_range,0.28112753164468696
IGPS_c,10,frac_fixed,0.0
IGPS_c,10,frac_variable,1.0
IGPS_c,10,frac_bidirectional,0.0
IGPS_c,11,minimum,0.00011090115244607859
IGPS_c,11,maximum,0.005545057622384776
IGPS_c,11,mean_range,-3.3076003753372126e-14
IGPS_c,11,mean_midpoint,0.0028239039223848118
IGPS_c,11,median_range,-1.769222789105296e-14
IGPS_c,11,median_midpoint,0.0028279793873932342
IGPS_c,11,std_range,1.6921276094403558e-13
IGPS_c,11,frac_fixed,1.0
IGPS_c,11,frac_variable,0.0
IGPS_c,11,frac_bidirectional,0.0
IGPS_c,12,minimum,0.0
IGPS_c,12,maximum,0.0
IGPS_c,12,mean_range,0.0
IGPS_c,12,mean_midpoint,0.0
IGPS_c,12,median_range,0.0
IGPS_c,12,median_midpoint,0.0
IGPS_c,12,std_range,0.0
IGPS_c,12,frac_fixed,1.0
IGPS_c,12,frac_variable,0.0
IGPS_c,12,frac_bidirectional,0.0
IGPS_c,13,minimum,0.0
IGPS_c,13,maximum,0.0
IGPS_c,13,mean_range,0.0
IGPS_c,13,mean_midpoint,0.0
IGPS_c,13,median_range,0.0
IGPS_c,13,median_midpoint,0.0
IGPS_c,13,std_range,0.0
IGPS_c,13,frac_fixed,1.0
IGPS_c,13,frac_variable,0.0
IGPS_c,13,frac_bidirectional,0.0
EX_o2_e,1,minimum,0.2453164556962939
EX_o2_e,1,maximum,12.265822784810128
EX_o2_e,1,mean_range,5.485275949367053
EX_o2_e,1,mean_midpoint,5.931751898734194
EX_o2_e,1,median_range,6.378227848101266
EX_o2_e,1,median_midpoint,6.697139240506351
EX_o2_e,1,std_range,2.3465182601929735
EX_o2_e,1,frac_fixed,0.0
EX_o2_e,1,frac_variable,1.0
EX_o2_e,1,frac_bidirectional,0.0
EX_o2_e,2,minimum,6.378227848101263
EX_o2_e,2,maximum,12.265822784810128
EX_o2_e,2,mean_range,3.0664556962024547
EX_o2_e,2,mean_midpoint,10.7325949367089
EX_o2_e,2,median_range,3.0664556962025253
EX_o2_e,2,median_midpoint,10.732594936708864
EX_o2_e,2,std_range,1.6981262707104356
EX_o2_e,2,frac_fixed,0.0
EX_o2_e,2,frac_variable,1.0
EX_o2_e,2,frac_bidirectional,0.0
EX_o2_e,3,minimum,0.23547710904469632
EX_o2_e,3,maximum,9.404499026522465
EX_o2_e,3,mean_range,-2.012645815207265e-14
EX_o2_e,3,mean_midpoint,4.796337504797547
EX_o2_e,3,median_range,5.595524044110789e-14
EX_o2_e,3,median_midpoint,4.709542180906562
EX_o2_e,3,std_range,5.645274665699123e-13
EX_o2_e,3,frac_fixed,1.0
EX_o2_e,3,frac_variable,0.0
EX_o2_e,3,frac_bidirectional,0.0
EX_o2_e,4,minimum,9.419084361813132
EX_o2_e,4,maximum,11.53837834322138
EX_o2_e,4,mean_range,5.192427684400732e-15
EX_o2_e,4,mean_midpoint,10.540870014425556
EX_o2_e,4,median_range,-2.1316282072803006e-14
EX_o2_e,4,median_midpoint,10.596469907039781
EX_o2_e,4,std_range,3.3446163313364636e-13
EX_o2_e,4,frac_fixed,1.0
EX_o2_e,4,frac_variable,0.0
EX_o2_e,4,frac_bidirectional,0.0
EX_o2_e,5,minimum,11.686722542791486
EX_o2_e,5,maximum,12.06903585179261
EX_o2_e,5,mean_range,0.0492726061712261
EX_o2_e,5,mean_midpoint,11.877130655642107
EX_o2_e,5,median_range,0.04065912338696265
EX_o2_e,5,median_midpoint,11.852600093872983
EX_o2_e,5,std_range,0.03678156041078087
EX_o2_e,5,frac_fixed,0.0
EX_o2_e,5,frac_variable,1.0
EX_o2_e,5,frac_bidirectional,0.0
EX_o2_e,6,minimum,10.126774152011015
EX_o2_e,6,maximum,12.2363047448575
EX_o2_e,6,mean_range,0.6603368912268701
EX_o2_e,6,mean_midpoint,11.667680108413808
EX_o2_e,6,median_range,0.5819532521399502
EX_o2_e,6,median_midpoint,11.675226096313953
EX_o2_e,6,std_range,0.42878815606610315
EX_o2_e,6,frac_fixed,0.0
EX_o2_e,6,frac_variable,1.0
EX_o2_e,6,frac_bidirectional,0.0
EX_o2_e,7,minimum,6.282394581438579
EX_o2_e,7,maximum,12.255983438159253
EX_o2_e,7,mean_range,3.945777548755105
EX_o2_e,7,mean_midpoint,10.156696902958911
EX_o2_e,7,median_range,4.049053124171223
EX_o2_e,7,median_midpoint,10.12591714168147
EX_o2_e,7,std_range,1.0164147663500658
EX_o2_e,7,frac_fixed,0.0
EX_o2_e,7,frac_variable,1.0
EX_o2_e,7,frac_bidirectional,0.0
EX_o2_e,8,minimum,7.658460048952669
EX_o2_e,8,maximum,12.255983438159257
EX_o2_e,8,mean_range,2.217740472747839
EX_o2_e,8,mean_midpoint,11.05565906396719
EX_o2_e,8,median_range,2.1471847899334477
EX_o2_e,8,median_midpoint,11.052467194754968
EX_o2_e,8,std_range,0.9781734722201371
EX_o2_e,8,frac_fixed,0.0
EX_o2_e,8,frac_variable,1.0
EX_o2_e,8,frac_bidirectional,0.0
EX_o2_e,9,minimum,9.509591207740499
EX_o2_e,9,maximum,11.9509636919821
EX_o2_e,9,mean_range,1.2711665481772698
EX_o2_e,9,mean_midpoint,10.936553924608631
EX_o2_e,9,median_range,1.3482342748946978
EX_o2_e,9,median_midpoint,11.05500055439398
EX_o2_e,9,std_range,0.534790595499274
EX_o2_e,9,frac_fixed,0.0
EX_o2_e,9,frac_variable,1.0
EX_o2_e,9,frac_bidirectional,0.0
EX_o2_e,10,minimum,0.39479964472864815
EX_o2_e,10,maximum,12.255983438159253
EX_o2_e,10,mean_range,3.7217803697272713
EX_o2_e,10,mean_midpoint,7.582106740431368
EX_o2_e,10,median_range,3.707740654490765
EX_o2_e,10,median_midpoint,8.398725428126127
EX_o2_e,10,std_range,2.087876421490141
EX_o2_e,10,frac_fixed,0.0
EX_o2_e,10,frac_variable,1.0
EX_o2_e,10,frac_bidirectional,0.0
EX_o2_e,11,minimum,11.773855452266101
EX_o2_e,11,maximum,12.255983438159253
EX_o2_e,11,mean_range,-5.2640818533446445e-14
EX_o2_e,11,mean_midpoint,12.015281027682926
EX_o2_e,11,median_range,0.0
EX_o2_e,11,median_midpoint,12.014919445212495
EX_o2_e,11,std_range,6.227573879352159e-13
EX_o2_e,11,frac_fixed,1.0
EX_o2_e,11,frac_variable,0.0
EX_o2_e,11,frac_bidirectional,0.0
EX_o2_e,12,minimum,12.265822784810128
EX_o2_e,12,maximum,12.265822784810128
EX_o2_e,12,mean_range,0.0
EX_o2_e,12,mean_midpoint,12.265822784810128
EX_o2_e,12,median_range,0.0
EX_o2_e,12,median_midpoint,12.265822784810128
EX_o2_e,12,std_range,0.0
EX_o2_e,12,frac_fixed,1.0
EX_o2_e,12,frac_variable,0.0
EX_o2_e,12,frac_bidirectional,0.0
EX_o2_e,13,minimum,0.0
EX_o2_e,13,maximum,0.0
EX_o2_e,13,mean_range,0.0
EX_o2_e,13,mean_midpoint,0.0
EX_o2_e,13,median_range,0.0
EX_o2_e,13,median_midpoint,0.0
EX_o2_e,13,std_range,0.0
EX_o2_e,13,frac_fixed,1.0
EX_o2_e,13,frac_variable,0.0
EX_o2_e,13,frac_bidirectional,0.0
PRAI_c,1,minimum,0.0
PRAI_c,1,maximum,1.1039240506329115
PRAI_c,1,mean_range,0.6942455696202462
PRAI_c,1,mean_midpoint,0.3471227848101231
PRAI_c,1,median_range,0.7972784810126596
PRAI_c,1,median_midpoint,0.3986392405063298
PRAI_c,1,std_range,0.3260455176178292
PRAI_c,1,frac_fixed,0.0
PRAI_c,1,frac_variable,1.0
PRAI_c,1,frac_bidirectional,0.0
PRAI_c,2,minimum,0.0
PRAI_c,2,maximum,0.841084990958295
PRAI_c,2,mean_range,0.43806509945748723
PRAI_c,2,mean_midpoint,0.21903254972874361
PRAI_c,2,median_range,0.4380650994574822
PRAI_c,2,median_midpoint,0.2190325497287411
PRAI_c,2,std_range,0.24258946724434652
PRAI_c,2,frac_fixed,0.0
PRAI_c,2,frac_variable,1.0
PRAI_c,2,frac_bidirectional,0.0
PRAI_c,3,minimum,0.00011090115244607859
PRAI_c,3,maximum,0.004429176935520618
PRAI_c,3,mean_range,7.343968456571683e-15
PRAI_c,3,mean_midpoint,0.002258900489137892
PRAI_c,3,median_range,-6.933039212175807e-15
PRAI_c,3,median_midpoint,0.0022180230489330776
PRAI_c,3,std_range,8.233715831173886e-14
PRAI_c,3,frac_fixed,1.0
PRAI_c,3,frac_variable,0.0
PRAI_c,3,frac_bidirectional,0.0
PRAI_c,4,minimum,0.004436046097843143
PRAI_c,4,maximum,0.00543415646981843
PRAI_c,4,mean_range,1.5610709840181597e-14
PRAI_c,4,mean_midpoint,0.004964366333208752
PRAI_c,4,median_range,-1.3981003854635077e-14
PRAI_c,4,median_midpoint,0.004990551860053148
PRAI_c,4,std_range,6.184575227505936e-14
PRAI_c,4,frac_fixed,1.0
PRAI_c,4,frac_variable,0.0
PRAI_c,4,frac_bidirectional,0.0
PRAI_c,5,minimum,0.0022180230489215716
PRAI_c,5,maximum,0.02187677551170629
PRAI_c,5,mean_range,0.007038943738788613
PRAI_c,5,mean_midpoint,0.0076228145098992135
PRAI_c,5,median_range,0.00580844619823933
PRAI_c,5,median_midpoint,0.007291240827893945
PRAI_c,5,std_range,0.005254508630089647
PRAI_c,5,frac_fixed,0.0
PRAI_c,5,frac_variable,1.0
PRAI_c,5,frac_bidirectional,0.0
PRAI_c,6,minimum,0.00033270345733823575
PRAI_c,6,maximum,0.26673678218377594
PRAI_c,6,mean_range,0.09427494038793995
PRAI_c,6,mean_midpoint,0.05011697495273519
PRAI_c,6,median_range,0.08313617887718153
PRAI_c,6,median_midpoint,0.044944152380966156
PRAI_c,6,std_range,0.061317003439733196
PRAI_c,6,frac_fixed,0.0
PRAI_c,6,frac_variable,1.0
PRAI_c,6,frac_bidirectional,0.0
PRAI_c,7,minimum,0.00011090115244607859
PRAI_c,7,maximum,0.853480737826912
PRAI_c,7,mean_range,0.5636825069650225
PRAI_c,7,mean_midpoint,0.2833768079009954
PRAI_c,7,median_range,0.5784361605959042
PRAI_c,7,median_midpoint,0.29032709182241284
PRAI_c,7,std_range,0.14520210947858858
PRAI_c,7,frac_fixed,0.0
PRAI_c,7,frac_variable,1.0
PRAI_c,7,frac_bidirectional,0.0
PRAI_c,8,minimum,0.00011090115244607859
PRAI_c,8,maximum,0.6556052369557165
PRAI_c,8,mean_range,0.3168200675353871
PRAI_c,8,mean_midpoint,0.15955173194761213
PRAI_c,8,median_range,0.30674068427631834
PRAI_c,8,median_midpoint,0.15509573220818942
PRAI_c,8,std_range,0.1397390674600117
PRAI_c,8,frac_fixed,0.0
PRAI_c,8,frac_variable,1.0
PRAI_c,8,frac_bidirectional,0.0
PRAI_c,9,minimum,0.003548836878274515
PRAI_c,9,maximum,0.30606605543796767
PRAI_c,9,mean_range,0.16965931998212205
PRAI_c,9,mean_midpoint,0.08918892836797995
PRAI_c,9,median_range,0.17932134680959963
PRAI_c,9,median_midpoint,0.09409671950264296
PRAI_c,9,std_range,0.07758438500637332
PRAI_c,9,frac_fixed,0.0
PRAI_c,9,frac_variable,1.0
PRAI_c,9,frac_bidirectional,0.0
PRAI_c,10,minimum,0.00011090115244607859
PRAI_c,10,maximum,1.0825364717824735
PRAI_c,10,mean_range,0.46944328926586537
PRAI_c,10,mean_midpoint,0.23641565488097943
PRAI_c,10,median_range,0.4533028009644657
PRAI_c,10,median_midpoint,0.22842581892137012
PRAI_c,10,std_range,0.281127531644693
PRAI_c,10,frac_fixed,0.0
PRAI_c,10,frac_variable,1.0
PRAI_c,10,frac_bidirectional,0.0
PRAI_c,11,minimum,0.00011090115244607859
PRAI_c,11,maximum,0.005545057622332428
PRAI_c,11,mean_range,-2.1398930506917075e-14
PRAI_c,11,mean_midpoint,0.0028239039223906504
PRAI_c,11,median_range,-2.655167752330101e-14
PRAI_c,11,median_midpoint,0.0028279793873835653
PRAI_c,11,std_range,5.4251017900717736e-14
PRAI_c,11,frac_fixed,1.0
PRAI_c,11,frac_variable,0.0
PRAI_c,11,frac_bidirectional,0.0
PRAI_c,12,minimum,0.0
PRAI_c,12,maximum,0.0
PRAI_c,12,mean_range,0.0
PRAI_c,12,mean_midpoint,0.0
PRAI_c,12,median_range,0.0
PRAI_c,12,median_midpoint,0.0
PRAI_c,12,std_range,0.0
PRAI_c,12,frac_fixed,1.0
PRAI_c,12,frac_variable,0.0
PRAI_c,12,frac_bidirectional,0.0
PRAI_c,13,minimum,0.0
PRAI_c,13,maximum,0.0
PRAI_c,13,mean_range,0.0
PRAI_c,13,mean_midpoint,0.0
PRAI_c,13,median_range,0.0
PRAI_c,13,median_midpoint,0.0
PRAI_c,13,std_range,0.0
PRAI_c,13,frac_fixed,1.0
PRAI_c,13,frac_variable,0.0
PRAI_c,13,frac_bidirectional,0.0
SO3R_h,1,minimum,0.0
SO3R_h,1,maximum,1.5165017261219784
SO3R_h,1,mean_range,0.9973228998849595
SO3R_h,1,mean_midpoint,0.49866144994247974
SO3R_h,1,median_range,1.1596777905638447
SO3R_h,1,median_midpoint,0.5798388952819223
SO3R_h,1,std_range,0.42663968367143995
SO3R_h,1,frac_fixed,0.0
SO3R_h,1,frac_variable,1.0
SO3R_h,1,frac_bidirectional,0.0
SO3R_h,2,minimum,0.0
SO3R_h,2,maximum,1.0704718066743395
SO3R_h,2,mean_range,0.5575373993095509
SO3R_h,2,mean_midpoint,0.27876869965477546
SO3R_h,2,median_range,0.5575373993095445
SO3R_h,2,median_midpoint,0.27876869965477225
SO3R_h,2,std_range,0.30875023103826477
SO3R_h,2,frac_fixed,0.0
SO3R_h,2,frac_variable,1.0
SO3R_h,2,frac_bidirectional,0.0
SO3R_h,3,minimum,0.00023335192099236768
SO3R_h,3,maximum,0.009319623136596076
SO3R_h,3,mean_range,-5.3743120246276474e-14
SO3R_h,3,mean_midpoint,0.004753050413280174
SO3R_h,3,median_range,-1.6965595595053173e-15
SO3R_h,3,median_midpoint,0.00466703841979352
SO3R_h,3,std_range,3.2723330020828553e-13
SO3R_h,3,frac_fixed,1.0
SO3R_h,3,frac_variable,0.0
SO3R_h,3,frac_bidirectional,0.0
SO3R_h,4,minimum,0.00933407683969465
SO3R_h,4,maximum,0.011434244128146144
SO3R_h,4,mean_range,-9.991033107674514e-14
SO3R_h,4,mean_midpoint,0.010445738342709905
SO3R_h,4,median_range,-3.0531133177191805e-16
SO3R_h,4,median_midpoint,0.010500836444446198
SO3R_h,4,std_range,3.616409995489586e-13
SO3R_h,4,frac_fixed,1.0
SO3R_h,4,frac_variable,0.0
SO3R_h,4,frac_bidirectional,0.0
SO3R_h,5,minimum,0.004667038419847296
SO3R_h,5,maximum,0.032176803819873194
SO3R_h,5,mean_range,0.008958655667502351
SO3R_h,5,mean_midpoint,0.013113348910468652
SO3R_h,5,median_range,0.007392567888942334
SO3R_h,5,median_midpoint,0.013521191039900998
SO3R_h,5,std_range,0.006687556438354737
SO3R_h,5,frac_fixed,0.0
SO3R_h,5,frac_variable,1.0
SO3R_h,5,frac_bidirectional,0.0
SO3R_h,6,minimum,0.0007000557629770941
SO3R_h,6,maximum,0.34224932731666574
SO3R_h,6,mean_range,0.12006125295039016
SO3R_h,6,mean_midpoint,0.06629993156110761
SO3R_h,6,median_range,0.10580968220676655
SO3R_h,6,median_midpoint,0.05941456847772443
SO3R_h,6,std_range,0.07796148292111757
SO3R_h,6,frac_fixed,0.0
SO3R_h,6,frac_variable,1.0
SO3R_h,6,frac_bidirectional,0.0
SO3R_h,7,minimum,0.000233351920992364
SO3R_h,7,maximum,1.0863404167785207
SO3R_h,7,mean_range,0.7174140997736914
SO3R_h,7,mean_midpoint,0.36193807648520177
SO3R_h,7,median_range,0.7361914771219372
SO3R_h,7,median_midpoint,0.37042925777089225
SO3R_h,7,std_range,0.1848026847908985
SO3R_h,7,frac_fixed,0.0
SO3R_h,7,frac_variable,1.0
SO3R_h,7,frac_bidirectional,0.0
SO3R_h,8,minimum,0.00023335192099236313
SO3R_h,8,maximum,0.8345910752152346
SO3R_h,8,mean_range,0.4032255404996239
SO3R_h,8,mean_midpoint,0.2040150668680282
SO3R_h,8,median_range,0.3903972345334491
SO3R_h,8,median_midpoint,0.1982168239382232
SO3R_h,8,std_range,0.17784972222195725
SO3R_h,8,frac_fixed,0.0
SO3R_h,8,frac_variable,1.0
SO3R_h,8,frac_bidirectional,0.0
SO3R_h,9,minimum,0.007467261471755669
SO3R_h,9,maximum,0.40407590363273843
SO3R_h,9,mean_range,0.23112119057772412
SO3R_h,9,mean_midpoint,0.12473312079863888
SO3R_h,9,median_range,0.24513350452641727
SO3R_h,9,median_midpoint,0.13155080122141466
SO3R_h,9,std_range,0.0972346537271828
SO3R_h,9,frac_fixed,0.0
SO3R_h,9,frac_variable,1.0
SO3R_h,9,frac_bidirectional,0.0
SO3R_h,10,minimum,0.00023335192099236432
SO3R_h,10,maximum,1.4877673442819557
SO3R_h,10,mean_range,0.676687339950404
SO3R_h,10,mean_midpoint,0.34190811035155033
SO3R_h,10,median_range,0.6741346644527376
SO3R_h,10,median_midpoint,0.3412830351059954
SO3R_h,10,std_range,0.37961389481638536
SO3R_h,10,frac_fixed,0.0
SO3R_h,10,frac_variable,1.0
SO3R_h,10,frac_bidirectional,0.0
SO3R_h,11,minimum,0.00023335192099236475
SO3R_h,11,maximum,0.011667596048487123
SO3R_h,11,mean_range,-9.648393506221399e-14
SO3R_h,11,mean_midpoint,0.005941898622787297
SO3R_h,11,median_range,-2.4988821775706604e-13
SO3R_h,11,median_midpoint,0.005950473985041498
SO3R_h,11,std_range,1.6624077852715234e-12
SO3R_h,11,frac_fixed,1.0
SO3R_h,11,frac_variable,0.0
SO3R_h,11,frac_bidirectional,0.0
SO3R_h,12,minimum,0.0
SO3R_h,12,maximum,0.0
SO3R_h,12,mean_range,0.0
SO3R_h,12,mean_midpoint,0.0
SO3R_h,12,median_range,0.0
SO3R_h,12,median_midpoint,0.0
SO3R_h,12,std_range,0.0
SO3R_h,12,frac_fixed,1.0
SO3R_h,12,frac_variable,0.0
SO3R_h,12,frac_bidirectional,0.0
SO3R_h,13,minimum,0.0
SO3R_h,13,maximum,0.0
SO3R_h,13,mean_range,0.0
SO3R_h,13,mean_midpoint,0.0
SO3R_h,13,median_range,0.0
SO3R_h,13,median_midpoint,0.0
SO3R_h,13,std_range,0.0
SO3R_h,13,frac_fixed,1.0
SO3R_h,13,frac_variable,0.0
SO3R_h,13,frac_bidirectional,0.0
ANPRT_c,1,minimum,0.0
ANPRT_c,1,maximum,1.103924050632911
ANPRT_c,1,mean_range,0.6942455696202516
ANPRT_c,1,mean_midpoint,0.3471227848101258
ANPRT_c,1,median_range,0.797278481012665
ANPRT_c,1,median_midpoint,0.3986392405063325
ANPRT_c,1,std_range,0.32604551761782996
ANPRT_c,1,frac_fixed,0.0
ANPRT_c,1,frac_variable,1.0
ANPRT_c,1,frac_bidirectional,0.0
ANPRT_c,2,minimum,0.0
ANPRT_c,2,maximum,0.8410849909584426
ANPRT_c,2,mean_range,0.4380650994589776
ANPRT_c,2,mean_midpoint,0.2190325497294888
ANPRT_c,2,median_range,0.4380650994574999
ANPRT_c,2,median_midpoint,0.21903254972874994
ANPRT_c,2,std_range,0.2425894672448928
ANPRT_c,2,frac_fixed,0.0
ANPRT_c,2,frac_variable,1.0
ANPRT_c,2,frac_bidirectional,0.0
ANPRT_c,3,minimum,0.00011090115244607859
ANPRT_c,3,maximum,0.004429176935368095
ANPRT_c,3,mean_range,2.3556652382637215e-14
ANPRT_c,3,mean_midpoint,0.0022589004891459975
ANPRT_c,3,median_range,9.74957961585865e-15
ANPRT_c,3,median_midpoint,0.0022180230487243574
ANPRT_c,3,std_range,2.2129284456471203e-13
ANPRT_c,3,frac_fixed,1.0
ANPRT_c,3,frac_variable,0.0
ANPRT_c,3,frac_bidirectional,0.0
ANPRT_c,4,minimum,0.004436046097843143
ANPRT_c,4,maximum,0.0054341564699111975
ANPRT_c,4,mean_range,-3.455996173001425e-14
ANPRT_c,4,mean_midpoint,0.004964366333183669
ANPRT_c,4,median_range,4.1130293615410096e-14
ANPRT_c,4,median_midpoint,0.004990551860008616
ANPRT_c,4,std_range,1.9505454938549236e-13
ANPRT_c,4,frac_fixed,1.0
ANPRT_c,4,frac_variable,0.0
ANPRT_c,4,frac_bidirectional,0.0
ANPRT_c,5,minimum,0.0022180230489215716
ANPRT_c,5,maximum,0.021876775511751267
ANPRT_c,5,mean_range,0.007038943738732844
ANPRT_c,5,mean_midpoint,0.0076228145098713295
ANPRT_c,5,median_range,0.005808446198213207
ANPRT_c,5,median_midpoint,0.007291240827855119
ANPRT_c,5,std_range,0.005254508630109661
ANPRT_c,5,frac_fixed,0.0
ANPRT_c,5,frac_variable,1.0
ANPRT_c,5,frac_bidirectional,0.0
ANPRT_c,6,minimum,0.00033270345733823575
ANPRT_c,6,maximum,0.2667367821838258
ANPRT_c,6,mean_range,0.09427494038792497
ANPRT_c,6,mean_midpoint,0.050116974952727704
ANPRT_c,6,median_range,0.0831361788772397
ANPRT_c,6,median_midpoint,0.044944152380979575
ANPRT_c,6,std_range,0.06131700343971477
ANPRT_c,6,frac_fixed,0.0
ANPRT_c,6,frac_variable,1.0
ANPRT_c,6,frac_bidirectional,0.0
ANPRT_c,7,minimum,0.00011090115244607859
ANPRT_c,7,maximum,0.8534807378268038
ANPRT_c,7,mean_range,0.5636825069650031
ANPRT_c,7,mean_midpoint,0.28337680790098574
ANPRT_c,7,median_range,0.5784361605958501
ANPRT_c,7,median_midpoint,0.2903270918223858
ANPRT_c,7,std_range,0.1452021094785625
ANPRT_c,7,frac_fixed,0.0
ANPRT_c,7,frac_variable,1.0
ANPRT_c,7,frac_bidirectional,0.0
ANPRT_c,8,minimum,0.00011090115244607859
ANPRT_c,8,maximum,0.6556052369556014
ANPRT_c,8,mean_range,0.3168200675354086
ANPRT_c,8,mean_midpoint,0.15955173194762284
ANPRT_c,8,median_range,0.30674068427621315
ANPRT_c,8,median_midpoint,0.1550957322082251
ANPRT_c,8,std_range,0.13973906746002077
ANPRT_c,8,frac_fixed,0.0
ANPRT_c,8,frac_variable,1.0
ANPRT_c,8,frac_bidirectional,0.0
ANPRT_c,9,minimum,0.003548836878274515
ANPRT_c,9,maximum,0.3060660554379815
ANPRT_c,9,mean_range,0.16965931998212808
ANPRT_c,9,mean_midpoint,0.08918892836798298
ANPRT_c,9,median_range,0.17932134680939374
ANPRT_c,9,median_midpoint,0.09409671950254002
ANPRT_c,9,std_range,0.07758438500638792
ANPRT_c,9,frac_fixed,0.0
ANPRT_c,9,frac_variable,1.0
ANPRT_c,9,frac_bidirectional,0.0
ANPRT_c,10,minimum,0.00011090115244607859
ANPRT_c,10,maximum,1.0825364717823565
ANPRT_c,10,mean_range,0.46944328926583884
ANPRT_c,10,mean_midpoint,0.23641565488096608
ANPRT_c,10,median_range,0.45330280096441183
ANPRT_c,10,median_midpoint,0.2284258189213432
ANPRT_c,10,std_range,0.28112753164467247
ANPRT_c,10,frac_fixed,0.0
ANPRT_c,10,frac_variable,1.0
ANPRT_c,10,frac_bidirectional,0.0
ANPRT_c,11,minimum,0.00011090115244607859
ANPRT_c,11,maximum,0.0055450576222193515
ANPRT_c,11,mean_range,-2.5371552381626784e-14
ANPRT_c,11,mean_midpoint,0.002823903922388664
ANPRT_c,11,median_range,-2.7137146696443182e-14
ANPRT_c,11,median_midpoint,0.0028279793874005656
ANPRT_c,11,std_range,1.1014152981094213e-13
ANPRT_c,11,frac_fixed,1.0
ANPRT_c,11,frac_variable,0.0
ANPRT_c,11,frac_bidirectional,0.0
ANPRT_c,12,minimum,0.0
ANPRT_c,12,maximum,0.0
ANPRT_c,12,mean_range,0.0
ANPRT_c,12,mean_midpoint,0.0
ANPRT_c,12,median_range,0.0
ANPRT_c,12,median_midpoint,0.0
ANPRT_c,12,std_range,0.0
ANPRT_c,12,frac_fixed,1.0
ANPRT_c,12,frac_variable,0.0
ANPRT_c,12,frac_bidirectional,0.0
ANPRT_c,13,minimum,0.0
ANPRT_c,13,maximum,0.0
ANPRT_c,13,mean_range,0.0
ANPRT_c,13,mean_midpoint,0.0
ANPRT_c,13,median_range,0.0
ANPRT_c,13,median_midpoint,0.0
ANPRT_c,13,std_range,0.0
ANPRT_c,13,frac_fixed,1.0
ANPRT_c,13,frac_variable,0.0
ANPRT_c,13,frac_bidirectional,0.0
NO3t_e,1,minimum,0.0
NO3t_e,1,maximum,2.0
NO3t_e,1,mean_range,2.0
NO3t_e,1,mean_midpoint,1.0
NO3t_e,1,median_range,2.0
NO3t_e,1,median_midpoint,1.0
NO3t_e,1,std_range,0.0
NO3t_e,1,frac_fixed,0.0
NO3t_e,1,frac_variable,1.0
NO3t_e,1,frac_bidirectional,0.0
NO3t_e,2,minimum,0.0
NO3t_e,2,maximum,2.0
NO3t_e,2,mean_range,2.0
NO3t_e,2,mean_midpoint,1.0
NO3t_e,2,median_range,2.0
NO3t_e,2,median_midpoint,1.0
NO3t_e,2,std_range,0.0
NO3t_e,2,frac_fixed,0.0
NO3t_e,2,frac_variable,1.0
NO3t_e,2,frac_bidirectional,0.0
NO3t_e,3,minimum,0.01772047520326609
NO3t_e,3,maximum,2.0
NO3t_e,3,mean_range,1.6390588445488785
NO3t_e,3,mean_midpoint,1.1804705777255606
NO3t_e,3,median_range,1.6455904959311283
NO3t_e,3,median_midpoint,1.1772047520344358
NO3t_e,3,std_range,0.20088955925819157
NO3t_e,3,frac_fixed,0.0
NO3t_e,3,frac_variable,1.0
NO3t_e,3,frac_bidirectional,0.0
NO3t_e,4,minimum,0.7088190081375759
NO3t_e,4,maximum,2.0
NO3t_e,4,mean_range,1.206762702028107
NO3t_e,4,mean_midpoint,1.3966186489859465
NO3t_e,4,median_range,1.2025786158449765
NO3t_e,4,median_midpoint,1.3987106920775116
NO3t_e,4,std_range,0.04958653299816168
NO3t_e,4,frac_fixed,0.0
NO3t_e,4,frac_variable,1.0
NO3t_e,4,frac_bidirectional,0.0
NO3t_e,5,minimum,0.3544095040686852
NO3t_e,5,maximum,2.0
NO3t_e,5,mean_range,1.344342417472568
NO3t_e,5,mean_midpoint,1.3278287912637161
NO3t_e,5,median_range,1.2911809918622343
NO3t_e,5,median_midpoint,1.3544095040688828
NO3t_e,5,std_range,0.16374391779511557
NO3t_e,5,frac_fixed,0.0
NO3t_e,5,frac_variable,1.0
NO3t_e,5,frac_bidirectional,0.0
NO3t_e,6,minimum,0.053161425610294584
NO3t_e,6,maximum,2.0
NO3t_e,6,mean_range,1.52391621699417
NO3t_e,6,mean_midpoint,1.238041891502915
NO3t_e,6,median_range,1.5038266943037293
NO3t_e,6,median_midpoint,1.2480866528481354
NO3t_e,6,std_range,0.18569870265934424
NO3t_e,6,frac_fixed,0.0
NO3t_e,6,frac_variable,1.0
NO3t_e,6,frac_bidirectional,0.0
NO3t_e,7,minimum,0.01772047520327654
NO3t_e,7,maximum,2.0
NO3t_e,7,mean_range,1.7546395741062055
NO3t_e,7,mean_midpoint,1.122680212946897
NO3t_e,7,median_range,1.769633822355391
NO3t_e,7,median_midpoint,1.1151830888223044
NO3t_e,7,std_range,0.1558605670784348
NO3t_e,7,frac_fixed,0.0
NO3t_e,7,frac_variable,1.0
NO3t_e,7,frac_bidirectional,0.0
NO3t_e,8,minimum,0.01772047520327876
NO3t_e,8,maximum,2.0
NO3t_e,8,mean_range,1.817572371063572
NO3t_e,8,mean_midpoint,1.091213814468214
NO3t_e,8,median_range,1.8405157231690994
NO3t_e,8,median_midpoint,1.0797421384154502
NO3t_e,8,std_range,0.12254307871645315
NO3t_e,8,frac_fixed,0.0
NO3t_e,8,frac_variable,1.0
NO3t_e,8,frac_bidirectional,0.0
NO3t_e,9,minimum,0.5670552065100645
NO3t_e,9,maximum,2.0
NO3t_e,9,mean_range,1.3034490131570151
NO3t_e,9,mean_midpoint,1.3482754934214927
NO3t_e,9,median_range,1.3089014670655987
NO3t_e,9,median_midpoint,1.3455492664672006
NO3t_e,9,std_range,0.061241580261131724
NO3t_e,9,frac_fixed,0.0
NO3t_e,9,frac_variable,1.0
NO3t_e,9,frac_bidirectional,0.0
NO3t_e,10,minimum,0.017720475203339452
NO3t_e,10,maximum,2.0
NO3t_e,10,mean_range,1.7293205171200974
NO3t_e,10,mean_midpoint,1.1353397414399513
NO3t_e,10,median_range,1.7519133471518997
NO3t_e,10,median_midpoint,1.1240433264240501
NO3t_e,10,std_range,0.17657648846101642
NO3t_e,10,frac_fixed,0.0
NO3t_e,10,frac_variable,1.0
NO3t_e,10,frac_bidirectional,0.0
NO3t_e,11,minimum,0.01772047520347495
NO3t_e,11,maximum,2.0
NO3t_e,11,mean_range,1.5487790854278685
NO3t_e,11,mean_midpoint,1.2256104572860655
NO3t_e,11,median_range,1.548127882312293
NO3t_e,11,median_midpoint,1.2259360588438537
NO3t_e,11,std_range,0.2542483840325923
NO3t_e,11,frac_fixed,0.0
NO3t_e,11,frac_variable,1.0
NO3t_e,11,frac_bidirectional,0.0
NO3t_e,12,minimum,0.0
NO3t_e,12,maximum,2.0
NO3t_e,12,mean_range,2.0
NO3t_e,12,mean_midpoint,1.0
NO3t_e,12,median_range,2.0
NO3t_e,12,median_midpoint,1.0
NO3t_e,12,std_range,0.0
NO3t_e,12,frac_fixed,0.0
NO3t_e,12,frac_variable,1.0
NO3t_e,12,frac_bidirectional,0.0
NO3t_e,13,minimum,0.0
NO3t_e,13,maximum,2.0
NO3t_e,13,mean_range,2.0
NO3t_e,13,mean_midpoint,1.0
NO3t_e,13,median_range,2.0
NO3t_e,13,median_midpoint,1.0
NO3t_e,13,std_range,0.0
NO3t_e,13,frac_fixed,0.0
NO3t_e,13,frac_variable,1.0
NO3t_e,13,frac_bidirectional,0.0
PHOt_e,1,minimum,2.60307692307666
PHOt_e,1,maximum,100.0
PHOt_e,1,mean_range,73.54461538461513
PHOt_e,1,mean_midpoint,63.22769230769243
PHOt_e,1,median_range,73.54461538462601
PHOt_e,1,median_midpoint,63.22769230768699
PHOt_e,1,std_range,14.333453070459237
PHOt_e,1,frac_fixed,0.0
PHOt_e,1,frac_variable,1.0
PHOt_e,1,frac_bidirectional,0.0
PHOt_e,2,minimum,52.29538461538656
PHOt_e,2,maximum,100.0
PHOt_e,2,mean_range,24.846153846153666
PHOt_e,2,mean_midpoint,87.57692307692317
PHOt_e,2,median_range,24.84615384615381
PHOt_e,2,median_midpoint,87.5769230769231
PHOt_e,2,std_range,13.75917696267969
PHOt_e,2,frac_fixed,0.0
PHOt_e,2,frac_variable,1.0
PHOt_e,2,frac_bidirectional,0.0
PHOt_e,3,minimum,2.603076923074113
PHOt_e,3,maximum,100.0
PHOt_e,3,mean_range,58.89811883285099
PHOt_e,3,mean_midpoint,70.5509405835745
PHOt_e,3,median_range,59.63076923075727
PHOt_e,3,median_midpoint,70.18461538462137
PHOt_e,3,std_range,22.533629998564333
PHOt_e,3,frac_fixed,0.0
PHOt_e,3,frac_variable,1.0
PHOt_e,3,frac_bidirectional,0.0
PHOt_e,4,minimum,80.12307692308184
PHOt_e,4,maximum,100.0
PHOt_e,4,mean_range,10.407787322636567
PHOt_e,4,mean_midpoint,94.79610633868174
PHOt_e,4,median_range,9.938461538462661
PHOt_e,4,median_midpoint,95.03076923076867
PHOt_e,4,std_range,5.562083921216553
PHOt_e,4,frac_fixed,0.0
PHOt_e,4,frac_variable,1.0
PHOt_e,4,frac_bidirectional,0.0
PHOt_e,5,minimum,99.05482820464684
PHOt_e,5,maximum,100.0
PHOt_e,5,mean_range,0.39923445001424906
PHOt_e,5,mean_midpoint,99.80038277499287
PHOt_e,5,median_range,0.3294431536218383
PHOt_e,5,median_midpoint,99.83527842318908
PHOt_e,5,std_range,0.2980249510185621
PHOt_e,5,frac_fixed,0.0
PHOt_e,5,frac_variable,1.0
PHOt_e,5,frac_bidirectional,0.0
PHOt_e,6,minimum,85.05993944321622
PHOt_e,6,maximum,100.0
PHOt_e,6,mean_range,5.379812355471992
PHOt_e,6,mean_midpoint,97.310093822264
PHOt_e,6,median_range,4.796356137730712
PHOt_e,6,median_midpoint,97.60182193113465
PHOt_e,6,std_range,3.4531119365760716
PHOt_e,6,frac_fixed,0.0
PHOt_e,6,frac_variable,1.0
PHOt_e,6,frac_bidirectional,0.0
PHOt_e,7,minimum,51.598613366054394
PHOt_e,7,maximum,100.0
PHOt_e,7,mean_range,31.970915523245697
PHOt_e,7,mean_midpoint,84.01454223837717
PHOt_e,7,median_range,32.80771249328805
PHOt_e,7,median_midpoint,83.59614375335597
PHOt_e,7,std_range,8.235565799143991
PHOt_e,7,frac_fixed,0.0
PHOt_e,7,frac_variable,1.0
PHOt_e,7,frac_bidirectional,0.0
PHOt_e,8,minimum,62.8279959628842
PHOt_e,8,maximum,100.0
PHOt_e,8,mean_range,17.96938434329493
PHOt_e,8,mean_midpoint,91.01530782835253
PHOt_e,8,median_range,17.3977024004879
PHOt_e,8,median_midpoint,91.30114879975605
PHOt_e,8,std_range,7.925713262089863
PHOt_e,8,frac_fixed,0.0
PHOt_e,8,frac_variable,1.0
PHOt_e,8,frac_bidirectional,0.0
PHOt_e,9,minimum,80.77669050696667
PHOt_e,9,maximum,100.0
PHOt_e,9,mean_range,12.786576386327074
PHOt_e,9,mean_midpoint,93.60671180683647
PHOt_e,9,median_range,13.106300409527044
PHOt_e,9,median_midpoint,93.44684979523647
PHOt_e,9,std_range,3.369538231765846
PHOt_e,9,frac_fixed,0.0
PHOt_e,9,frac_variable,1.0
PHOt_e,9,frac_bidirectional,0.0
PHOt_e,10,minimum,3.893997981444027
PHOt_e,10,maximum,100.0
PHOt_e,10,mean_range,51.81031185185801
PHOt_e,10,mean_midpoint,74.09484407407099
PHOt_e,10,median_range,50.799564702806094
PHOt_e,10,median_midpoint,74.60021764859695
PHOt_e,10,std_range,17.99123596687235
PHOt_e,10,frac_fixed,0.0
PHOt_e,10,frac_variable,1.0
PHOt_e,10,frac_bidirectional,0.0
PHOt_e,11,minimum,99.99999999977229
PHOt_e,11,maximum,100.0
PHOt_e,11,mean_range,1.9321563319486237e-12
PHOt_e,11,mean_midpoint,99.99999999999902
PHOt_e,11,median_range,-5.826450433232822e-13
PHOt_e,11,median_midpoint,100.00000000000028
PHOt_e,11,std_range,2.6732001201081945e-11
PHOt_e,11,frac_fixed,1.0
PHOt_e,11,frac_variable,0.0
PHOt_e,11,frac_bidirectional,0.0
PHOt_e,12,minimum,100.0000000000004
PHOt_e,12,maximum,100.0
PHOt_e,12,mean_range,-3.979039320256561e-13
PHOt_e,12,mean_midpoint,100.0000000000002
PHOt_e,12,median_range,-3.979039320256561e-13
PHOt_e,12,median_midpoint,100.0000000000002
PHOt_e,12,std_range,0.0
PHOt_e,12,frac_fixed,1.0
PHOt_e,12,frac_variable,0.0
PHOt_e,12,frac_bidirectional,0.0
PHOt_e,13,minimum,0.6153846153732229
PHOt_e,13,maximum,100.0
PHOt_e,13,mean_range,99.38461538462678
PHOt_e,13,mean_midpoint,50.30769230768661
PHOt_e,13,median_range,99.38461538462678
PHOt_e,13,median_midpoint,50.30769230768661
PHOt_e,13,std_range,0.0
PHOt_e,13,frac_fixed,0.0
PHOt_e,13,frac_variable,1.0
PHOt_e,13,frac_bidirectional,0.0
CA_h,1,minimum,-1000.0
CA_h,1,maximum,11.039240506329117
CA_h,1,mean_range,1001.052534062291
CA_h,1,mean_midpoint,-494.7858619678544
CA_h,1,median_range,1001.3247088607595
CA_h,1,median_midpoint,-495.1642917645129
CA_h,1,std_range,1.2586430875275103
CA_h,1,frac_fixed,0.0
CA_h,1,frac_variable,1.0
CA_h,1,frac_bidirectional,1.0
CA_h,2,minimum,-986.0847607405201
CA_h,2,maximum,21.636911392405068
CA_h,2,mean_range,913.5121283536818
CA_h,2,mean_midpoint,-440.1972034173471
CA_h,2,median_range,921.0689331309461
CA_h,2,median_midpoint,-443.9756058059794
CA_h,2,std_range,68.68968993680062
CA_h,2,frac_fixed,0.0
CA_h,2,frac_variable,1.0
CA_h,2,frac_bidirectional,1.0
CA_h,3,minimum,-1000.0
CA_h,3,maximum,5.050470607348011
CA_h,3,mean_range,1001.0577243045797
CA_h,3,mean_midpoint,-497.9530990496955
CA_h,3,median_range,1001.0718335516368
CA_h,3,median_midpoint,-498.3216571251221
CA_h,3,std_range,0.56124560124926
CA_h,3,frac_fixed,0.0
CA_h,3,frac_variable,1.0
CA_h,3,frac_bidirectional,1.0
CA_h,4,minimum,-994.9950753910567
CA_h,4,maximum,6.1964215759453625
CA_h,4,mean_range,991.9649982545448
CA_h,4,mean_midpoint,-490.3217665317776
CA_h,4,median_range,999.6136337783815
CA_h,4,median_midpoint,-494.1162256459756
CA_h,4,std_range,16.371930848762112
CA_h,4,frac_fixed,0.0
CA_h,4,frac_variable,1.0
CA_h,4,frac_bidirectional,1.0
CA_h,5,minimum,-908.607345257715
CA_h,5,maximum,15.771446492584182
CA_h,5,mean_range,870.6873212069852
CA_h,5,mean_midpoint,-425.01301565355567
CA_h,5,median_range,879.8824740598851
CA_h,5,median_midpoint,-429.97859249150093
CA_h,5,std_range,34.46457280343195
CA_h,5,frac_fixed,0.0
CA_h,5,frac_variable,1.0
CA_h,5,frac_bidirectional,1.0
CA_h,6,minimum,-992.8975135485523
CA_h,6,maximum,21.11034735363447
CA_h,6,mean_range,917.1836350869221
CA_h,6,mean_midpoint,-446.17436978362656
CA_h,6,median_range,927.7671123140402
CA_h,6,median_midpoint,-452.31481878751066
CA_h,6,std_range,60.379314639629634
CA_h,6,frac_fixed,0.0
CA_h,6,frac_variable,1.0
CA_h,6,frac_bidirectional,1.0
CA_h,7,minimum,-989.8608829730608
CA_h,7,maximum,13.218757134755796
CA_h,7,mean_range,996.0063507494613
CA_h,7,mean_midpoint,-487.39018369388606
CA_h,7,median_range,996.5841349289759
CA_h,7,median_midpoint,-487.8009356075069
CA_h,7,std_range,2.0319185437798706
CA_h,7,frac_fixed,0.0
CA_h,7,frac_variable,1.0
CA_h,7,frac_bidirectional,1.0
CA_h,8,minimum,-984.0083929456964
CA_h,8,maximum,21.608579919565923
CA_h,8,mean_range,928.0116550655251
CA_h,8,mean_midpoint,-449.1632748684717
CA_h,8,median_range,938.0992174624184
CA_h,8,median_midpoint,-454.9122516379157
CA_h,8,std_range,51.11289969461806
CA_h,8,frac_fixed,0.0
CA_h,8,frac_variable,1.0
CA_h,8,frac_bidirectional,1.0
CA_h,9,minimum,-994.460992193492
CA_h,9,maximum,8.80792451471697
CA_h,9,mean_range,998.8259126037773
CA_h,9,mean_midpoint,-492.56136450738364
CA_h,9,median_range,999.16455487403
CA_h,9,median_midpoint,-492.7458519248674
CA_h,9,std_range,0.9666235295287375
CA_h,9,frac_fixed,0.0
CA_h,9,frac_variable,1.0
CA_h,9,frac_bidirectional,1.0
CA_h,10,minimum,-1000.0
CA_h,10,maximum,10.569339413236808
CA_h,10,mean_range,1000.689275867941
CA_h,10,mean_midpoint,-494.5892386429673
CA_h,10,median_range,1000.7877018871878
CA_h,10,median_midpoint,-494.69380191406424
CA_h,10,std_range,1.0606245473403018
CA_h,10,frac_fixed,0.0
CA_h,10,frac_variable,1.0
CA_h,10,frac_bidirectional,1.0
CA_h,11,minimum,-896.5955003538919
CA_h,11,maximum,21.76336897558763
CA_h,11,mean_range,823.136876098693
CA_h,11,mean_midpoint,-397.5137340475919
CA_h,11,median_range,823.3833723347169
CA_h,11,median_midpoint,-397.6485621000007
CA_h,11,std_range,47.59022558143967
CA_h,11,frac_fixed,0.0
CA_h,11,frac_variable,1.0
CA_h,11,frac_bidirectional,1.0
CA_h,12,minimum,-716.3729596400378
CA_h,12,maximum,22.078481012658234
CA_h,12,mean_range,738.4514406526961
CA_h,12,mean_midpoint,-347.1472393136898
CA_h,12,median_range,738.4514406526961
CA_h,12,median_midpoint,-347.1472393136898
CA_h,12,std_range,0.0
CA_h,12,frac_fixed,0.0
CA_h,12,frac_variable,1.0
CA_h,12,frac_bidirectional,1.0
CA_h,13,minimum,-1000.0
CA_h,13,maximum,0.0
CA_h,13,mean_range,1000.0
CA_h,13,mean_midpoint,-500.0
CA_h,13,median_range,1000.0
CA_h,13,median_midpoint,-500.0
CA_h,13,std_range,0.0
CA_h,13,frac_fixed,0.0
CA_h,13,frac_variable,1.0
CA_h,13,frac_bidirectional,0.0
CA_m,1,minimum,-301.75044003070053
CA_m,1,maximum,1000.0
CA_m,1,mean_range,1288.0253782100074
CA_m,1,mean_midpoint,355.79406011128617
CA_m,1,median_range,1290.2584959900068
CA_m,1,median_midpoint,354.8707520049966
CA_m,1,std_range,10.237843536891798
CA_m,1,frac_fixed,0.0
CA_m,1,frac_variable,1.0
CA_m,1,frac_bidirectional,1.0
CA_m,2,minimum,-266.0187547773291
CA_m,2,maximum,997.515151150587
CA_m,2,mean_range,1144.7716580098977
CA_m,2,mean_midpoint,333.21900460736674
CA_m,2,median_range,1151.844376072625
CA_m,2,median_midpoint,335.99897123366685
CA_m,2,std_range,88.10197642885498
CA_m,2,frac_fixed,0.0
CA_m,2,frac_variable,1.0
CA_m,2,frac_bidirectional,1.0
CA_m,3,minimum,-301.4956039694486
CA_m,3,maximum,999.9827508664728
CA_m,3,mean_range,1279.1908088150706
CA_m,3,mean_midpoint,360.05325500404314
CA_m,3,median_range,1279.614951324978
CA_m,3,median_midpoint,359.8475416670091
CA_m,3,std_range,13.045062709639017
CA_m,3,frac_fixed,0.0
CA_m,3,frac_variable,1.0
CA_m,3,frac_bidirectional,1.0
CA_m,4,minimum,-257.2908077071061
CA_m,4,maximum,999.3100346589954
CA_m,4,mean_range,1242.0187896194143
CA_m,4,mean_midpoint,370.5167564805846
CA_m,4,median_range,1250.8473151263854
CA_m,4,median_midpoint,372.5671573135126
CA_m,4,std_range,21.668665484271227
CA_m,4,frac_fixed,0.0
CA_m,4,frac_variable,1.0
CA_m,4,frac_bidirectional,1.0
CA_m,5,minimum,-229.06204037670685
CA_m,5,maximum,915.3743024760083
CA_m,5,mean_range,1088.9995038513646
CA_m,5,mean_midpoint,325.9582587553778
CA_m,5,median_range,1100.287826403959
CA_m,5,median_midpoint,329.5030527502595
CA_m,5,std_range,42.24733592539307
CA_m,5,frac_fixed,0.0
CA_m,5,frac_variable,1.0
CA_m,5,frac_bidirectional,1.0
CA_m,6,minimum,-250.3367150959228
CA_m,6,maximum,998.8508661746894
CA_m,6,mean_range,1147.1006373128175
CA_m,6,mean_midpoint,341.7316793789313
CA_m,6,median_range,1159.787274749986
CA_m,6,median_midpoint,344.88226731497866
CA_m,6,std_range,74.4372948336041
CA_m,6,frac_fixed,0.0
CA_m,6,frac_variable,1.0
CA_m,6,frac_bidirectional,1.0
CA_m,7,minimum,-267.5382796149577
CA_m,7,maximum,998.2798853890033
CA_m,7,mean_range,1253.0003954254264
CA_m,7,mean_midpoint,368.417515777632
CA_m,7,median_range,1252.8934356651564
CA_m,7,median_midpoint,368.31200636067615
CA_m,7,std_range,5.924752484813464
CA_m,7,frac_fixed,0.0
CA_m,7,frac_variable,1.0
CA_m,7,frac_bidirectional,1.0
CA_m,8,minimum,-255.44274116143674
CA_m,8,maximum,992.3501120236131
CA_m,8,mean_range,1160.5038430076677
CA_m,8,mean_midpoint,341.0518128032064
CA_m,8,median_range,1172.9267317460594
CA_m,8,median_midpoint,345.3197753939634
CA_m,8,std_range,63.701074771377506
CA_m,8,frac_fixed,0.0
CA_m,8,frac_variable,1.0
CA_m,8,frac_bidirectional,1.0
CA_m,9,minimum,-257.34493734307824
CA_m,9,maximum,999.541721225251
CA_m,9,mean_range,1251.7866833226342
CA_m,9,mean_midpoint,372.58425355961725
CA_m,9,median_range,1251.8661643809019
CA_m,9,median_midpoint,372.57201432184706
CA_m,9,std_range,3.0995622734351844
CA_m,9,frac_fixed,0.0
CA_m,9,frac_variable,1.0
CA_m,9,frac_bidirectional,1.0
CA_m,10,minimum,-300.9569160207808
CA_m,10,maximum,1000.0
CA_m,10,mean_range,1276.0351439260264
CA_m,10,mean_midpoint,361.71749389432426
CA_m,10,median_range,1275.5854785976835
CA_m,10,median_midpoint,362.07565430181404
CA_m,10,std_range,11.093946967155091
CA_m,10,frac_fixed,0.0
CA_m,10,frac_variable,1.0
CA_m,10,frac_bidirectional,1.0
CA_m,11,minimum,-225.88453442287465
CA_m,11,maximum,902.6085004232468
CA_m,11,mean_range,1030.6995022241667
CA_m,11,mean_midpoint,307.62931440363184
CA_m,11,median_range,1030.9730254789183
CA_m,11,median_midpoint,307.73882126000933
CA_m,11,std_range,58.12446972677923
CA_m,11,frac_fixed,0.0
CA_m,11,frac_variable,1.0
CA_m,11,frac_bidirectional,1.0
CA_m,12,minimum,-188.86672946087026
CA_m,12,maximum,738.4514406527015
CA_m,12,mean_range,927.3181701135718
CA_m,12,mean_midpoint,274.79235559591564
CA_m,12,median_range,927.3181701135718
CA_m,12,median_midpoint,274.79235559591564
CA_m,12,std_range,0.0
CA_m,12,frac_fixed,0.0
CA_m,12,frac_variable,1.0
CA_m,12,frac_bidirectional,1.0
CA_m,13,minimum,-302.62906028386374
CA_m,13,maximum,1000.0
CA_m,13,mean_range,1302.6290602838637
CA_m,13,mean_midpoint,348.68546985806813
CA_m,13,median_range,1302.6290602838637
CA_m,13,median_midpoint,348.68546985806813
CA_m,13,std_range,0.0
CA_m,13,frac_fixed,0.0
CA_m,13,frac_variable,1.0
CA_m,13,frac_bidirectional,1.0
CO2t_e,1,minimum,0.04906329113924063
CO2t_e,1,maximum,1.226582278481013
CO2t_e,1,mean_range,2.2176704916887502e-16
CO2t_e,1,mean_midpoint,0.6378227848101268
CO2t_e,1,median_range,1.942890293094024e-16
CO2t_e,1,median_midpoint,0.637822784810127
CO2t_e,1,std_range,3.262341760447321e-16
CO2t_e,1,frac_fixed,1.0
CO2t_e,1,frac_variable,0.0
CO2t_e,1,frac_bidirectional,0.0
CO2t_e,2,minimum,1.275645569620254
CO2t_e,2,maximum,2.4041012658227854
CO2t_e,2,mean_range,5.088522196198634e-16
CO2t_e,2,mean_midpoint,1.8398734177215192
CO2t_e,2,median_range,4.440892098500626e-16
CO2t_e,2,median_midpoint,1.83987341772152
CO2t_e,2,std_range,8.611189389580828e-16
CO2t_e,2,frac_fixed,1.0
CO2t_e,2,frac_variable,0.0
CO2t_e,2,frac_bidirectional,0.0
CO2t_e,3,minimum,0.017198784002411538
CO2t_e,3,maximum,0.6868860759493676
CO2t_e,3,mean_range,9.793004981363409e-17
CO2t_e,3,mean_midpoint,0.35031503946228787
CO2t_e,3,median_range,5.551115123125783e-17
CO2t_e,3,median_midpoint,0.3439756800482309
CO2t_e,3,std_range,1.7285413156226367e-16
CO2t_e,3,frac_fixed,1.0
CO2t_e,3,frac_variable,0.0
CO2t_e,3,frac_bidirectional,0.0
CO2t_e,4,minimum,0.687951360096462
CO2t_e,4,maximum,0.8427404161181656
CO2t_e,4,mean_range,2.049642507000289e-16
CO2t_e,4,mean_midpoint,0.7698843735197445
CO2t_e,4,median_range,2.220446049250313e-16
CO2t_e,4,median_midpoint,0.7739452801085192
CO2t_e,4,std_range,2.6433193310333896e-16
CO2t_e,4,frac_fixed,1.0
CO2t_e,4,frac_variable,0.0
CO2t_e,4,frac_bidirectional,0.0
CO2t_e,5,minimum,0.8831392405063294
CO2t_e,5,maximum,1.8153417721518992
CO2t_e,5,mean_range,2.6474549048753733e-16
CO2t_e,5,mean_midpoint,1.264323271665044
CO2t_e,5,median_range,4.440892098500626e-16
CO2t_e,5,median_midpoint,1.1775189873417724
CO2t_e,5,std_range,5.360619581212457e-16
CO2t_e,5,frac_fixed,1.0
CO2t_e,5,frac_variable,0.0
CO2t_e,5,frac_bidirectional,0.0
CO2t_e,6,minimum,0.8340759493670884
CO2t_e,6,maximum,2.3550379746835453
CO2t_e,6,mean_range,4.0253005919564497e-16
CO2t_e,6,mean_midpoint,1.4642899884925205
CO2t_e,6,median_range,4.440892098500626e-16
CO2t_e,6,median_midpoint,1.4228354430379753
CO2t_e,6,std_range,6.68494387035076e-16
CO2t_e,6,frac_fixed,1.0
CO2t_e,6,frac_variable,0.0
CO2t_e,6,frac_bidirectional,0.0
CO2t_e,7,minimum,1.0303291139240507
CO2t_e,7,maximum,1.4718987341772156
CO2t_e,7,mean_range,3.681765244056075e-16
CO2t_e,7,mean_midpoint,1.2228081791626093
CO2t_e,7,median_range,4.440892098500626e-16
CO2t_e,7,median_midpoint,1.226582278481013
CO2t_e,7,std_range,4.885174477837392e-16
CO2t_e,7,frac_fixed,1.0
CO2t_e,7,frac_variable,0.0
CO2t_e,7,frac_bidirectional,0.0
CO2t_e,8,minimum,1.177518987341772
CO2t_e,8,maximum,2.4041012658227854
CO2t_e,8,mean_range,4.3629817108076325e-16
CO2t_e,8,mean_midpoint,1.6815797468354432
CO2t_e,8,median_range,4.440892098500626e-16
CO2t_e,8,median_midpoint,1.6681518987341772
CO2t_e,8,std_range,7.65990271399903e-16
CO2t_e,8,frac_fixed,1.0
CO2t_e,8,frac_variable,0.0
CO2t_e,8,frac_bidirectional,0.0
CO2t_e,9,minimum,0.7359493670886073
CO2t_e,9,maximum,1.0793924050632915
CO2t_e,9,mean_range,2.092343392562795e-16
CO2t_e,9,mean_midpoint,0.8850262901655308
CO2t_e,9,median_range,2.220446049250313e-16
CO2t_e,9,median_midpoint,0.8831392405063294
CO2t_e,9,std_range,3.775347548595548e-16
CO2t_e,9,frac_fixed,1.0
CO2t_e,9,frac_variable,0.0
CO2t_e,9,frac_bidirectional,0.0
CO2t_e,10,minimum,0.04906329113924063
CO2t_e,10,maximum,1.1775189873417726
CO2t_e,10,mean_range,2.2841234644105123e-16
CO2t_e,10,mean_midpoint,0.687573477576537
CO2t_e,10,median_range,2.220446049250313e-16
CO2t_e,10,median_midpoint,0.6868860759493673
CO2t_e,10,std_range,3.242956606812196e-16
CO2t_e,10,frac_fixed,1.0
CO2t_e,10,frac_variable,0.0
CO2t_e,10,frac_bidirectional,0.0
CO2t_e,11,minimum,0.8599392001205768
CO2t_e,11,maximum,2.421300049825197
CO2t_e,11,mean_range,5.185553883310183e-16
CO2t_e,11,mean_midpoint,1.6417906018281727
CO2t_e,11,median_range,4.440892098500626e-16
CO2t_e,11,median_midpoint,1.6406196249728864
CO2t_e,11,std_range,7.926786227921686e-16
CO2t_e,11,frac_fixed,1.0
CO2t_e,11,frac_variable,0.0
CO2t_e,11,frac_bidirectional,0.0
CO2t_e,12,minimum,2.453164556962026
CO2t_e,12,maximum,2.453164556962026
CO2t_e,12,mean_range,0.0
CO2t_e,12,mean_midpoint,2.453164556962026
CO2t_e,12,median_range,0.0
CO2t_e,12,median_midpoint,2.453164556962026
CO2t_e,12,std_range,0.0
CO2t_e,12,frac_fixed,1.0
CO2t_e,12,frac_variable,0.0
CO2t_e,12,frac_bidirectional,0.0
CO2t_e,13,minimum,0.0
CO2t_e,13,maximum,0.0
CO2t_e,13,mean_range,0.0
CO2t_e,13,mean_midpoint,0.0
CO2t_e,13,median_range,0.0
CO2t_e,13,median_midpoint,0.0
CO2t_e,13,std_range,0.0
CO2t_e,13,frac_fixed,1.0
CO2t_e,13,frac_variable,0.0
CO2t_e,13,frac_bidirectional,0.0
NAHCO3CLt_e,1,minimum,0.44156962025316593
NAHCO3CLt_e,1,maximum,11.039240506329117
NAHCO3CLt_e,1,mean_range,1.3988810110276973e-16
NAHCO3CLt_e,1,mean_midpoint,5.740405063291141
NAHCO3CLt_e,1,median_range,0.0
NAHCO3CLt_e,1,median_midpoint,5.740405063291141
NAHCO3CLt_e,1,std_range,3.8559118131971095e-16
NAHCO3CLt_e,1,frac_fixed,1.0
NAHCO3CLt_e,1,frac_variable,0.0
NAHCO3CLt_e,1,frac_bidirectional,0.0
NAHCO3CLt_e,2,minimum,11.480810126582282
NAHCO3CLt_e,2,maximum,21.636911392405068
NAHCO3CLt_e,2,mean_range,4.440892098500626e-16
NAHCO3CLt_e,2,mean_midpoint,16.558860759493676
NAHCO3CLt_e,2,median_range,0.0
NAHCO3CLt_e,2,median_midpoint,16.558860759493676
NAHCO3CLt_e,2,std_range,1.0571437693441229e-15
NAHCO3CLt_e,2,frac_fixed,1.0
NAHCO3CLt_e,2,frac_variable,0.0
NAHCO3CLt_e,2,frac_bidirectional,0.0
NAHCO3CLt_e,3,minimum,0.1547890560217039
NAHCO3CLt_e,3,maximum,6.181974683544308
NAHCO3CLt_e,3,mean_range,5.655853144316835e-17
NAHCO3CLt_e,3,mean_midpoint,3.152835355160591
NAHCO3CLt_e,3,median_range,0.0
NAHCO3CLt_e,3,median_midpoint,3.0957811204340775
NAHCO3CLt_e,3,std_range,1.5902943242553636e-16
NAHCO3CLt_e,3,frac_fixed,1.0
NAHCO3CLt_e,3,frac_variable,0.0
NAHCO3CLt_e,3,frac_bidirectional,0.0
NAHCO3CLt_e,4,minimum,6.191562240868155
NAHCO3CLt_e,4,maximum,7.58466374506349
NAHCO3CLt_e,4,mean_range,2.7328566760003855e-16
NAHCO3CLt_e,4,mean_midpoint,6.928959361677703
NAHCO3CLt_e,4,median_range,0.0
NAHCO3CLt_e,4,median_midpoint,6.965507520976676
NAHCO3CLt_e,4,std_range,4.099285014000578e-16
NAHCO3CLt_e,4,frac_fixed,1.0
NAHCO3CLt_e,4,frac_variable,0.0
NAHCO3CLt_e,4,frac_bidirectional,0.0
NAHCO3CLt_e,5,minimum,7.948253164556965
NAHCO3CLt_e,5,maximum,16.33807594936709
NAHCO3CLt_e,5,mean_range,2.7328566760003855e-16
NAHCO3CLt_e,5,mean_midpoint,11.378909444985396
NAHCO3CLt_e,5,median_range,0.0
NAHCO3CLt_e,5,median_midpoint,10.597670886075953
NAHCO3CLt_e,5,std_range,6.409117011225439e-16
NAHCO3CLt_e,5,frac_fixed,1.0
NAHCO3CLt_e,5,frac_variable,0.0
NAHCO3CLt_e,5,frac_bidirectional,0.0
NAHCO3CLt_e,6,minimum,7.506683544303799
NAHCO3CLt_e,6,maximum,21.195341772151906
NAHCO3CLt_e,6,mean_range,3.7996937741181827e-16
NAHCO3CLt_e,6,mean_midpoint,13.178609896432684
NAHCO3CLt_e,6,median_range,0.0
NAHCO3CLt_e,6,median_midpoint,12.805518987341776
NAHCO3CLt_e,6,std_range,8.561967269593217e-16
NAHCO3CLt_e,6,frac_fixed,1.0
NAHCO3CLt_e,6,frac_variable,0.0
NAHCO3CLt_e,6,frac_bidirectional,0.0
NAHCO3CLt_e,7,minimum,9.27296202531646
NAHCO3CLt_e,7,maximum,13.247088607594941
NAHCO3CLt_e,7,mean_range,4.554761126667308e-16
NAHCO3CLt_e,7,mean_midpoint,11.005273612463492
NAHCO3CLt_e,7,median_range,0.0
NAHCO3CLt_e,7,median_midpoint,11.039240506329117
NAHCO3CLt_e,7,std_range,7.756478703051985e-16
NAHCO3CLt_e,7,frac_fixed,1.0
NAHCO3CLt_e,7,frac_variable,0.0
NAHCO3CLt_e,7,frac_bidirectional,0.0
NAHCO3CLt_e,8,minimum,10.597670886075953
NAHCO3CLt_e,8,maximum,21.636911392405068
NAHCO3CLt_e,8,mean_range,4.0513401600356587e-16
NAHCO3CLt_e,8,mean_midpoint,15.134217721518992
NAHCO3CLt_e,8,median_range,0.0
NAHCO3CLt_e,8,median_midpoint,15.013367088607598
NAHCO3CLt_e,8,std_range,9.538471750640711e-16
NAHCO3CLt_e,8,frac_fixed,1.0
NAHCO3CLt_e,8,frac_variable,0.0
NAHCO3CLt_e,8,frac_bidirectional,0.0
NAHCO3CLt_e,9,minimum,6.62354430379747
NAHCO3CLt_e,9,maximum,9.714531645569624
NAHCO3CLt_e,9,mean_range,6.832141690000964e-17
NAHCO3CLt_e,9,mean_midpoint,7.965236611489778
NAHCO3CLt_e,9,median_range,0.0
NAHCO3CLt_e,9,median_midpoint,7.948253164556965
NAHCO3CLt_e,9,std_range,2.3667233063182324e-16
NAHCO3CLt_e,9,frac_fixed,1.0
NAHCO3CLt_e,9,frac_variable,0.0
NAHCO3CLt_e,9,frac_bidirectional,0.0
NAHCO3CLt_e,10,minimum,0.44156962025316593
NAHCO3CLt_e,10,maximum,10.597670886075953
NAHCO3CLt_e,10,mean_range,1.1704978298149635e-16
NAHCO3CLt_e,10,mean_midpoint,6.188161298188834
NAHCO3CLt_e,10,median_range,0.0
NAHCO3CLt_e,10,median_midpoint,6.181974683544308
NAHCO3CLt_e,10,std_range,3.4251897664408447e-16
NAHCO3CLt_e,10,frac_fixed,1.0
NAHCO3CLt_e,10,frac_variable,0.0
NAHCO3CLt_e,10,frac_bidirectional,0.0
NAHCO3CLt_e,11,minimum,7.739452801085195
NAHCO3CLt_e,11,maximum,21.791700448426774
NAHCO3CLt_e,11,mean_range,4.982464305634849e-16
NAHCO3CLt_e,11,mean_midpoint,14.776115416453557
NAHCO3CLt_e,11,median_range,0.0
NAHCO3CLt_e,11,median_midpoint,14.765576624755983
NAHCO3CLt_e,11,std_range,1.0481346222081866e-15
NAHCO3CLt_e,11,frac_fixed,1.0
NAHCO3CLt_e,11,frac_variable,0.0
NAHCO3CLt_e,11,frac_bidirectional,0.0
NAHCO3CLt_e,12,minimum,22.078481012658234
NAHCO3CLt_e,12,maximum,22.078481012658234
NAHCO3CLt_e,12,mean_range,0.0
NAHCO3CLt_e,12,mean_midpoint,22.078481012658234
NAHCO3CLt_e,12,median_range,0.0
NAHCO3CLt_e,12,median_midpoint,22.078481012658234
NAHCO3CLt_e,12,std_range,0.0
NAHCO3CLt_e,12,frac_fixed,1.0
NAHCO3CLt_e,12,frac_variable,0.0
NAHCO3CLt_e,12,frac_bidirectional,0.0
NAHCO3CLt_e,13,minimum,0.0
NAHCO3CLt_e,13,maximum,0.0
NAHCO3CLt_e,13,mean_range,0.0
NAHCO3CLt_e,13,mean_midpoint,0.0
NAHCO3CLt_e,13,median_range,0.0
NAHCO3CLt_e,13,median_midpoint,0.0
NAHCO3CLt_e,13,std_range,0.0
NAHCO3CLt_e,13,frac_fixed,1.0
NAHCO3CLt_e,13,frac_variable,0.0
NAHCO3CLt_e,13,frac_bidirectional,0.0
