reaction_id,cluster,metric,value
DM_for_c,1,minimum,0.0
DM_for_c,1,maximum,12.265822784810126
DM_for_c,1,mean_range,6.378227848101276
DM_for_c,1,mean_midpoint,3.189113924050638
DM_for_c,1,median_range,6.378227848101261
DM_for_c,1,median_midpoint,3.1891139240506305
DM_for_c,1,std_range,3.5380042389110073
DM_for_c,1,frac_fixed,0.0
DM_for_c,1,frac_variable,1.0
DM_for_c,1,frac_bidirectional,0.0
DM_for_c,2,minimum,0.9812658227848097
DM_for_c,2,maximum,24.041012658227856
DM_for_c,2,mean_range,6.132911392405069
DM_for_c,2,mean_midpoint,15.332278481012656
DM_for_c,2,median_range,6.13291139240507
DM_for_c,2,median_midpoint,15.332278481012665
DM_for_c,2,std_range,3.3962525414209446
DM_for_c,2,frac_fixed,0.0
DM_for_c,2,frac_variable,1.0
DM_for_c,2,frac_bidirectional,0.0
DM_for_c,3,minimum,0.0
DM_for_c,3,maximum,1.117364013814015e-12
DM_for_c,3,mean_range,-6.502278299084395e-13
DM_for_c,3,mean_midpoint,-3.2511391495421974e-13
DM_for_c,3,median_range,0.0
DM_for_c,3,median_midpoint,0.0
DM_for_c,3,std_range,4.105572827731989e-12
DM_for_c,3,frac_fixed,1.0
DM_for_c,3,frac_variable,0.0
DM_for_c,3,frac_bidirectional,0.0
DM_for_c,4,minimum,0.0
DM_for_c,4,maximum,1.537798968026527e-12
DM_for_c,4,mean_range,1.8778578451843326e-13
DM_for_c,4,mean_midpoint,9.389289225921663e-14
DM_for_c,4,median_range,0.0
DM_for_c,4,median_midpoint,0.0
DM_for_c,4,std_range,4.57632792052728e-13
DM_for_c,4,frac_fixed,1.0
DM_for_c,4,frac_variable,0.0
DM_for_c,4,frac_bidirectional,0.0
DM_for_c,5,minimum,2.831822192163667
DM_for_c,5,maximum,23.869024818204647
DM_for_c,5,mean_range,4.43548094549536
DM_for_c,5,mean_midpoint,12.827487442516379
DM_for_c,5,median_range,4.294369579867736
DM_for_c,5,median_midpoint,12.541145522423225
DM_for_c,5,std_range,1.9563469444401962
DM_for_c,5,frac_fixed,0.0
DM_for_c,5,frac_variable,1.0
DM_for_c,5,frac_bidirectional,0.0
DM_for_c,6,minimum,0.0
DM_for_c,6,maximum,23.03441622676244
DM_for_c,6,mean_range,1.238566239698119
DM_for_c,6,mean_midpoint,9.159673102474564
DM_for_c,6,median_range,1.0852514678723733
DM_for_c,6,median_midpoint,8.347773003526223
DM_for_c,6,std_range,0.8847391659359115
DM_for_c,6,frac_fixed,0.0
DM_for_c,6,frac_variable,1.0
DM_for_c,6,frac_bidirectional,0.0
DM_for_c,7,minimum,0.0
DM_for_c,7,maximum,5.290313169861574
DM_for_c,7,mean_range,1.8732622443499873
DM_for_c,7,mean_midpoint,1.1531866831477031
DM_for_c,7,median_range,1.8158744142245369
DM_for_c,7,median_midpoint,0.9392750942129553
DM_for_c,7,std_range,1.074522885818577
DM_for_c,7,frac_fixed,0.0
DM_for_c,7,frac_variable,1.0
DM_for_c,7,frac_bidirectional,0.0
DM_for_c,8,minimum,0.0
DM_for_c,8,maximum,11.603202033393824
DM_for_c,8,mean_range,4.22445191168388
DM_for_c,8,mean_midpoint,2.11222595584194
DM_for_c,8,median_range,3.8210776460517253
DM_for_c,8,median_midpoint,1.9105388230258626
DM_for_c,8,std_range,2.8525510462136925
DM_for_c,8,frac_fixed,0.0
DM_for_c,8,frac_variable,1.0
DM_for_c,8,frac_bidirectional,0.0
DM_for_c,9,minimum,0.0
DM_for_c,9,maximum,14.54699950174849
DM_for_c,9,mean_range,7.795588730125115
DM_for_c,9,mean_midpoint,5.7428589160920405
DM_for_c,9,median_range,7.878120401326923
DM_for_c,9,median_midpoint,5.911268566455687
DM_for_c,9,std_range,2.0241769089689927
DM_for_c,9,frac_fixed,0.0
DM_for_c,9,frac_variable,1.0
DM_for_c,9,frac_bidirectional,0.0
DM_for_c,10,minimum,0.0
DM_for_c,10,maximum,24.041012658227878
DM_for_c,10,mean_range,-6.217831128023546e-13
DM_for_c,10,mean_midpoint,12.038536414475262
DM_for_c,10,median_range,-2.1405099914773018e-13
DM_for_c,10,median_midpoint,12.02050632911354
DM_for_c,10,std_range,2.750905608618448e-12
DM_for_c,10,frac_fixed,1.0
DM_for_c,10,frac_variable,0.0
DM_for_c,10,frac_bidirectional,0.0
DM_for_c,11,minimum,24.531645569620263
DM_for_c,11,maximum,24.531645569620256
DM_for_c,11,mean_range,-7.105427357601002e-15
DM_for_c,11,mean_midpoint,24.53164556962026
DM_for_c,11,median_range,-7.105427357601002e-15
DM_for_c,11,median_midpoint,24.53164556962026
DM_for_c,11,std_range,0.0
DM_for_c,11,frac_fixed,1.0
DM_for_c,11,frac_variable,0.0
DM_for_c,11,frac_bidirectional,0.0
DM_for_c,12,minimum,0.0
DM_for_c,12,maximum,0.0
DM_for_c,12,mean_range,0.0
DM_for_c,12,mean_midpoint,0.0
DM_for_c,12,median_range,0.0
DM_for_c,12,median_midpoint,0.0
DM_for_c,12,std_range,0.0
DM_for_c,12,frac_fixed,1.0
DM_for_c,12,frac_variable,0.0
DM_for_c,12,frac_bidirectional,0.0
MTOBTA_c,1,minimum,-1.5165017261219718
MTOBTA_c,1,maximum,0.0
MTOBTA_c,1,mean_range,0.9973228998849286
MTOBTA_c,1,mean_midpoint,-0.4986614499424643
MTOBTA_c,1,median_range,1.1596777905638653
MTOBTA_c,1,median_midpoint,-0.5798388952819327
MTOBTA_c,1,std_range,0.4266396836714429
MTOBTA_c,1,frac_fixed,0.0
MTOBTA_c,1,frac_variable,1.0
MTOBTA_c,1,frac_bidirectional,0.0
MTOBTA_c,2,minimum,-1.07047180667434
MTOBTA_c,2,maximum,0.0
MTOBTA_c,2,mean_range,0.5575373993095433
MTOBTA_c,2,mean_midpoint,-0.27876869965477163
MTOBTA_c,2,median_range,0.5575373993095705
MTOBTA_c,2,median_midpoint,-0.27876869965478523
MTOBTA_c,2,std_range,0.30875023103826116
MTOBTA_c,2,frac_fixed,0.0
MTOBTA_c,2,frac_variable,1.0
MTOBTA_c,2,frac_bidirectional,0.0
MTOBTA_c,3,minimum,7.37838413222319e-05
MTOBTA_c,3,maximum,0.0029467835183692326
MTOBTA_c,3,mean_range,2.6913580117147717e-16
MTOBTA_c,3,mean_midpoint,0.0015028730682851664
MTOBTA_c,3,median_range,0.0
MTOBTA_c,3,median_midpoint,0.0014756768264446382
MTOBTA_c,3,std_range,1.6673734435634406e-14
MTOBTA_c,3,frac_fixed,1.0
MTOBTA_c,3,frac_variable,0.0
MTOBTA_c,3,frac_bidirectional,0.0
MTOBTA_c,4,minimum,0.0029513536528892764
MTOBTA_c,4,maximum,0.0036154082247893634
MTOBTA_c,4,mean_range,-7.429527079020423e-14
MTOBTA_c,4,mean_midpoint,0.0033028513204724653
MTOBTA_c,4,median_range,0.0
MTOBTA_c,4,median_midpoint,0.003320272859500435
MTOBTA_c,4,std_range,2.573663675414433e-13
MTOBTA_c,4,frac_fixed,1.0
MTOBTA_c,4,frac_variable,0.0
MTOBTA_c,4,frac_bidirectional,0.0
MTOBTA_c,5,minimum,-0.833976803690981
MTOBTA_c,5,maximum,0.0020659475570224935
MTOBTA_c,5,mean_range,0.4032255404996128
MTOBTA_c,5,mean_midpoint,-0.2008531850201944
MTOBTA_c,5,median_range,0.390397234533162
MTOBTA_c,5,median_midpoint,-0.19389965828043176
MTOBTA_c,5,std_range,0.17784972222180281
MTOBTA_c,5,frac_fixed,0.0
MTOBTA_c,5,frac_variable,1.0
MTOBTA_c,5,frac_bidirectional,1.0
MTOBTA_c,6,minimum,-0.33303525444648957
MTOBTA_c,6,maximum,0.0036154082247893634
MTOBTA_c,6,mean_range,0.11283958412699292
MTOBTA_c,6,mean_midpoint,-0.05438889183110202
MTOBTA_c,6,median_range,0.09865922435202085
MTOBTA_c,6,median_midpoint,-0.047706367666920164
MTOBTA_c,6,std_range,0.08022483387409912
MTOBTA_c,6,frac_fixed,0.0
MTOBTA_c,6,frac_variable,1.0
MTOBTA_c,6,frac_bidirectional,0.99
MTOBTA_c,7,minimum,-0.3927118804267442
MTOBTA_c,7,maximum,0.0033940567008226676
MTOBTA_c,7,mean_range,0.2311211905777127
MTOBTA_c,7,mean_midpoint,-0.11266032275688251
MTOBTA_c,7,median_range,0.24513350452640756
MTOBTA_c,7,median_midpoint,-0.11972607437229785
MTOBTA_c,7,std_range,0.09723465372714106
MTOBTA_c,7,frac_fixed,0.0
MTOBTA_c,7,frac_variable,1.0
MTOBTA_c,7,frac_bidirectional,1.0
MTOBTA_c,8,minimum,-1.4874602085201776
MTOBTA_c,8,maximum,0.002877569811567044
MTOBTA_c,8,mean_range,0.6778425203513972
MTOBTA_c,8,mean_midpoint,-0.3378024668938055
MTOBTA_c,8,median_range,0.6787542512718368
MTOBTA_c,8,median_midpoint,-0.338307259936746
MTOBTA_c,8,std_range,0.3817376259849476
MTOBTA_c,8,frac_fixed,0.0
MTOBTA_c,8,frac_variable,1.0
MTOBTA_c,8,frac_bidirectional,1.0
MTOBTA_c,9,minimum,-1.086033281017053
MTOBTA_c,9,maximum,0.002361082922311421
MTOBTA_c,9,mean_range,0.7098608008631387
MTOBTA_c,9,mean_midpoint,-0.3538652949802242
MTOBTA_c,9,median_range,0.7161927637567764
MTOBTA_c,9,median_midpoint,-0.3571371919411992
MTOBTA_c,9,std_range,0.18292983173302754
MTOBTA_c,9,frac_fixed,0.0
MTOBTA_c,9,frac_variable,1.0
MTOBTA_c,9,frac_bidirectional,1.0
MTOBTA_c,10,minimum,7.37838413222319e-05
MTOBTA_c,10,maximum,0.0036891920661115954
MTOBTA_c,10,mean_range,-6.471543929765152e-15
MTOBTA_c,10,mean_midpoint,0.001878776498930924
MTOBTA_c,10,median_range,0.0
MTOBTA_c,10,median_midpoint,0.0018814879537974792
MTOBTA_c,10,std_range,1.791602343430493e-13
MTOBTA_c,10,frac_fixed,1.0
MTOBTA_c,10,frac_variable,0.0
MTOBTA_c,10,frac_bidirectional,0.0
MTOBTA_c,11,minimum,0.0
MTOBTA_c,11,maximum,0.0
MTOBTA_c,11,mean_range,0.0
MTOBTA_c,11,mean_midpoint,0.0
MTOBTA_c,11,median_range,0.0
MTOBTA_c,11,median_midpoint,0.0
MTOBTA_c,11,std_range,0.0
MTOBTA_c,11,frac_fixed,1.0
MTOBTA_c,11,frac_variable,0.0
MTOBTA_c,11,frac_bidirectional,0.0
MTOBTA_c,12,minimum,0.0
MTOBTA_c,12,maximum,0.0
MTOBTA_c,12,mean_range,0.0
MTOBTA_c,12,mean_midpoint,0.0
MTOBTA_c,12,median_range,0.0
MTOBTA_c,12,median_midpoint,0.0
MTOBTA_c,12,std_range,0.0
MTOBTA_c,12,frac_fixed,1.0
MTOBTA_c,12,frac_variable,0.0
MTOBTA_c,12,frac_bidirectional,0.0
ATPS_m,1,minimum,-7.848409183313908
ATPS_m,1,maximum,458.71989531889653
ATPS_m,1,mean_range,452.76485317744005
ATPS_m,1,mean_midpoint,220.7577076698106
ATPS_m,1,median_range,453.30348754506264
ATPS_m,1,median_midpoint,220.765866234787
ATPS_m,1,std_range,8.86503726290617
ATPS_m,1,frac_fixed,0.0
ATPS_m,1,frac_variable,1.0
ATPS_m,1,frac_bidirectional,1.0
ATPS_m,2,minimum,0.8463283746855126
ATPS_m,2,maximum,433.7044201339008
ATPS_m,2,mean_range,387.079498685111
ATPS_m,2,mean_midpoint,227.97942626663834
ATPS_m,2,median_range,387.1367036499754
ATPS_m,2,median_midpoint,228.0051695747337
ATPS_m,2,std_range,27.63613833835498
ATPS_m,2,frac_fixed,0.0
ATPS_m,2,frac_variable,1.0
ATPS_m,2,frac_bidirectional,0.0
ATPS_m,3,minimum,-7.811518500378359
ATPS_m,3,maximum,458.4209261985178
ATPS_m,3,mean_range,438.9793811790108
ATPS_m,3,mean_midpoint,215.56031586363395
ATPS_m,3,median_range,439.4980198282953
ATPS_m,3,median_midpoint,215.7457561617202
ATPS_m,3,std_range,15.951416199612629
ATPS_m,3,frac_fixed,0.0
ATPS_m,3,frac_variable,1.0
ATPS_m,3,frac_bidirectional,1.0
ATPS_m,4,minimum,0.0054459822567154426
ATPS_m,4,maximum,411.3619659467696
ATPS_m,4,mean_range,402.89505087215616
ATPS_m,4,mean_midpoint,204.16614738529813
ATPS_m,4,median_range,404.3211449985467
ATPS_m,4,median_midpoint,204.1743984349143
ATPS_m,4,std_range,7.004365457072311
ATPS_m,4,frac_fixed,0.0
ATPS_m,4,frac_variable,1.0
ATPS_m,4,frac_bidirectional,0.0
ATPS_m,5,minimum,6.874701205360218
ATPS_m,5,maximum,427.7627479098532
ATPS_m,5,mean_range,386.35341371372147
ATPS_m,5,mean_midpoint,222.92597017269338
ATPS_m,5,median_range,389.205426543037
ATPS_m,5,median_midpoint,222.52105075380425
ATPS_m,5,std_range,17.28118382709681
ATPS_m,5,frac_fixed,0.0
ATPS_m,5,frac_variable,1.0
ATPS_m,5,frac_bidirectional,0.0
ATPS_m,6,minimum,1.9821324622431238
ATPS_m,6,maximum,411.03556462112
ATPS_m,6,mean_range,377.9140071638886
ATPS_m,6,mean_midpoint,217.25909337627857
ATPS_m,6,median_range,379.57061352870693
ATPS_m,6,median_midpoint,215.9398833829814
ATPS_m,6,std_range,16.96764841675516
ATPS_m,6,frac_fixed,0.0
ATPS_m,6,frac_variable,1.0
ATPS_m,6,frac_bidirectional,0.0
ATPS_m,7,minimum,0.01993565732675462
ATPS_m,7,maximum,411.36304083377297
ATPS_m,7,mean_range,406.85174141310927
ATPS_m,7,mean_midpoint,204.7244611137685
ATPS_m,7,median_range,406.9859325862963
ATPS_m,7,median_midpoint,204.86197988105107
ATPS_m,7,std_range,2.6659097968285534
ATPS_m,7,frac_fixed,0.0
ATPS_m,7,frac_variable,1.0
ATPS_m,7,frac_bidirectional,0.0
ATPS_m,8,minimum,-7.7053649631222925
ATPS_m,8,maximum,457.8314475732642
ATPS_m,8,mean_range,436.5611617161248
ATPS_m,8,mean_midpoint,214.84504744717447
ATPS_m,8,median_range,436.48708465812115
ATPS_m,8,median_midpoint,215.00488224837574
ATPS_m,8,std_range,12.64890428961008
ATPS_m,8,frac_fixed,0.0
ATPS_m,8,frac_variable,1.0
ATPS_m,8,frac_bidirectional,0.9875886524822695
ATPS_m,9,minimum,-0.5803449226479027
ATPS_m,9,maximum,433.8981663003342
ATPS_m,9,mean_range,418.4808261077363
ATPS_m,9,mean_midpoint,213.3945119185286
ATPS_m,9,median_range,417.9443222585242
ATPS_m,9,median_midpoint,213.59513036187053
ATPS_m,9,std_range,6.470212969780281
ATPS_m,9,frac_fixed,0.0
ATPS_m,9,frac_variable,1.0
ATPS_m,9,frac_bidirectional,0.04032258064516129
ATPS_m,10,minimum,24.946146872256584
ATPS_m,10,maximum,407.79821432245484
ATPS_m,10,mean_range,352.71672542118125
ATPS_m,10,mean_midpoint,227.50715986452096
ATPS_m,10,median_range,352.7895527580584
ATPS_m,10,median_midpoint,227.5042794422183
ATPS_m,10,std_range,12.832877121143783
ATPS_m,10,frac_fixed,0.0
ATPS_m,10,frac_variable,1.0
ATPS_m,10,frac_bidirectional,0.0
ATPS_m,11,minimum,78.34459111484563
ATPS_m,11,maximum,407.91279646545405
ATPS_m,11,mean_range,329.5682053506084
ATPS_m,11,mean_midpoint,243.12869379014984
ATPS_m,11,median_range,329.5682053506084
ATPS_m,11,median_midpoint,243.12869379014984
ATPS_m,11,std_range,0.0
ATPS_m,11,frac_fixed,0.0
ATPS_m,11,frac_variable,1.0
ATPS_m,11,frac_bidirectional,0.0
ATPS_m,12,minimum,-8.011953487111368
ATPS_m,12,maximum,459.62756620497095
ATPS_m,12,mean_range,467.63951969208233
ATPS_m,12,mean_midpoint,225.80780635892978
ATPS_m,12,median_range,467.63951969208233
ATPS_m,12,median_midpoint,225.80780635892978
ATPS_m,12,std_range,0.0
ATPS_m,12,frac_fixed,0.0
ATPS_m,12,frac_variable,1.0
ATPS_m,12,frac_bidirectional,1.0
ATPt_m,1,minimum,0.0
ATPt_m,1,maximum,689.003510150977
ATPt_m,1,mean_range,666.5044990588717
ATPt_m,1,mean_midpoint,333.25224952943586
ATPt_m,1,median_range,667.3967294608747
ATPt_m,1,median_midpoint,333.69836473043733
ATPt_m,1,std_range,14.285276072656604
ATPt_m,1,frac_fixed,0.0
ATPt_m,1,frac_variable,1.0
ATPt_m,1,frac_bidirectional,0.0
ATPt_m,2,minimum,0.0
ATPt_m,2,maximum,638.1567120135462
ATPt_m,2,mean_range,609.5741170768382
ATPt_m,2,mean_midpoint,304.7870585384191
ATPt_m,2,median_range,609.5741170768383
ATPt_m,2,median_midpoint,304.78705853841916
ATPt_m,2,std_range,17.20470037430357
ATPt_m,2,frac_fixed,0.0
ATPt_m,2,frac_variable,1.0
ATPt_m,2,frac_bidirectional,0.0
ATPt_m,3,minimum,0.0
ATPt_m,3,maximum,689.4319433178969
ATPt_m,3,mean_range,663.3447084514564
ATPt_m,3,mean_midpoint,331.6723542257282
ATPt_m,3,median_range,663.8411608317525
ATPt_m,3,median_midpoint,331.92058041587626
ATPt_m,3,std_range,15.269048213553038
ATPt_m,3,frac_fixed,0.0
ATPt_m,3,frac_variable,1.0
ATPt_m,3,frac_bidirectional,0.0
ATPt_m,4,minimum,0.015027184344128003
ATPt_m,4,maximum,636.9034950568306
ATPt_m,4,mean_range,628.4945622250393
ATPt_m,4,mean_midpoint,315.72492194040535
ATPt_m,4,median_range,628.6189451826016
ATPt_m,4,median_midpoint,315.85960602178903
ATPt_m,4,std_range,5.419906992130306
ATPt_m,4,frac_fixed,0.0
ATPt_m,4,frac_variable,1.0
ATPt_m,4,frac_bidirectional,0.0
ATPt_m,5,minimum,0.0
ATPt_m,5,maximum,626.8689086075958
ATPt_m,5,mean_range,610.6567995662557
ATPt_m,5,mean_midpoint,305.32839978312785
ATPt_m,5,median_range,612.6292660067554
ATPt_m,5,median_midpoint,306.3146330033777
ATPt_m,5,std_range,11.213030769080056
ATPt_m,5,frac_fixed,0.0
ATPt_m,5,frac_variable,1.0
ATPt_m,5,frac_bidirectional,0.0
ATPt_m,6,minimum,0.0016873524870721149
ATPt_m,6,maximum,626.545480522564
ATPt_m,6,mean_range,608.2507958514803
ATPt_m,6,mean_midpoint,305.197782236882
ATPt_m,6,median_range,609.804792528387
ATPt_m,6,median_midpoint,306.2245144375353
ATPt_m,6,std_range,11.13789036983611
ATPt_m,6,frac_fixed,0.0
ATPt_m,6,frac_variable,1.0
ATPt_m,6,frac_bidirectional,0.0
ATPt_m,7,minimum,0.031112320274154927
ATPt_m,7,maximum,635.8923630232653
ATPt_m,7,mean_range,629.1360305195803
ATPt_m,7,mean_midpoint,315.412497901718
ATPt_m,7,median_range,628.8065556581374
ATPt_m,7,median_midpoint,315.3651873691232
ATPt_m,7,std_range,3.047958371377795
ATPt_m,7,frac_fixed,0.0
ATPt_m,7,frac_variable,1.0
ATPt_m,7,frac_bidirectional,0.0
ATPt_m,8,minimum,0.0
ATPt_m,8,maximum,688.2789789523254
ATPt_m,8,mean_range,654.5188046302487
ATPt_m,8,mean_midpoint,327.25940231512436
ATPt_m,8,median_range,652.8312575717723
ATPt_m,8,median_midpoint,326.41562878588616
ATPt_m,8,std_range,13.100506365569629
ATPt_m,8,frac_fixed,0.0
ATPt_m,8,frac_variable,1.0
ATPt_m,8,frac_bidirectional,0.0
ATPt_m,9,minimum,0.0
ATPt_m,9,maximum,639.9691394244854
ATPt_m,9,mean_range,631.6402478511912
ATPt_m,9,mean_midpoint,315.8201239255956
ATPt_m,9,median_range,631.3498246165163
ATPt_m,9,median_midpoint,315.6749123082582
ATPt_m,9,std_range,3.291188104183291
ATPt_m,9,frac_fixed,0.0
ATPt_m,9,frac_variable,1.0
ATPt_m,9,frac_bidirectional,0.0
ATPt_m,10,minimum,0.061631009691360816
ATPt_m,10,maximum,616.7680109117491
ATPt_m,10,mean_range,595.4712057822082
ATPt_m,10,mean_midpoint,299.30497377345404
ATPt_m,10,median_range,595.5152794050089
ATPt_m,10,median_midpoint,299.32923044963195
ATPt_m,10,std_range,10.879280781429129
ATPt_m,10,frac_fixed,0.0
ATPt_m,10,frac_variable,1.0
ATPt_m,10,frac_bidirectional,0.0
ATPt_m,11,minimum,0.0
ATPt_m,11,maximum,576.132552245686
ATPt_m,11,mean_range,576.132552245686
ATPt_m,11,mean_midpoint,288.066276122843
ATPt_m,11,median_range,576.132552245686
ATPt_m,11,median_midpoint,288.066276122843
ATPt_m,11,std_range,0.0
ATPt_m,11,frac_fixed,0.0
ATPt_m,11,frac_variable,1.0
ATPt_m,11,frac_bidirectional,0.0
ATPt_m,12,minimum,0.0
ATPt_m,12,maximum,690.7788266066738
ATPt_m,12,mean_range,690.7788266066738
ATPt_m,12,mean_midpoint,345.3894133033369
ATPt_m,12,median_range,690.7788266066738
ATPt_m,12,median_midpoint,345.3894133033369
ATPt_m,12,std_range,0.0
ATPt_m,12,frac_fixed,0.0
ATPt_m,12,frac_variable,1.0
ATPt_m,12,frac_bidirectional,0.0
ATP2t_m,1,minimum,0.0
ATP2t_m,1,maximum,654.9448772395847
ATP2t_m,1,mean_range,635.0934140315308
ATP2t_m,1,mean_midpoint,317.5467070157654
ATP2t_m,1,median_range,635.3298898978126
ATP2t_m,1,median_midpoint,317.6649449489063
ATP2t_m,1,std_range,12.125860422491641
ATP2t_m,1,frac_fixed,0.0
ATP2t_m,1,frac_variable,1.0
ATP2t_m,1,frac_bidirectional,0.0
ATP2t_m,2,minimum,0.0
ATP2t_m,2,maximum,612.2235104477098
ATP2t_m,2,mean_range,590.5155863970773
ATP2t_m,2,mean_midpoint,295.25779319853865
ATP2t_m,2,median_range,590.5155863970774
ATP2t_m,2,median_midpoint,295.2577931985387
ATP2t_m,2,std_range,13.06663477778274
ATP2t_m,2,frac_fixed,0.0
ATP2t_m,2,frac_variable,1.0
ATP2t_m,2,frac_bidirectional,0.0
ATP2t_m,3,minimum,0.0
ATP2t_m,3,maximum,655.4419406158563
ATP2t_m,3,mean_range,633.4097994388583
ATP2t_m,3,mean_midpoint,316.70489971942914
ATP2t_m,3,median_range,633.8290814741756
ATP2t_m,3,median_midpoint,316.9145407370878
ATP2t_m,3,std_range,12.895572397824322
ATP2t_m,3,frac_fixed,0.0
ATP2t_m,3,frac_variable,1.0
ATP2t_m,3,frac_bidirectional,0.0
ATP2t_m,4,minimum,0.015027184326449693
ATP2t_m,4,maximum,611.0787034302614
ATP2t_m,4,mean_range,603.9312050424636
ATP2t_m,4,mean_midpoint,303.44324334911664
ATP2t_m,4,median_range,603.8409754887814
ATP2t_m,4,median_midpoint,303.4706211748777
ATP2t_m,4,std_range,4.415356016799012
ATP2t_m,4,frac_fixed,0.0
ATP2t_m,4,frac_variable,1.0
ATP2t_m,4,frac_bidirectional,0.0
ATP2t_m,5,minimum,0.0
ATP2t_m,5,maximum,603.5579300732611
ATP2t_m,5,mean_range,590.8628657842632
ATP2t_m,5,mean_midpoint,295.4314328921316
ATP2t_m,5,median_range,592.3200028846153
ATP2t_m,5,median_midpoint,296.16000144230765
ATP2t_m,5,std_range,8.361955938120968
ATP2t_m,5,frac_fixed,0.0
ATP2t_m,5,frac_variable,1.0
ATP2t_m,5,frac_bidirectional,0.0
ATP2t_m,6,minimum,0.0016873524848313622
ATP2t_m,6,maximum,602.2594460991418
ATP2t_m,6,mean_range,588.4023920001507
ATP2t_m,6,mean_midpoint,295.27358031121724
ATP2t_m,6,median_range,589.5414430925957
ATP2t_m,6,median_midpoint,296.00292664792954
ATP2t_m,6,std_range,7.912032466420915
ATP2t_m,6,frac_fixed,0.0
ATP2t_m,6,frac_variable,1.0
ATP2t_m,6,frac_bidirectional,0.0
ATP2t_m,7,minimum,0.031112320276290125
ATP2t_m,7,maximum,610.0447152832826
ATP2t_m,7,mean_range,603.957000703617
ATP2t_m,7,mean_midpoint,302.82298299373673
ATP2t_m,7,median_range,603.5402385769953
ATP2t_m,7,median_midpoint,302.7570894216633
ATP2t_m,7,std_range,2.672392713447942
ATP2t_m,7,frac_fixed,0.0
ATP2t_m,7,frac_variable,1.0
ATP2t_m,7,frac_bidirectional,0.0
ATP2t_m,8,minimum,0.0
ATP2t_m,8,maximum,654.3803641611763
ATP2t_m,8,mean_range,625.1556337077598
ATP2t_m,8,mean_midpoint,312.5778168538799
ATP2t_m,8,median_range,623.5635506864999
ATP2t_m,8,median_midpoint,311.78177534324993
ATP2t_m,8,std_range,11.117283259501097
ATP2t_m,8,frac_fixed,0.0
ATP2t_m,8,frac_variable,1.0
ATP2t_m,8,frac_bidirectional,0.0
ATP2t_m,9,minimum,0.0
ATP2t_m,9,maximum,613.5536569693513
ATP2t_m,9,mean_range,606.6080594927043
ATP2t_m,9,mean_midpoint,303.30402974635217
ATP2t_m,9,median_range,606.3501424601521
ATP2t_m,9,median_midpoint,303.17507123007607
ATP2t_m,9,std_range,2.6965441358012034
ATP2t_m,9,frac_fixed,0.0
ATP2t_m,9,frac_variable,1.0
ATP2t_m,9,frac_bidirectional,0.0
ATP2t_m,10,minimum,0.061631009690912925
ATP2t_m,10,maximum,596.4566209279412
ATP2t_m,10,mean_range,579.8494116126474
ATP2t_m,10,mean_midpoint,291.4940766886727
ATP2t_m,10,median_range,579.8697239698629
ATP2t_m,10,median_midpoint,291.50645273205134
ATP2t_m,10,std_range,7.909356309739763
ATP2t_m,10,frac_fixed,0.0
ATP2t_m,10,frac_variable,1.0
ATP2t_m,10,frac_bidirectional,0.0
ATP2t_m,11,minimum,0.0
ATP2t_m,11,maximum,565.8123709104693
ATP2t_m,11,mean_range,565.8123709104693
ATP2t_m,11,mean_midpoint,282.90618545523466
ATP2t_m,11,median_range,565.8123709104693
ATP2t_m,11,median_midpoint,282.90618545523466
ATP2t_m,11,std_range,0.0
ATP2t_m,11,frac_fixed,0.0
ATP2t_m,11,frac_variable,1.0
ATP2t_m,11,frac_bidirectional,0.0
ATP2t_m,12,minimum,0.0
ATP2t_m,12,maximum,656.5794595180656
ATP2t_m,12,mean_range,656.5794595180656
ATP2t_m,12,mean_midpoint,328.2897297590328
ATP2t_m,12,median_range,656.5794595180656
ATP2t_m,12,median_midpoint,328.2897297590328
ATP2t_m,12,std_range,0.0
ATP2t_m,12,frac_fixed,0.0
ATP2t_m,12,frac_variable,1.0
ATP2t_m,12,frac_bidirectional,0.0
ALATA_L_m,1,minimum,-222.8153747323338
ALATA_L_m,1,maximum,1000.0
ALATA_L_m,1,mean_range,1157.2733858256793
ALATA_L_m,1,mean_midpoint,421.36330708716036
ALATA_L_m,1,median_range,1167.3532469574172
ALATA_L_m,1,median_midpoint,416.3233765212914
ALATA_L_m,1,std_range,47.880308826702475
ALATA_L_m,1,frac_fixed,0.0
ALATA_L_m,1,frac_variable,1.0
ALATA_L_m,1,frac_bidirectional,1.0
ALATA_L_m,2,minimum,-48.0201989537311
ALATA_L_m,2,maximum,1000.0
ALATA_L_m,2,mean_range,920.3329837638576
ALATA_L_m,2,mean_midpoint,539.8335081180712
ALATA_L_m,2,median_range,921.0689331309463
ALATA_L_m,2,median_midpoint,539.4655334345268
ALATA_L_m,2,std_range,77.65137751748989
ALATA_L_m,2,frac_fixed,0.0
ALATA_L_m,2,frac_variable,1.0
ALATA_L_m,2,frac_bidirectional,0.20833333333333334
ALATA_L_m,3,minimum,-222.42876397608254
ALATA_L_m,3,maximum,1000.0
ALATA_L_m,3,mean_range,1129.4148327903633
ALATA_L_m,3,mean_midpoint,435.2925836048183
ALATA_L_m,3,median_range,1131.1849317592346
ALATA_L_m,3,median_midpoint,434.40753412038276
ALATA_L_m,3,std_range,54.441730105791684
ALATA_L_m,3,frac_fixed,0.0
ALATA_L_m,3,frac_variable,1.0
ALATA_L_m,3,frac_bidirectional,1.0
ALATA_L_m,4,minimum,-35.13879258357895
ALATA_L_m,4,maximum,1000.0
ALATA_L_m,4,mean_range,1005.6903415182926
ALATA_L_m,4,mean_midpoint,497.1548292408537
ALATA_L_m,4,median_range,1011.1272577896841
ALATA_L_m,4,median_midpoint,494.43637110515795
ALATA_L_m,4,std_range,25.029811386478386
ALATA_L_m,4,frac_fixed,0.0
ALATA_L_m,4,frac_variable,1.0
ALATA_L_m,4,frac_bidirectional,0.7692307692307693
ALATA_L_m,5,minimum,0.3080744656565457
ALATA_L_m,5,maximum,1000.0
ALATA_L_m,5,mean_range,928.4165695440788
ALATA_L_m,5,mean_midpoint,535.7917152279606
ALATA_L_m,5,median_range,938.0426581547764
ALATA_L_m,5,median_midpoint,530.9786709226119
ALATA_L_m,5,std_range,51.68818138140218
ALATA_L_m,5,frac_fixed,0.0
ALATA_L_m,5,frac_variable,1.0
ALATA_L_m,5,frac_bidirectional,0.0
ALATA_L_m,6,minimum,0.10064233349498863
ALATA_L_m,6,maximum,1000.0
ALATA_L_m,6,mean_range,914.1165864700874
ALATA_L_m,6,mean_midpoint,542.9417067649562
ALATA_L_m,6,median_range,920.199542276268
ALATA_L_m,6,median_midpoint,539.900228861866
ALATA_L_m,6,std_range,60.2318812070104
ALATA_L_m,6,frac_fixed,0.0
ALATA_L_m,6,frac_variable,1.0
ALATA_L_m,6,frac_bidirectional,0.0
ALATA_L_m,7,minimum,-34.08489863211594
ALATA_L_m,7,maximum,1000.0
ALATA_L_m,7,mean_range,1015.196146020323
ALATA_L_m,7,mean_midpoint,492.4019269898385
ALATA_L_m,7,median_range,1013.880208662013
ALATA_L_m,7,median_midpoint,493.0598956689935
ALATA_L_m,7,std_range,9.4930899549311
ALATA_L_m,7,frac_fixed,0.0
ALATA_L_m,7,frac_variable,1.0
ALATA_L_m,7,frac_bidirectional,1.0
ALATA_L_m,8,minimum,-219.5612534691404
ALATA_L_m,8,maximum,1000.0
ALATA_L_m,8,mean_range,1109.8912524918408
ALATA_L_m,8,mean_midpoint,445.0543737540796
ALATA_L_m,8,median_range,1106.2023146981408
ALATA_L_m,8,median_midpoint,446.8988426509296
ALATA_L_m,8,std_range,46.28854914499434
ALATA_L_m,8,frac_fixed,0.0
ALATA_L_m,8,frac_variable,1.0
ALATA_L_m,8,frac_bidirectional,1.0
ALATA_L_m,9,minimum,-56.35148736651787
ALATA_L_m,9,maximum,1000.0
ALATA_L_m,9,mean_range,1023.0050708914985
ALATA_L_m,9,mean_midpoint,488.4974645542507
ALATA_L_m,9,median_range,1021.6666904809169
ALATA_L_m,9,median_midpoint,489.16665475954153
ALATA_L_m,9,std_range,13.757376034837492
ALATA_L_m,9,frac_fixed,0.0
ALATA_L_m,9,frac_variable,1.0
ALATA_L_m,9,frac_bidirectional,1.0
ALATA_L_m,10,minimum,97.32723155125905
ALATA_L_m,10,maximum,1000.0
ALATA_L_m,10,mean_range,823.011794973334
ALATA_L_m,10,mean_midpoint,588.4941025133329
ALATA_L_m,10,median_range,823.2581106921182
ALATA_L_m,10,median_midpoint,588.3709446539409
ALATA_L_m,10,std_range,47.519748364868256
ALATA_L_m,10,frac_fixed,0.0
ALATA_L_m,10,frac_variable,1.0
ALATA_L_m,10,frac_bidirectional,0.0
ALATA_L_m,11,minimum,261.54855934729886
ALATA_L_m,11,maximum,1000.0
ALATA_L_m,11,mean_range,738.4514406527012
ALATA_L_m,11,mean_midpoint,630.7742796736494
ALATA_L_m,11,median_range,738.4514406527012
ALATA_L_m,11,median_midpoint,630.7742796736494
ALATA_L_m,11,std_range,0.0
ALATA_L_m,11,frac_fixed,0.0
ALATA_L_m,11,frac_variable,1.0
ALATA_L_m,11,frac_bidirectional,0.0
ALATA_L_m,12,minimum,-227.231070934866
ALATA_L_m,12,maximum,1000.0
ALATA_L_m,12,mean_range,1227.231070934866
ALATA_L_m,12,mean_midpoint,386.384464532567
ALATA_L_m,12,median_range,1227.231070934866
ALATA_L_m,12,median_midpoint,386.384464532567
ALATA_L_m,12,std_range,0.0
ALATA_L_m,12,frac_fixed,0.0
ALATA_L_m,12,frac_variable,1.0
ALATA_L_m,12,frac_bidirectional,1.0
ALATA_L_c,1,minimum,-1000.0
ALATA_L_c,1,maximum,222.81537473233357
ALATA_L_c,1,mean_range,1157.273385825679
ALATA_L_c,1,mean_midpoint,-421.3633070871604
ALATA_L_c,1,median_range,1167.3532469574175
ALATA_L_c,1,median_midpoint,-416.3233765212913
ALATA_L_c,1,std_range,47.880308826702404
ALATA_L_c,1,frac_fixed,0.0
ALATA_L_c,1,frac_variable,1.0
ALATA_L_c,1,frac_bidirectional,1.0
ALATA_L_c,2,minimum,-1000.0
ALATA_L_c,2,maximum,48.0201989537311
ALATA_L_c,2,mean_range,920.3329837638574
ALATA_L_c,2,mean_midpoint,-539.8335081180713
ALATA_L_c,2,median_range,921.0689331309464
ALATA_L_c,2,median_midpoint,-539.4655334345268
ALATA_L_c,2,std_range,77.65137751748999
ALATA_L_c,2,frac_fixed,0.0
ALATA_L_c,2,frac_variable,1.0
ALATA_L_c,2,frac_bidirectional,0.20833333333333334
ALATA_L_c,3,minimum,-1000.0
ALATA_L_c,3,maximum,222.42747861559815
ALATA_L_c,3,mean_range,1129.3886518048557
ALATA_L_c,3,mean_midpoint,-435.30567409757214
ALATA_L_c,3,median_range,1131.159224549197
ALATA_L_c,3,median_midpoint,-434.4203877254015
ALATA_L_c,3,std_range,54.45630169609098
ALATA_L_c,3,frac_fixed,0.0
ALATA_L_c,3,frac_variable,1.0
ALATA_L_c,3,frac_bidirectional,1.0
ALATA_L_c,4,minimum,-1000.0
ALATA_L_c,4,maximum,35.08737816352928
ALATA_L_c,4,mean_range,1005.6328037898177
ALATA_L_c,4,mean_midpoint,-497.18359810509116
ALATA_L_c,4,median_range,1011.069416567121
ALATA_L_c,4,median_midpoint,-494.4652917164395
ALATA_L_c,4,std_range,25.03307580117274
ALATA_L_c,4,frac_fixed,0.0
ALATA_L_c,4,frac_variable,1.0
ALATA_L_c,4,frac_bidirectional,0.7692307692307693
ALATA_L_c,5,minimum,-1000.0
ALATA_L_c,5,maximum,-0.3414938386929407
ALATA_L_c,5,mean_range,928.4033370959685
ALATA_L_c,5,mean_midpoint,-535.7983314520158
ALATA_L_c,5,median_range,938.0323752707645
ALATA_L_c,5,median_midpoint,-530.9838123646177
ALATA_L_c,5,std_range,51.68369631697834
ALATA_L_c,5,frac_fixed,0.0
ALATA_L_c,5,frac_variable,1.0
ALATA_L_c,5,frac_bidirectional,0.0
ALATA_L_c,6,minimum,-1000.0
ALATA_L_c,6,maximum,-0.13920314854119908
ALATA_L_c,6,mean_range,914.0812069223012
ALATA_L_c,6,mean_midpoint,-542.9593965388495
ALATA_L_c,6,median_range,920.1635521823002
ALATA_L_c,6,median_midpoint,-539.9182239088499
ALATA_L_c,6,std_range,60.22208933790821
ALATA_L_c,6,frac_fixed,0.0
ALATA_L_c,6,frac_variable,1.0
ALATA_L_c,6,frac_bidirectional,0.0
ALATA_L_c,7,minimum,-1000.0
ALATA_L_c,7,maximum,34.03476957255532
ALATA_L_c,7,mean_range,1015.1456214652246
ALATA_L_c,7,mean_midpoint,-492.4271892673877
ALATA_L_c,7,median_range,1013.8332930037061
ALATA_L_c,7,median_midpoint,-493.08335349814695
ALATA_L_c,7,std_range,9.493601800340018
ALATA_L_c,7,frac_fixed,0.0
ALATA_L_c,7,frac_variable,1.0
ALATA_L_c,7,frac_bidirectional,1.0
ALATA_L_c,8,minimum,-1000.0
ALATA_L_c,8,maximum,219.5599681086402
ALATA_L_c,8,mean_range,1109.8717624155843
ALATA_L_c,8,mean_midpoint,-445.064118792208
ALATA_L_c,8,median_range,1106.193393985137
ALATA_L_c,8,median_midpoint,-446.9033030074316
ALATA_L_c,8,std_range,46.2977775111269
ALATA_L_c,8,frac_fixed,0.0
ALATA_L_c,8,frac_variable,1.0
ALATA_L_c,8,frac_bidirectional,1.0
ALATA_L_c,9,minimum,-1000.0
ALATA_L_c,9,maximum,56.350202006021526
ALATA_L_c,9,mean_range,1022.9865160907108
ALATA_L_c,9,mean_midpoint,-488.50674195464455
ALATA_L_c,9,median_range,1021.6358418288753
ALATA_L_c,9,median_midpoint,-489.18207908556235
ALATA_L_c,9,std_range,13.760532010297538
ALATA_L_c,9,frac_fixed,0.0
ALATA_L_c,9,frac_variable,1.0
ALATA_L_c,9,frac_bidirectional,1.0
ALATA_L_c,10,minimum,-1000.0
ALATA_L_c,10,maximum,-97.39149957628054
ALATA_L_c,10,mean_range,822.9790655157807
ALATA_L_c,10,mean_midpoint,-588.5104672421095
ALATA_L_c,10,median_range,823.2253339991746
ALATA_L_c,10,median_midpoint,-588.3873330004127
ALATA_L_c,10,std_range,47.50130688584206
ALATA_L_c,10,frac_fixed,0.0
ALATA_L_c,10,frac_variable,1.0
ALATA_L_c,10,frac_bidirectional,0.0
ALATA_L_c,11,minimum,-1000.0
ALATA_L_c,11,maximum,-261.54855934729426
ALATA_L_c,11,mean_range,738.4514406527057
ALATA_L_c,11,mean_midpoint,-630.7742796736471
ALATA_L_c,11,median_range,738.4514406527057
ALATA_L_c,11,median_midpoint,-630.7742796736471
ALATA_L_c,11,std_range,0.0
ALATA_L_c,11,frac_fixed,0.0
ALATA_L_c,11,frac_variable,1.0
ALATA_L_c,11,frac_bidirectional,0.0
ALATA_L_c,12,minimum,-1000.0
ALATA_L_c,12,maximum,227.231070934865
ALATA_L_c,12,mean_range,1227.2310709348649
ALATA_L_c,12,mean_midpoint,-386.3844645325675
ALATA_L_c,12,median_range,1227.2310709348649
ALATA_L_c,12,median_midpoint,-386.3844645325675
ALATA_L_c,12,std_range,0.0
ALATA_L_c,12,frac_fixed,0.0
ALATA_L_c,12,frac_variable,1.0
ALATA_L_c,12,frac_bidirectional,1.0
ALANA1t_m,1,minimum,-1000.0
ALANA1t_m,1,maximum,222.81537473233354
ALANA1t_m,1,mean_range,1157.2733858256788
ALANA1t_m,1,mean_midpoint,-421.3633070871606
ALANA1t_m,1,median_range,1167.3532469574175
ALANA1t_m,1,median_midpoint,-416.3233765212913
ALANA1t_m,1,std_range,47.880308826702375
ALANA1t_m,1,frac_fixed,0.0
ALANA1t_m,1,frac_variable,1.0
ALANA1t_m,1,frac_bidirectional,1.0
ALANA1t_m,2,minimum,-1000.0
ALANA1t_m,2,maximum,48.0201989537311
ALANA1t_m,2,mean_range,920.3329837638576
ALANA1t_m,2,mean_midpoint,-539.8335081180713
ALANA1t_m,2,median_range,921.0689331309463
ALANA1t_m,2,median_midpoint,-539.4655334345268
ALANA1t_m,2,std_range,77.65137751748998
ALANA1t_m,2,frac_fixed,0.0
ALANA1t_m,2,frac_variable,1.0
ALANA1t_m,2,frac_bidirectional,0.20833333333333334
ALANA1t_m,3,minimum,-1000.0
ALANA1t_m,3,maximum,222.4287639761243
ALANA1t_m,3,mean_range,1129.4148327903677
ALANA1t_m,3,mean_midpoint,-435.29258360481606
ALANA1t_m,3,median_range,1131.1849317592298
ALANA1t_m,3,median_midpoint,-434.4075341203851
ALANA1t_m,3,std_range,54.44173010578933
ALANA1t_m,3,frac_fixed,0.0
ALANA1t_m,3,frac_variable,1.0
ALANA1t_m,3,frac_bidirectional,1.0
ALANA1t_m,4,minimum,-1000.0
ALANA1t_m,4,maximum,35.138792583602296
ALANA1t_m,4,mean_range,1005.690341518325
ALANA1t_m,4,mean_midpoint,-497.15482924083756
ALANA1t_m,4,median_range,1011.1272577896667
ALANA1t_m,4,median_midpoint,-494.43637110516664
ALANA1t_m,4,std_range,25.029811386406035
ALANA1t_m,4,frac_fixed,0.0
ALANA1t_m,4,frac_variable,1.0
ALANA1t_m,4,frac_bidirectional,0.7692307692307693
ALANA1t_m,5,minimum,-1000.0
ALANA1t_m,5,maximum,-0.30807446565632235
ALANA1t_m,5,mean_range,928.4165695440792
ALANA1t_m,5,mean_midpoint,-535.7917152279604
ALANA1t_m,5,median_range,938.0426581547764
ALANA1t_m,5,median_midpoint,-530.9786709226119
ALANA1t_m,5,std_range,51.68818138140184
ALANA1t_m,5,frac_fixed,0.0
ALANA1t_m,5,frac_variable,1.0
ALANA1t_m,5,frac_bidirectional,0.0
ALANA1t_m,6,minimum,-1000.0
ALANA1t_m,6,maximum,-0.10064233349704566
ALANA1t_m,6,mean_range,914.116586470095
ALANA1t_m,6,mean_midpoint,-542.9417067649524
ALANA1t_m,6,median_range,920.199542276291
ALANA1t_m,6,median_midpoint,-539.9002288618545
ALANA1t_m,6,std_range,60.231881207016286
ALANA1t_m,6,frac_fixed,0.0
ALANA1t_m,6,frac_variable,1.0
ALANA1t_m,6,frac_bidirectional,0.0
ALANA1t_m,7,minimum,-1000.0
ALANA1t_m,7,maximum,34.084898632109685
ALANA1t_m,7,mean_range,1015.1961460203213
ALANA1t_m,7,mean_midpoint,-492.4019269898393
ALANA1t_m,7,median_range,1013.8802086620162
ALANA1t_m,7,median_midpoint,-493.0598956689919
ALANA1t_m,7,std_range,9.49308995492762
ALANA1t_m,7,frac_fixed,0.0
ALANA1t_m,7,frac_variable,1.0
ALANA1t_m,7,frac_bidirectional,1.0
ALANA1t_m,8,minimum,-1000.0
ALANA1t_m,8,maximum,219.56125346913612
ALANA1t_m,8,mean_range,1109.8912524918412
ALANA1t_m,8,mean_midpoint,-445.0543737540795
ALANA1t_m,8,median_range,1106.2023146981562
ALANA1t_m,8,median_midpoint,-446.8988426509219
ALANA1t_m,8,std_range,46.28854914499406
ALANA1t_m,8,frac_fixed,0.0
ALANA1t_m,8,frac_variable,1.0
ALANA1t_m,8,frac_bidirectional,1.0
ALANA1t_m,9,minimum,-1000.0
ALANA1t_m,9,maximum,56.35148736652101
ALANA1t_m,9,mean_range,1023.0050708914974
ALANA1t_m,9,mean_midpoint,-488.49746455425117
ALANA1t_m,9,median_range,1021.6666904809176
ALANA1t_m,9,median_midpoint,-489.1666547595412
ALANA1t_m,9,std_range,13.757376034837971
ALANA1t_m,9,frac_fixed,0.0
ALANA1t_m,9,frac_variable,1.0
ALANA1t_m,9,frac_bidirectional,1.0
ALANA1t_m,10,minimum,-1000.0
ALANA1t_m,10,maximum,-97.32723155112842
ALANA1t_m,10,mean_range,823.0117949733346
ALANA1t_m,10,mean_midpoint,-588.4941025133327
ALANA1t_m,10,median_range,823.2581106919282
ALANA1t_m,10,median_midpoint,-588.3709446540358
ALANA1t_m,10,std_range,47.51974836487153
ALANA1t_m,10,frac_fixed,0.0
ALANA1t_m,10,frac_variable,1.0
ALANA1t_m,10,frac_bidirectional,0.0
ALANA1t_m,11,minimum,-1000.0
ALANA1t_m,11,maximum,-261.54855934729426
ALANA1t_m,11,mean_range,738.4514406527057
ALANA1t_m,11,mean_midpoint,-630.7742796736471
ALANA1t_m,11,median_range,738.4514406527057
ALANA1t_m,11,median_midpoint,-630.7742796736471
ALANA1t_m,11,std_range,0.0
ALANA1t_m,11,frac_fixed,0.0
ALANA1t_m,11,frac_variable,1.0
ALANA1t_m,11,frac_bidirectional,0.0
ALANA1t_m,12,minimum,-1000.0
ALANA1t_m,12,maximum,227.23107093486567
ALANA1t_m,12,mean_range,1227.2310709348658
ALANA1t_m,12,mean_midpoint,-386.38446453256716
ALANA1t_m,12,median_range,1227.2310709348658
ALANA1t_m,12,median_midpoint,-386.38446453256716
ALANA1t_m,12,std_range,0.0
ALANA1t_m,12,frac_fixed,0.0
ALANA1t_m,12,frac_variable,1.0
ALANA1t_m,12,frac_bidirectional,1.0
PIt_m,1,minimum,-12.020506329113864
PIt_m,1,maximum,654.9448772395845
PIt_m,1,mean_range,644.1701228922901
PIt_m,1,mean_midpoint,313.0083525853855
PIt_m,1,median_range,644.4065987585718
PIt_m,1,median_midpoint,313.1265905185264
PIt_m,1,std_range,13.894318206533708
PIt_m,1,frac_fixed,0.0
PIt_m,1,frac_variable,1.0
PIt_m,1,frac_bidirectional,1.0
PIt_m,2,minimum,-5.8875949367088225
PIt_m,2,maximum,612.2235104477099
PIt_m,2,mean_range,593.58204209328
PIt_m,2,mean_midpoint,293.72456535043756
PIt_m,2,median_range,593.5820420932798
PIt_m,2,median_midpoint,293.7245653504374
PIt_m,2,std_range,14.764761048492627
PIt_m,2,frac_fixed,0.0
PIt_m,2,frac_variable,1.0
PIt_m,2,frac_bidirectional,1.0
PIt_m,3,minimum,-11.958606262938915
PIt_m,3,maximum,655.4418413918119
PIt_m,3,mean_range,639.416032728945
PIt_m,3,mean_midpoint,313.69976201982695
PIt_m,3,median_range,639.9485893403366
PIt_m,3,median_midpoint,313.8528023227782
PIt_m,3,std_range,16.37948149419757
PIt_m,3,frac_fixed,0.0
PIt_m,3,frac_variable,1.0
PIt_m,3,frac_bidirectional,0.9811320754716981
PIt_m,4,minimum,0.022838090030091962
PIt_m,4,maximum,611.074734467825
PIt_m,4,mean_range,603.9180222261849
PIt_m,4,mean_midpoint,303.44539310289827
PIt_m,4,median_range,603.8277231371693
PIt_m,4,median_midpoint,303.4727822679644
PIt_m,4,std_range,4.41617663067129
PIt_m,4,frac_fixed,0.0
PIt_m,4,frac_variable,1.0
PIt_m,4,frac_bidirectional,0.0
PIt_m,5,minimum,-4.464031477889321
PIt_m,5,maximum,603.5577316251482
PIt_m,5,mean_range,592.4430994648689
PIt_m,5,mean_midpoint,294.64029456623524
PIt_m,5,median_range,593.8354061265089
PIt_m,5,median_midpoint,295.3811500545351
PIt_m,5,std_range,9.034972167208176
PIt_m,5,frac_fixed,0.0
PIt_m,5,frac_variable,1.0
PIt_m,5,frac_bidirectional,1.0
PIt_m,6,minimum,0.00364007891022311
PIt_m,6,maximum,602.2547825682651
PIt_m,6,mean_range,588.3942859783971
PIt_m,6,mean_midpoint,295.2749021798165
PIt_m,6,median_range,589.5326081915118
PIt_m,6,median_midpoint,296.0041512673438
PIt_m,6,std_range,7.909444016101984
PIt_m,6,frac_fixed,0.0
PIt_m,6,frac_variable,1.0
PIt_m,6,frac_bidirectional,0.0
PIt_m,7,minimum,0.0387279533189826
PIt_m,7,maximum,610.0408455449106
PIt_m,7,mean_range,603.9454247178315
PIt_m,7,mean_midpoint,302.82487071777865
PIt_m,7,median_range,603.5291949506353
PIt_m,7,median_midpoint,302.75891434471197
PIt_m,7,std_range,2.6724894165975766
PIt_m,7,frac_fixed,0.0
PIt_m,7,frac_variable,1.0
PIt_m,7,frac_bidirectional,0.0
PIt_m,8,minimum,-11.799357511088516
PIt_m,8,maximum,654.3802649371244
PIt_m,8,mean_range,630.650483622193
PIt_m,8,mean_midpoint,309.82888735026586
PIt_m,8,median_range,628.8455645956292
PIt_m,8,median_midpoint,309.172907476184
PIt_m,8,std_range,13.66948368157305
PIt_m,8,frac_fixed,0.0
PIt_m,8,frac_variable,1.0
PIt_m,8,frac_bidirectional,1.0
PIt_m,9,minimum,-5.911762574387353
PIt_m,9,maximum,613.5535577452869
PIt_m,9,mean_range,609.6183692486943
PIt_m,9,mean_midpoint,301.7974425210262
PIt_m,9,median_range,609.3220281330202
PIt_m,9,median_midpoint,301.8121804003621
PIt_m,9,std_range,3.921367522182506
PIt_m,9,frac_fixed,0.0
PIt_m,9,frac_variable,1.0
PIt_m,9,frac_bidirectional,1.0
PIt_m,10,minimum,0.06182628233102605
PIt_m,10,maximum,596.451659724922
PIt_m,10,mean_range,579.8419127690668
PIt_m,10,mean_midpoint,291.49529954325703
PIt_m,10,median_range,579.8622143039045
PIt_m,10,median_midpoint,291.5076773514553
PIt_m,10,std_range,7.905130954048676
PIt_m,10,frac_fixed,0.0
PIt_m,10,frac_variable,1.0
PIt_m,10,frac_bidirectional,0.0
PIt_m,11,minimum,0.0
PIt_m,11,maximum,565.812370910471
PIt_m,11,mean_range,565.812370910471
PIt_m,11,mean_midpoint,282.9061854552355
PIt_m,11,median_range,565.812370910471
PIt_m,11,median_midpoint,282.9061854552355
PIt_m,11,std_range,0.0
PIt_m,11,frac_fixed,0.0
PIt_m,11,frac_variable,1.0
PIt_m,11,frac_bidirectional,0.0
PIt_m,12,minimum,-12.265822784810112
PIt_m,12,maximum,656.5794595180657
PIt_m,12,mean_range,668.8452823028758
PIt_m,12,mean_midpoint,322.1568183666278
PIt_m,12,median_range,668.8452823028758
PIt_m,12,median_midpoint,322.1568183666278
PIt_m,12,std_range,0.0
PIt_m,12,frac_fixed,0.0
PIt_m,12,frac_variable,1.0
PIt_m,12,frac_bidirectional,1.0
GCS_m,1,minimum,-8.177215189873632
GCS_m,1,maximum,2.355037974683539
GCS_m,1,mean_range,7.3104303797466335
GCS_m,1,mean_midpoint,-2.477696202531567
GCS_m,1,median_range,7.392202531645619
GCS_m,1,median_midpoint,-2.5185822784810368
GCS_m,1,std_range,0.619420677185178
GCS_m,1,frac_fixed,0.0
GCS_m,1,frac_variable,1.0
GCS_m,1,frac_bidirectional,0.96
GCS_m,2,minimum,-12.10227848101279
GCS_m,2,maximum,-0.490632911385494
GCS_m,2,mean_range,4.088607594936526
GCS_m,2,mean_midpoint,-8.177215189873039
GCS_m,2,median_range,4.088607594936719
GCS_m,2,median_midpoint,-8.177215189873436
GCS_m,2,std_range,2.2641683609472554
GCS_m,2,frac_fixed,0.0
GCS_m,2,frac_variable,1.0
GCS_m,2,frac_bidirectional,0.0
GCS_m,3,minimum,-3.005299335199916
GCS_m,3,maximum,2.404405930690023
GCS_m,3,mean_range,3.280806561490923
GCS_m,3,mean_midpoint,-0.18038336029900348
GCS_m,3,median_range,3.3213205076648293
GCS_m,3,median_midpoint,-0.18266822230935198
GCS_m,3,std_range,1.2460598881259766
GCS_m,3,frac_fixed,0.0
GCS_m,3,frac_variable,1.0
GCS_m,3,frac_bidirectional,1.0
GCS_m,4,minimum,-0.6202012560808825
GCS_m,4,maximum,0.5028195060843488
GCS_m,4,mean_range,0.5959174507871862
GCS_m,4,mean_midpoint,-0.03090071569206109
GCS_m,4,median_range,0.5734458257904462
GCS_m,4,median_midpoint,-0.027696538170842888
GCS_m,4,std_range,0.31212538725732347
GCS_m,4,frac_fixed,0.0
GCS_m,4,frac_variable,1.0
GCS_m,4,frac_bidirectional,1.0
GCS_m,5,minimum,-11.963319979458998
GCS_m,5,maximum,-1.4196272852439196
GCS_m,5,mean_range,2.9569872969970867
GCS_m,5,mean_midpoint,-6.784838563747435
GCS_m,5,median_range,2.8629130532445854
GCS_m,5,median_midpoint,-6.574342544635713
GCS_m,5,std_range,1.3042312962930727
GCS_m,5,frac_fixed,0.0
GCS_m,5,frac_variable,1.0
GCS_m,5,frac_bidirectional,0.0
GCS_m,6,minimum,-11.521858672553334
GCS_m,6,maximum,0.09964190778275278
GCS_m,6,mean_range,0.8283169688680505
GCS_m,6,mean_midpoint,-4.68723738686017
GCS_m,6,median_range,0.7235009785815132
GCS_m,6,median_midpoint,-4.300228605218256
GCS_m,6,std_range,0.5873493654766981
GCS_m,6,frac_fixed,0.0
GCS_m,6,frac_variable,1.0
GCS_m,6,frac_bidirectional,0.015
GCS_m,7,minimum,-3.239910228740697
GCS_m,7,maximum,0.42118455036687585
GCS_m,7,mean_range,1.5965674037027713
GCS_m,7,mean_midpoint,-0.7740113308692173
GCS_m,7,median_range,1.594368742076192
GCS_m,7,median_midpoint,-0.6793826593982418
GCS_m,7,std_range,0.5171823144774501
GCS_m,7,frac_fixed,0.0
GCS_m,7,frac_variable,1.0
GCS_m,7,frac_bidirectional,0.7115384615384616
GCS_m,8,minimum,-7.874712384520442
GCS_m,8,maximum,2.3406769164165273
GCS_m,8,mean_range,5.056113991230998
GCS_m,8,mean_midpoint,-1.6592633229238691
GCS_m,8,median_range,5.2096628692371
GCS_m,8,median_midpoint,-1.559190092755467
GCS_m,8,std_range,1.5283141172233985
GCS_m,8,frac_fixed,0.0
GCS_m,8,frac_variable,1.0
GCS_m,8,frac_bidirectional,1.0
GCS_m,9,minimum,-8.855978207305963
GCS_m,9,maximum,0.06844050921873218
GCS_m,9,mean_range,5.200636953241687
GCS_m,9,mean_midpoint,-3.5234829010020685
GCS_m,9,median_range,5.252080267552246
GCS_m,9,median_midpoint,-3.5321415579606965
GCS_m,9,std_range,1.3459195515678168
GCS_m,9,frac_fixed,0.0
GCS_m,9,frac_variable,1.0
GCS_m,9,frac_bidirectional,0.04032258064516129
GCS_m,10,minimum,-12.020649259466472
GCS_m,10,maximum,-0.007146517619309305
GCS_m,10,mean_range,-1.6461377061596174e-13
GCS_m,10,mean_midpoint,-6.022907678729551
GCS_m,10,median_range,-7.949196856316121e-14
GCS_m,10,median_midpoint,-6.013897888542912
GCS_m,10,std_range,1.7686608764454623e-12
GCS_m,10,frac_fixed,1.0
GCS_m,10,frac_variable,0.0
GCS_m,10,frac_bidirectional,0.0
GCS_m,11,minimum,-12.265822784809853
GCS_m,11,maximum,-12.265822784810021
GCS_m,11,mean_range,-1.687538997430238e-13
GCS_m,11,mean_midpoint,-12.265822784809938
GCS_m,11,median_range,-1.687538997430238e-13
GCS_m,11,median_midpoint,-12.265822784809938
GCS_m,11,std_range,0.0
GCS_m,11,frac_fixed,1.0
GCS_m,11,frac_variable,0.0
GCS_m,11,frac_bidirectional,0.0
GCS_m,12,minimum,-3.0664556962025307
GCS_m,12,maximum,2.4531645569620077
GCS_m,12,mean_range,5.519620253164538
GCS_m,12,mean_midpoint,-0.30664556962026146
GCS_m,12,median_range,5.519620253164538
GCS_m,12,median_midpoint,-0.30664556962026146
GCS_m,12,std_range,0.0
GCS_m,12,frac_fixed,0.0
GCS_m,12,frac_variable,1.0
GCS_m,12,frac_bidirectional,1.0
CO2t_m,1,minimum,-1000.0
CO2t_m,1,maximum,1.9625316455696264
CO2t_m,1,mean_range,1001.0205164556962
CO2t_m,1,mean_midpoint,-499.4897417721519
CO2t_m,1,median_range,1000.981265822785
CO2t_m,1,median_midpoint,-499.5093670886075
CO2t_m,1,std_range,0.5915332131659906
CO2t_m,1,frac_fixed,0.0
CO2t_m,1,frac_variable,1.0
CO2t_m,1,frac_bidirectional,0.96
CO2t_m,2,minimum,-1000.0
CO2t_m,2,maximum,-0.4906329113924066
CO2t_m,2,mean_range,916.1572359239348
CO2t_m,2,mean_midpoint,-464.21152935437243
CO2t_m,2,median_range,924.1353888271483
CO2t_m,2,median_midpoint,-468.2006058059792
CO2t_m,2,std_range,69.86245261243879
CO2t_m,2,frac_fixed,0.0
CO2t_m,2,frac_variable,1.0
CO2t_m,2,frac_bidirectional,0.0
CO2t_m,3,minimum,-999.9972889478295
CO2t_m,3,maximum,0.17744520572849545
CO2t_m,3,mean_range,1000.0352775467437
CO2t_m,3,mean_midpoint,-499.92714090709717
CO2t_m,3,median_range,1000.0346391583703
CO2t_m,3,median_midpoint,-499.92845937740094
CO2t_m,3,std_range,0.019634477005428315
CO2t_m,3,frac_fixed,0.0
CO2t_m,3,frac_variable,1.0
CO2t_m,3,frac_bidirectional,1.0
CO2t_m,4,minimum,-999.8915579131725
CO2t_m,4,maximum,0.21770749437177572
CO2t_m,4,mean_range,992.2884742257285
CO2t_m,4,mean_midpoint,-495.94535072423355
CO2t_m,4,median_range,1000.0741118287076
CO2t_m,4,median_midpoint,-499.8390335991522
CO2t_m,4,std_range,16.409394133130853
CO2t_m,4,frac_fixed,0.0
CO2t_m,4,frac_variable,1.0
CO2t_m,4,frac_bidirectional,1.0
CO2t_m,5,minimum,-997.5351430271791
CO2t_m,5,maximum,-1.3391844194676157
CO2t_m,5,mean_range,930.2685366280883
CO2t_m,5,mean_midpoint,-470.40876176260105
CO2t_m,5,median_range,940.4929742963967
CO2t_m,5,median_midpoint,-474.8069589623205
CO2t_m,5,std_range,51.907955367101934
CO2t_m,5,frac_fixed,0.0
CO2t_m,5,frac_variable,1.0
CO2t_m,5,frac_bidirectional,0.0
CO2t_m,6,minimum,-999.872763014088
CO2t_m,6,maximum,0.2731542273274954
CO2t_m,6,mean_range,914.8811688475862
CO2t_m,6,mean_midpoint,-461.62826210349607
CO2t_m,6,median_range,921.0986563747977
CO2t_m,6,median_midpoint,-465.0215009256099
CO2t_m,6,std_range,60.48684892440434
CO2t_m,6,frac_fixed,0.0
CO2t_m,6,frac_variable,1.0
CO2t_m,6,frac_bidirectional,0.025
CO2t_m,7,minimum,-999.9539501982383
CO2t_m,7,maximum,0.6586937264958164
CO2t_m,7,mean_range,999.9811750886577
CO2t_m,7,mean_midpoint,-499.8080855171394
CO2t_m,7,median_range,1000.1926967512135
CO2t_m,7,median_midpoint,-499.7884397391018
CO2t_m,7,std_range,0.5993841072345916
CO2t_m,7,frac_fixed,0.0
CO2t_m,7,frac_variable,1.0
CO2t_m,7,frac_bidirectional,0.7692307692307693
CO2t_m,8,minimum,-1000.0
CO2t_m,8,maximum,1.9288183637572218
CO2t_m,8,mean_range,1000.7703387390258
CO2t_m,8,mean_midpoint,-499.60648374396743
CO2t_m,8,median_range,1000.7165985217507
CO2t_m,8,median_midpoint,-499.6393270196428
CO2t_m,8,std_range,0.46410850850941415
CO2t_m,8,frac_fixed,0.0
CO2t_m,8,frac_variable,1.0
CO2t_m,8,frac_bidirectional,1.0
CO2t_m,9,minimum,-1000.0
CO2t_m,9,maximum,0.24889710592095657
CO2t_m,9,mean_range,998.7430906774609
CO2t_m,9,mean_midpoint,-500.24825810583593
CO2t_m,9,median_range,999.1650509005779
CO2t_m,9,median_midpoint,-500.24682411780634
CO2t_m,9,std_range,1.301730676279833
CO2t_m,9,frac_fixed,0.0
CO2t_m,9,frac_variable,1.0
CO2t_m,9,frac_bidirectional,0.056451612903225805
CO2t_m,10,minimum,-902.9451958071284
CO2t_m,10,maximum,0.14755130118121404
CO2t_m,10,mean_range,823.2256754168338
CO2t_m,10,mean_midpoint,-417.55696319820396
CO2t_m,10,median_range,823.4722998082232
CO2t_m,10,median_midpoint,-417.67115190506627
CO2t_m,10,std_range,47.64025974280235
CO2t_m,10,frac_fixed,0.0
CO2t_m,10,frac_variable,1.0
CO2t_m,10,frac_bidirectional,0.012195121951219513
CO2t_m,11,minimum,-750.7172634375083
CO2t_m,11,maximum,-12.265822784810137
CO2t_m,11,mean_range,738.4514406526982
CO2t_m,11,mean_midpoint,-381.4915431111592
CO2t_m,11,median_range,738.4514406526982
CO2t_m,11,median_midpoint,-381.4915431111592
CO2t_m,11,std_range,0.0
CO2t_m,11,frac_fixed,0.0
CO2t_m,11,frac_variable,1.0
CO2t_m,11,frac_bidirectional,0.0
CO2t_m,12,minimum,-1000.0
CO2t_m,12,maximum,0.0
CO2t_m,12,mean_range,1000.0
CO2t_m,12,mean_midpoint,-500.0
CO2t_m,12,median_range,1000.0
CO2t_m,12,median_midpoint,-500.0
CO2t_m,12,std_range,0.0
CO2t_m,12,frac_fixed,0.0
CO2t_m,12,frac_variable,1.0
CO2t_m,12,frac_bidirectional,0.0
FTHDF_c,1,minimum,0.0
FTHDF_c,1,maximum,304.1927762719211
FTHDF_c,1,mean_range,295.2205983144959
FTHDF_c,1,mean_midpoint,147.61029915724794
FTHDF_c,1,median_range,298.2165395874556
FTHDF_c,1,median_midpoint,149.1082697937278
FTHDF_c,1,std_range,8.063458252122983
FTHDF_c,1,frac_fixed,0.0
FTHDF_c,1,frac_variable,1.0
FTHDF_c,1,frac_bidirectional,0.0
FTHDF_c,2,minimum,0.9812658227848416
FTHDF_c,2,maximum,274.76150543463524
FTHDF_c,2,mean_range,236.21615733336944
FTHDF_c,2,mean_midpoint,130.3739014514949
FTHDF_c,2,median_range,236.4001446751414
FTHDF_c,2,median_midpoint,130.46589512238086
FTHDF_c,2,std_range,22.80762188712908
FTHDF_c,2,frac_fixed,0.0
FTHDF_c,2,frac_variable,1.0
FTHDF_c,2,frac_bidirectional,0.0
FTHDF_c,3,minimum,0.0
FTHDF_c,3,maximum,303.4512364938697
FTHDF_c,3,mean_range,280.77364326669533
FTHDF_c,3,mean_midpoint,140.38682163334767
FTHDF_c,3,median_range,281.2052085588588
FTHDF_c,3,median_midpoint,140.6026042794294
FTHDF_c,3,std_range,13.273360175018334
FTHDF_c,3,frac_fixed,0.0
FTHDF_c,3,frac_variable,1.0
FTHDF_c,3,frac_bidirectional,0.0
FTHDF_c,4,minimum,0.0
FTHDF_c,4,maximum,257.7883370483507
FTHDF_c,4,mean_range,250.73588857848605
FTHDF_c,4,mean_midpoint,125.36794428924303
FTHDF_c,4,median_range,251.93411917070014
FTHDF_c,4,median_midpoint,125.96705958535007
FTHDF_c,4,std_range,5.918304507883407
FTHDF_c,4,frac_fixed,0.0
FTHDF_c,4,frac_variable,1.0
FTHDF_c,4,frac_bidirectional,0.0
FTHDF_c,5,minimum,2.7516212290850306
FTHDF_c,5,maximum,263.9860545991241
FTHDF_c,5,mean_range,236.56731131923448
FTHDF_c,5,mean_midpoint,128.8616469444096
FTHDF_c,5,median_range,239.11181555049836
FTHDF_c,5,median_midpoint,129.00521988003416
FTHDF_c,5,std_range,14.535691777701956
FTHDF_c,5,frac_fixed,0.0
FTHDF_c,5,frac_variable,1.0
FTHDF_c,5,frac_bidirectional,0.0
FTHDF_c,6,minimum,0.0
FTHDF_c,6,maximum,256.0879074589276
FTHDF_c,6,mean_range,229.8333690832772
FTHDF_c,6,mean_midpoint,123.37494889394766
FTHDF_c,6,median_range,231.35939413794364
FTHDF_c,6,median_midpoint,124.85146942273545
FTHDF_c,6,std_range,15.701145854137671
FTHDF_c,6,frac_fixed,0.0
FTHDF_c,6,frac_variable,1.0
FTHDF_c,6,frac_bidirectional,0.0
FTHDF_c,7,minimum,0.0
FTHDF_c,7,maximum,259.4375699524827
FTHDF_c,7,mean_range,255.35728537449194
FTHDF_c,7,mean_midpoint,127.86574115507625
FTHDF_c,7,median_range,255.37477433963963
FTHDF_c,7,median_midpoint,128.0360154052343
FTHDF_c,7,std_range,2.3503268274854614
FTHDF_c,7,frac_fixed,0.0
FTHDF_c,7,frac_variable,1.0
FTHDF_c,7,frac_bidirectional,0.0
FTHDF_c,8,minimum,0.0
FTHDF_c,8,maximum,303.17242205641526
FTHDF_c,8,mean_range,281.2044237264274
FTHDF_c,8,mean_midpoint,140.6022118632137
FTHDF_c,8,median_range,281.18493193095605
FTHDF_c,8,median_midpoint,140.59246596547803
FTHDF_c,8,std_range,10.905764603118529
FTHDF_c,8,frac_fixed,0.0
FTHDF_c,8,frac_variable,1.0
FTHDF_c,8,frac_bidirectional,0.0
FTHDF_c,9,minimum,0.0
FTHDF_c,9,maximum,276.18131166244905
FTHDF_c,9,mean_range,263.58173183191167
FTHDF_c,9,mean_midpoint,133.59535128242527
FTHDF_c,9,median_range,262.9936665521627
FTHDF_c,9,median_midpoint,133.66751653409068
FTHDF_c,9,std_range,4.82237172689495
FTHDF_c,9,frac_fixed,0.0
FTHDF_c,9,frac_variable,1.0
FTHDF_c,9,frac_bidirectional,0.0
FTHDF_c,10,minimum,0.0
FTHDF_c,10,maximum,225.65212510592485
FTHDF_c,10,mean_range,205.81959698710355
FTHDF_c,10,mean_midpoint,114.87167051352556
FTHDF_c,10,median_range,205.88311064871505
FTHDF_c,10,median_midpoint,114.8834030166054
FTHDF_c,10,std_range,11.915457828006552
FTHDF_c,10,frac_fixed,0.0
FTHDF_c,10,frac_variable,1.0
FTHDF_c,10,frac_bidirectional,0.0
FTHDF_c,11,minimum,24.531645569620277
FTHDF_c,11,maximum,209.14450573279083
FTHDF_c,11,mean_range,184.61286016317055
FTHDF_c,11,mean_midpoint,116.83807565120556
FTHDF_c,11,median_range,184.61286016317055
FTHDF_c,11,median_midpoint,116.83807565120556
FTHDF_c,11,std_range,0.0
FTHDF_c,11,frac_fixed,0.0
FTHDF_c,11,frac_variable,1.0
FTHDF_c,11,frac_bidirectional,0.0
FTHDF_c,12,minimum,0.0
FTHDF_c,12,maximum,304.62208006939
FTHDF_c,12,mean_range,304.62208006939
FTHDF_c,12,mean_midpoint,152.311040034695
FTHDF_c,12,median_range,304.62208006939
FTHDF_c,12,median_midpoint,152.311040034695
FTHDF_c,12,std_range,0.0
FTHDF_c,12,frac_fixed,0.0
FTHDF_c,12,frac_variable,1.0
FTHDF_c,12,frac_bidirectional,0.0
EX_h2o_e,1,minimum,-4.04772151898738
EX_h2o_e,1,maximum,5.602120253164429
EX_h2o_e,1,mean_range,6.185301265822901
EX_h2o_e,1,mean_midpoint,0.4775772151898812
EX_h2o_e,1,median_range,7.258006329113961
EX_h2o_e,1,median_midpoint,0.4398892405063002
EX_h2o_e,1,std_range,2.8000023221569146
EX_h2o_e,1,frac_fixed,0.0
EX_h2o_e,1,frac_variable,1.0
EX_h2o_e,1,frac_bidirectional,1.0
EX_h2o_e,2,minimum,-2.943797468354447
EX_h2o_e,2,maximum,4.346853526220542
EX_h2o_e,2,mean_range,3.864981916817291
EX_h2o_e,2,mean_midpoint,0.39926311030738826
EX_h2o_e,2,median_range,3.8649819168172
EX_h2o_e,2,median_midpoint,0.39926311030733785
EX_h2o_e,2,std_range,2.0620104715769787
EX_h2o_e,2,frac_fixed,0.0
EX_h2o_e,2,frac_variable,1.0
EX_h2o_e,2,frac_bidirectional,1.0
EX_h2o_e,3,minimum,0.04328325441243486
EX_h2o_e,3,maximum,1.7286492331856476
EX_h2o_e,3,mean_range,1.6320697414074565e-13
EX_h2o_e,3,mean_midpoint,0.8816190130260557
EX_h2o_e,3,median_range,7.993605777301127e-14
EX_h2o_e,3,median_midpoint,0.8656650882433912
EX_h2o_e,3,std_range,4.4631816927999615e-13
EX_h2o_e,3,frac_fixed,1.0
EX_h2o_e,3,frac_variable,0.0
EX_h2o_e,3,frac_bidirectional,0.0
EX_h2o_e,4,minimum,1.731330176486157
EX_h2o_e,4,maximum,2.1208794661962163
EX_h2o_e,4,mean_range,3.802086850485536e-13
EX_h2o_e,4,mean_midpoint,1.9375265834104327
EX_h2o_e,4,median_range,1.438849039914203e-13
EX_h2o_e,4,median_midpoint,1.9477464485466922
EX_h2o_e,4,std_range,9.17470513487171e-13
EX_h2o_e,4,frac_fixed,1.0
EX_h2o_e,4,frac_variable,0.0
EX_h2o_e,4,frac_bidirectional,0.0
EX_h2o_e,5,minimum,-2.2075618068598133
EX_h2o_e,5,maximum,3.503756341586986
EX_h2o_e,5,mean_range,2.8283429707743166
EX_h2o_e,5,mean_midpoint,0.7508909628564667
EX_h2o_e,5,median_range,2.7375093870779628
EX_h2o_e,5,median_midpoint,0.7242129227429153
EX_h2o_e,5,std_range,1.1884953624376107
EX_h2o_e,5,frac_fixed,0.0
EX_h2o_e,5,frac_variable,1.0
EX_h2o_e,5,frac_bidirectional,0.8210526315789474
EX_h2o_e,6,minimum,0.12351711106642255
EX_h2o_e,6,maximum,2.739636263043039
EX_h2o_e,6,mean_range,0.8714071852238807
EX_h2o_e,6,mean_midpoint,1.3168519825038802
EX_h2o_e,6,median_range,0.7876162172290704
EX_h2o_e,6,median_midpoint,1.374292498221397
EX_h2o_e,6,std_range,0.5458197079972464
EX_h2o_e,6,frac_fixed,0.0
EX_h2o_e,6,frac_variable,1.0
EX_h2o_e,6,frac_bidirectional,0.0
EX_h2o_e,7,minimum,0.49979433238880233
EX_h2o_e,7,maximum,3.1891873854526978
EX_h2o_e,7,mean_range,1.562471600434113
EX_h2o_e,7,mean_midpoint,1.8655843300379142
EX_h2o_e,7,median_range,1.659298368977046
EX_h2o_e,7,median_midpoint,1.8580156687267055
EX_h2o_e,7,std_range,0.6726960113295873
EX_h2o_e,7,frac_fixed,0.0
EX_h2o_e,7,frac_variable,1.0
EX_h2o_e,7,frac_bidirectional,0.0
EX_h2o_e,8,minimum,-3.924776996733158
EX_h2o_e,8,maximum,5.537573966584958
EX_h2o_e,8,mean_range,4.2126615782230985
EX_h2o_e,8,mean_midpoint,0.9882937745164737
EX_h2o_e,8,median_range,4.118935937940428
EX_h2o_e,8,median_midpoint,0.9882662931450366
EX_h2o_e,8,std_range,2.451115491224438
EX_h2o_e,8,frac_fixed,0.0
EX_h2o_e,8,frac_variable,1.0
EX_h2o_e,8,frac_bidirectional,0.7624113475177305
EX_h2o_e,9,minimum,-2.943511173948451
EX_h2o_e,9,maximum,4.450983053252767
EX_h2o_e,9,mean_range,4.873941560396
EX_h2o_e,9,mean_midpoint,1.1096682987741568
EX_h2o_e,9,median_range,4.917059673323908
EX_h2o_e,9,median_midpoint,1.0905680508160103
EX_h2o_e,9,std_range,1.226634174722676
EX_h2o_e,9,frac_fixed,0.0
EX_h2o_e,9,frac_variable,1.0
EX_h2o_e,9,frac_bidirectional,0.9112903225806451
EX_h2o_e,10,minimum,0.04328325441204204
EX_h2o_e,10,maximum,2.164162720607814
EX_h2o_e,10,mean_range,-1.1819914965493248e-13
EX_h2o_e,10,mean_midpoint,1.1021323873818978
EX_h2o_e,10,median_range,3.730349362740526e-14
EX_h2o_e,10,median_midpoint,1.1037229875102268
EX_h2o_e,10,std_range,3.6559888006495724e-12
EX_h2o_e,10,frac_fixed,1.0
EX_h2o_e,10,frac_variable,0.0
EX_h2o_e,10,frac_bidirectional,0.0
EX_h2o_e,11,minimum,0.0
EX_h2o_e,11,maximum,0.0
EX_h2o_e,11,mean_range,0.0
EX_h2o_e,11,mean_midpoint,0.0
EX_h2o_e,11,median_range,0.0
EX_h2o_e,11,median_midpoint,0.0
EX_h2o_e,11,std_range,0.0
EX_h2o_e,11,frac_fixed,1.0
EX_h2o_e,11,frac_variable,0.0
EX_h2o_e,11,frac_bidirectional,0.0
EX_h2o_e,12,minimum,0.0
EX_h2o_e,12,maximum,0.0
EX_h2o_e,12,mean_range,0.0
EX_h2o_e,12,mean_midpoint,0.0
EX_h2o_e,12,median_range,0.0
EX_h2o_e,12,median_midpoint,0.0
EX_h2o_e,12,std_range,0.0
EX_h2o_e,12,frac_fixed,1.0
EX_h2o_e,12,frac_variable,0.0
EX_h2o_e,12,frac_bidirectional,0.0
H2Ot_e,1,minimum,-5.602120253164557
H2Ot_e,1,maximum,4.0477215189872595
H2Ot_e,1,mean_range,6.185301265822717
H2Ot_e,1,mean_midpoint,-0.4775772151898415
H2Ot_e,1,median_range,7.258006329113859
H2Ot_e,1,median_midpoint,-0.4398892405063699
H2Ot_e,1,std_range,2.8000023221568204
H2Ot_e,1,frac_fixed,0.0
H2Ot_e,1,frac_variable,1.0
H2Ot_e,1,frac_bidirectional,1.0
H2Ot_e,2,minimum,-4.3468535262204995
H2Ot_e,2,maximum,2.9437974683543757
H2Ot_e,2,mean_range,3.8649819168170425
H2Ot_e,2,mean_midpoint,-0.3992631103073951
H2Ot_e,2,median_range,3.8649819168158093
H2Ot_e,2,median_midpoint,-0.39926311030681294
H2Ot_e,2,std_range,2.0620104715768712
H2Ot_e,2,frac_fixed,0.0
H2Ot_e,2,frac_variable,1.0
H2Ot_e,2,frac_bidirectional,1.0
H2Ot_e,3,minimum,-1.7286492331863137
H2Ot_e,3,maximum,-0.04328325441281322
H2Ot_e,3,mean_range,-6.156197145348612e-13
H2Ot_e,3,mean_midpoint,-0.8816190130260394
H2Ot_e,3,median_range,-5.044853423896711e-13
H2Ot_e,3,median_midpoint,-0.8656650882423413
H2Ot_e,3,std_range,2.0020781925241533e-12
H2Ot_e,3,frac_fixed,1.0
H2Ot_e,3,frac_variable,0.0
H2Ot_e,3,frac_bidirectional,0.0
H2Ot_e,4,minimum,-2.1208794661968975
H2Ot_e,4,maximum,-1.7313301764877167
H2Ot_e,4,mean_range,5.705692328862055e-13
H2Ot_e,4,mean_midpoint,-1.9375265834109465
H2Ot_e,4,median_range,7.025491299827991e-13
H2Ot_e,4,median_midpoint,-1.947746448548307
H2Ot_e,4,std_range,1.4845421430490847e-12
H2Ot_e,4,frac_fixed,1.0
H2Ot_e,4,frac_variable,0.0
H2Ot_e,4,frac_bidirectional,0.0
H2Ot_e,5,minimum,-3.5037563415873194
H2Ot_e,5,maximum,2.207561806859644
H2Ot_e,5,mean_range,2.8283429707743477
H2Ot_e,5,mean_midpoint,-0.7508909628564748
H2Ot_e,5,median_range,2.737509387077682
H2Ot_e,5,median_midpoint,-0.7242129227432805
H2Ot_e,5,std_range,1.1884953624376993
H2Ot_e,5,frac_fixed,0.0
H2Ot_e,5,frac_variable,1.0
H2Ot_e,5,frac_bidirectional,0.8210526315789474
H2Ot_e,6,minimum,-2.739636263043028
H2Ot_e,6,maximum,-0.12351711106557789
H2Ot_e,6,mean_range,0.8714071852238503
H2Ot_e,6,mean_midpoint,-1.3168519825038925
H2Ot_e,6,median_range,0.7876162172288753
H2Ot_e,6,median_midpoint,-1.3742924982222626
H2Ot_e,6,std_range,0.5458197079973441
H2Ot_e,6,frac_fixed,0.0
H2Ot_e,6,frac_variable,1.0
H2Ot_e,6,frac_bidirectional,0.0
H2Ot_e,7,minimum,-3.189187385453934
H2Ot_e,7,maximum,-0.49979433238809534
H2Ot_e,7,mean_range,1.5624716004341594
H2Ot_e,7,mean_midpoint,-1.8655843300378503
H2Ot_e,7,median_range,1.6592983689768293
H2Ot_e,7,median_midpoint,-1.858015668726837
H2Ot_e,7,std_range,0.6726960113298717
H2Ot_e,7,frac_fixed,0.0
H2Ot_e,7,frac_variable,1.0
H2Ot_e,7,frac_bidirectional,0.0
H2Ot_e,8,minimum,-5.537573966585301
H2Ot_e,8,maximum,3.9247769967319925
H2Ot_e,8,mean_range,4.212661578223041
H2Ot_e,8,mean_midpoint,-0.988293774516493
H2Ot_e,8,median_range,4.118935937940282
H2Ot_e,8,median_midpoint,-0.9882662931446013
H2Ot_e,8,std_range,2.4511154912243964
H2Ot_e,8,frac_fixed,0.0
H2Ot_e,8,frac_variable,1.0
H2Ot_e,8,frac_bidirectional,0.7624113475177305
H2Ot_e,9,minimum,-4.450983053253431
H2Ot_e,9,maximum,2.9435111739483055
H2Ot_e,9,mean_range,4.873941560396076
H2Ot_e,9,mean_midpoint,-1.1096682987742337
H2Ot_e,9,median_range,4.917059673323834
H2Ot_e,9,median_midpoint,-1.090568050815759
H2Ot_e,9,std_range,1.2266341747224279
H2Ot_e,9,frac_fixed,0.0
H2Ot_e,9,frac_variable,1.0
H2Ot_e,9,frac_bidirectional,0.9112903225806451
H2Ot_e,10,minimum,-2.1641627206059133
H2Ot_e,10,maximum,-0.043283254413111406
H2Ot_e,10,mean_range,2.659806656766835e-13
H2Ot_e,10,mean_midpoint,-1.1021323873823203
H2Ot_e,10,median_range,1.780797731498751e-13
H2Ot_e,10,median_midpoint,-1.1037229875101313
H2Ot_e,10,std_range,5.596734480461957e-12
H2Ot_e,10,frac_fixed,1.0
H2Ot_e,10,frac_variable,0.0
H2Ot_e,10,frac_bidirectional,0.0
H2Ot_e,11,minimum,0.0
H2Ot_e,11,maximum,0.0
H2Ot_e,11,mean_range,0.0
H2Ot_e,11,mean_midpoint,0.0
H2Ot_e,11,median_range,0.0
H2Ot_e,11,median_midpoint,0.0
H2Ot_e,11,std_range,0.0
H2Ot_e,11,frac_fixed,1.0
H2Ot_e,11,frac_variable,0.0
H2Ot_e,11,frac_bidirectional,0.0
H2Ot_e,12,minimum,0.0
H2Ot_e,12,maximum,0.0
H2Ot_e,12,mean_range,0.0
H2Ot_e,12,mean_midpoint,0.0
H2Ot_e,12,median_range,0.0
H2Ot_e,12,median_midpoint,0.0
H2Ot_e,12,std_range,0.0
H2Ot_e,12,frac_fixed,1.0
H2Ot_e,12,frac_variable,0.0
H2Ot_e,12,frac_bidirectional,0.0
CO2t_h,1,minimum,-1.9625316455696264
CO2t_h,1,maximum,1000.0
CO2t_h,1,mean_range,1001.0205164556962
CO2t_h,1,mean_midpoint,499.4897417721519
CO2t_h,1,median_range,1000.9812658227848
CO2t_h,1,median_midpoint,499.5093670886076
CO2t_h,1,std_range,0.591533213165991
CO2t_h,1,frac_fixed,0.0
CO2t_h,1,frac_variable,1.0
CO2t_h,1,frac_bidirectional,0.96
CO2t_h,2,minimum,0.4906329113924812
CO2t_h,2,maximum,1000.0
CO2t_h,2,mean_range,916.1572359239345
CO2t_h,2,mean_midpoint,464.21152935437243
CO2t_h,2,median_range,924.1353888271489
CO2t_h,2,median_midpoint,468.2006058059795
CO2t_h,2,std_range,69.86245261243874
CO2t_h,2,frac_fixed,0.0
CO2t_h,2,frac_variable,1.0
CO2t_h,2,frac_bidirectional,0.0
CO2t_h,3,minimum,5.0349522849437237e-05
CO2t_h,3,maximum,1000.0
CO2t_h,3,mean_range,999.9989744510409
CO2t_h,3,mean_midpoint,500.00051277447955
CO2t_h,3,median_range,999.9989930095463
CO2t_h,3,median_midpoint,500.00050349522684
CO2t_h,3,std_range,0.0005707913195334804
CO2t_h,3,frac_fixed,0.0
CO2t_h,3,frac_variable,1.0
CO2t_h,3,frac_bidirectional,0.0
CO2t_h,4,minimum,0.0020139809081086806
CO2t_h,4,maximum,1000.0
CO2t_h,4,mean_range,992.2152128873284
CO2t_h,4,mean_midpoint,496.1098602838623
CO2t_h,4,median_range,999.9977342714782
CO2t_h,4,median_midpoint,500.00107724765195
CO2t_h,4,std_range,16.402354546274587
CO2t_h,4,frac_fixed,0.0
CO2t_h,4,frac_variable,1.0
CO2t_h,4,frac_bidirectional,0.0
CO2t_h,5,minimum,1.4172201836720022
CO2t_h,5,maximum,997.6207807629778
CO2t_h,5,mean_range,930.2715159539883
CO2t_h,5,mean_midpoint,470.4411497969647
CO2t_h,5,median_range,940.4976524327658
CO2t_h,5,median_midpoint,474.8573200392465
CO2t_h,5,std_range,51.90892538465934
CO2t_h,5,frac_fixed,0.0
CO2t_h,5,frac_variable,1.0
CO2t_h,5,frac_bidirectional,0.0
CO2t_h,6,minimum,-0.06196632556739268
CO2t_h,6,maximum,1000.0
CO2t_h,6,mean_range,914.8882060609237
CO2t_h,6,mean_midpoint,461.71510226450874
CO2t_h,6,median_range,921.1062583463918
CO2t_h,6,median_midpoint,465.0986163246548
CO2t_h,6,std_range,60.48777879792549
CO2t_h,6,frac_fixed,0.0
CO2t_h,6,frac_variable,1.0
CO2t_h,6,frac_bidirectional,0.015
CO2t_h,7,minimum,-0.49243942085492526
CO2t_h,7,maximum,1000.0
CO2t_h,7,mean_range,999.9274539698838
CO2t_h,7,mean_midpoint,499.92528313337397
CO2t_h,7,median_range,1000.115718724238
CO2t_h,7,median_midpoint,499.92110675213405
CO2t_h,7,std_range,0.5692087501090621
CO2t_h,7,frac_fixed,0.0
CO2t_h,7,frac_variable,1.0
CO2t_h,7,frac_bidirectional,0.7307692307692307
CO2t_h,8,minimum,-1.9258169882108427
CO2t_h,8,maximum,1000.0
CO2t_h,8,mean_range,1000.7174697859908
CO2t_h,8,mean_midpoint,499.6412651070046
CO2t_h,8,median_range,1000.6503443272936
CO2t_h,8,median_midpoint,499.6748278363532
CO2t_h,8,std_range,0.4720281021908795
CO2t_h,8,frac_fixed,0.0
CO2t_h,8,frac_variable,1.0
CO2t_h,8,frac_bidirectional,1.0
CO2t_h,9,minimum,-0.1618572150772533
CO2t_h,9,maximum,1000.0
CO2t_h,9,mean_range,998.7202485906403
CO2t_h,9,mean_midpoint,500.28016337071523
CO2t_h,9,median_range,999.1446319777745
CO2t_h,9,median_midpoint,500.29243600320876
CO2t_h,9,std_range,1.2872344502837005
CO2t_h,9,frac_fixed,0.0
CO2t_h,9,frac_variable,1.0
CO2t_h,9,frac_bidirectional,0.04838709677419355
CO2t_h,10,minimum,0.002517476135187574
CO2t_h,10,maximum,903.1098837603312
CO2t_h,10,mean_range,823.2331204519277
CO2t_h,10,mean_midpoint,417.63711049575545
CO2t_h,10,median_range,823.4797555880849
CO2t_h,10,median_midpoint,417.7514148714278
CO2t_h,10,std_range,47.644454663598424
CO2t_h,10,frac_fixed,0.0
CO2t_h,10,frac_variable,1.0
CO2t_h,10,frac_bidirectional,0.0
CO2t_h,11,minimum,12.26582278481007
CO2t_h,11,maximum,750.7172634375441
CO2t_h,11,mean_range,738.451440652734
CO2t_h,11,mean_midpoint,381.4915431111771
CO2t_h,11,median_range,738.451440652734
CO2t_h,11,median_midpoint,381.4915431111771
CO2t_h,11,std_range,0.0
CO2t_h,11,frac_fixed,0.0
CO2t_h,11,frac_variable,1.0
CO2t_h,11,frac_bidirectional,0.0
CO2t_h,12,minimum,0.0
CO2t_h,12,maximum,1000.0
CO2t_h,12,mean_range,1000.0
CO2t_h,12,mean_midpoint,500.0
CO2t_h,12,median_range,1000.0
CO2t_h,12,median_midpoint,500.0
CO2t_h,12,std_range,0.0
CO2t_h,12,frac_fixed,0.0
CO2t_h,12,frac_variable,1.0
CO2t_h,12,frac_bidirectional,0.0
EX_so4_e,1,minimum,-1.5165017261219802
EX_so4_e,1,maximum,0.0
EX_so4_e,1,mean_range,0.9973228998849253
EX_so4_e,1,mean_midpoint,-0.49866144994246264
EX_so4_e,1,median_range,1.1596777905638689
EX_so4_e,1,median_midpoint,-0.5798388952819344
EX_so4_e,1,std_range,0.42663968367144983
EX_so4_e,1,frac_fixed,0.0
EX_so4_e,1,frac_variable,1.0
EX_so4_e,1,frac_bidirectional,0.0
EX_so4_e,2,minimum,-1.0704718066743375
EX_so4_e,2,maximum,0.0
EX_so4_e,2,mean_range,0.5575373993095528
EX_so4_e,2,mean_midpoint,-0.2787686996547764
EX_so4_e,2,median_range,0.5575373993095525
EX_so4_e,2,median_midpoint,-0.27876869965477624
EX_so4_e,2,std_range,0.30875023103826676
EX_so4_e,2,frac_fixed,0.0
EX_so4_e,2,frac_variable,1.0
EX_so4_e,2,frac_bidirectional,0.0
EX_so4_e,3,minimum,-0.025716283574460874
EX_so4_e,3,maximum,-0.0006439041669779044
EX_so4_e,3,mean_range,-8.513106362408748e-15
EX_so4_e,3,mean_midpoint,-0.013115422208492674
EX_so4_e,3,median_range,-3.552713678800501e-15
EX_so4_e,3,median_midpoint,-0.01287808333953322
EX_so4_e,3,std_range,5.867140695172216e-14
EX_so4_e,3,frac_fixed,1.0
EX_so4_e,3,frac_variable,0.0
EX_so4_e,3,frac_bidirectional,0.0
EX_so4_e,4,minimum,-0.031551304182137585
EX_so4_e,4,maximum,-0.025756166679073544
EX_so4_e,4,mean_range,1.0384855368801464e-14
EX_so4_e,4,mean_midpoint,-0.028823651493626336
EX_so4_e,4,median_range,0.0
EX_so4_e,4,median_midpoint,-0.028975687513948856
EX_so4_e,4,std_range,1.0889259382235957e-13
EX_so4_e,4,frac_fixed,1.0
EX_so4_e,4,frac_variable,0.0
EX_so4_e,4,frac_bidirectional,0.0
EX_so4_e,5,minimum,-0.8354121797077241
EX_so4_e,5,maximum,-0.0006439041669779044
EX_so4_e,5,mean_range,0.40322554049958587
EX_so4_e,5,mean_midpoint,-0.20824159420035307
EX_so4_e,5,median_range,0.39039723453338127
EX_so4_e,5,median_midpoint,-0.2045843457107086
EX_so4_e,5,std_range,0.17784972222183348
EX_so4_e,5,frac_fixed,0.0
EX_so4_e,5,frac_variable,1.0
EX_so4_e,5,frac_bidirectional,0.0
EX_so4_e,6,minimum,-0.3545658946953054
EX_so4_e,6,maximum,-0.0019317125009337133
EX_so4_e,6,mean_range,0.11283958412697896
EX_so4_e,6,mean_midpoint,-0.07414325425952287
EX_so4_e,6,median_range,0.09865922435202279
EX_so4_e,6,median_midpoint,-0.06736638580878385
EX_so4_e,6,std_range,0.08022483387410205
EX_so4_e,6,frac_fixed,0.0
EX_so4_e,6,frac_variable,1.0
EX_so4_e,6,frac_bidirectional,0.0
EX_so4_e,7,minimum,-0.4192663367338696
EX_so4_e,7,maximum,-0.02060493334325031
EX_so4_e,7,mean_range,0.2311211905776894
EX_so4_e,7,mean_midpoint,-0.14087098216000582
EX_so4_e,7,median_range,0.24513350452629723
EX_so4_e,7,median_midpoint,-0.1473570626917482
EX_so4_e,7,std_range,0.09723465372713208
EX_so4_e,7,frac_fixed,0.0
EX_so4_e,7,frac_variable,1.0
EX_so4_e,7,frac_bidirectional,0.0
EX_so4_e,8,minimum,-1.4881778965281924
EX_so4_e,8,maximum,-0.0006439041669779044
EX_so4_e,8,mean_range,0.6778425203513738
EX_so4_e,8,mean_midpoint,-0.34868485669339044
EX_so4_e,8,median_range,0.6787542512718225
EX_so4_e,8,median_midpoint,-0.3541973115371846
EX_so4_e,8,std_range,0.3817376259849479
EX_so4_e,8,frac_fixed,0.0
EX_so4_e,8,frac_variable,1.0
EX_so4_e,8,frac_bidirectional,0.0
EX_so4_e,9,minimum,-1.08675096902531
EX_so4_e,9,maximum,-0.0006439041669779044
EX_so4_e,9,mean_range,0.7098608008631645
EX_so4_e,9,mean_midpoint,-0.36422546864842353
EX_so4_e,9,median_range,0.7161927637569292
EX_so4_e,9,median_midpoint,-0.36646713604916314
EX_so4_e,9,std_range,0.18292983173301375
EX_so4_e,9,frac_fixed,0.0
EX_so4_e,9,frac_variable,1.0
EX_so4_e,9,frac_bidirectional,0.0
EX_so4_e,10,minimum,-0.03219520834883127
EX_so4_e,10,maximum,-0.0006439041669779044
EX_so4_e,10,mean_range,6.2605747144716145e-15
EX_so4_e,10,mean_midpoint,-0.01639589366449995
EX_so4_e,10,median_range,0.0
EX_so4_e,10,median_midpoint,-0.016419556257948997
EX_so4_e,10,std_range,2.825363051770689e-14
EX_so4_e,10,frac_fixed,1.0
EX_so4_e,10,frac_variable,0.0
EX_so4_e,10,frac_bidirectional,0.0
EX_so4_e,11,minimum,0.0
EX_so4_e,11,maximum,0.0
EX_so4_e,11,mean_range,0.0
EX_so4_e,11,mean_midpoint,0.0
EX_so4_e,11,median_range,0.0
EX_so4_e,11,median_midpoint,0.0
EX_so4_e,11,std_range,0.0
EX_so4_e,11,frac_fixed,1.0
EX_so4_e,11,frac_variable,0.0
EX_so4_e,11,frac_bidirectional,0.0
EX_so4_e,12,minimum,0.0
EX_so4_e,12,maximum,0.0
EX_so4_e,12,mean_range,0.0
EX_so4_e,12,mean_midpoint,0.0
EX_so4_e,12,median_range,0.0
EX_so4_e,12,median_midpoint,0.0
EX_so4_e,12,std_range,0.0
EX_so4_e,12,frac_fixed,1.0
EX_so4_e,12,frac_variable,0.0
EX_so4_e,12,frac_bidirectional,0.0
MPCt_m,1,minimum,-1000.0
MPCt_m,1,maximum,214.80857344211574
MPCt_m,1,mean_range,1158.191086196069
MPCt_m,1,mean_midpoint,-420.90445690196555
MPCt_m,1,median_range,1168.177838072263
MPCt_m,1,median_midpoint,-415.9110809638684
MPCt_m,1,std_range,42.53499101290016
MPCt_m,1,frac_fixed,0.0
MPCt_m,1,frac_variable,1.0
MPCt_m,1,frac_bidirectional,1.0
MPCt_m,2,minimum,-1000.0
MPCt_m,2,maximum,59.045874741606966
MPCt_m,2,mean_range,941.4489127162906
MPCt_m,2,mean_midpoint,-529.2755436418547
MPCt_m,2,median_range,941.4489127162906
MPCt_m,2,median_midpoint,-529.2755436418547
MPCt_m,2,std_range,70.7850529685626
MPCt_m,2,frac_fixed,0.0
MPCt_m,2,frac_variable,1.0
MPCt_m,2,frac_bidirectional,0.25
MPCt_m,3,minimum,-1000.0
MPCt_m,3,maximum,213.80494597546385
MPCt_m,3,mean_range,1123.094573066782
MPCt_m,3,mean_midpoint,-438.452713466609
MPCt_m,3,median_range,1124.8208342354465
MPCt_m,3,median_midpoint,-437.5895828822768
MPCt_m,3,std_range,53.093440700072634
MPCt_m,3,frac_fixed,0.0
MPCt_m,3,frac_variable,1.0
MPCt_m,3,frac_bidirectional,1.0
MPCt_m,4,minimum,-1000.0
MPCt_m,4,maximum,31.1533481933277
MPCt_m,4,mean_range,1004.3495258782458
MPCt_m,4,mean_midpoint,-497.8252370608771
MPCt_m,4,median_range,1007.736476682804
MPCt_m,4,median_midpoint,-496.131761658598
MPCt_m,4,std_range,20.81511216644346
MPCt_m,4,frac_fixed,0.0
MPCt_m,4,frac_variable,1.0
MPCt_m,4,frac_bidirectional,0.6923076923076923
MPCt_m,5,minimum,-1000.0
MPCt_m,5,maximum,12.3970932504322
MPCt_m,5,mean_range,944.7977385630888
MPCt_m,5,mean_midpoint,-527.6011307184557
MPCt_m,5,median_range,952.9921731363316
MPCt_m,5,median_midpoint,-523.5039134318341
MPCt_m,5,std_range,45.90195597772249
MPCt_m,5,frac_fixed,0.0
MPCt_m,5,frac_variable,1.0
MPCt_m,5,frac_bidirectional,0.0912280701754386
MPCt_m,6,minimum,-1000.0
MPCt_m,6,maximum,3.5409878170193583
MPCt_m,6,mean_range,930.4204995699516
MPCt_m,6,mean_midpoint,-534.7897502150241
MPCt_m,6,median_range,935.0171175457565
MPCt_m,6,median_midpoint,-532.4914412271218
MPCt_m,6,std_range,48.18311653858689
MPCt_m,6,frac_fixed,0.0
MPCt_m,6,frac_variable,1.0
MPCt_m,6,frac_bidirectional,0.02
MPCt_m,7,minimum,-1000.0
MPCt_m,7,maximum,30.958473450092306
MPCt_m,7,mean_range,1014.1871976923417
MPCt_m,7,mean_midpoint,-492.90640115382917
MPCt_m,7,median_range,1013.5627569139729
MPCt_m,7,median_midpoint,-493.21862154301357
MPCt_m,7,std_range,8.827014907551009
MPCt_m,7,frac_fixed,0.0
MPCt_m,7,frac_variable,1.0
MPCt_m,7,frac_bidirectional,0.9615384615384616
MPCt_m,8,minimum,-1000.0
MPCt_m,8,maximum,211.41540307555954
MPCt_m,8,mean_range,1109.2800113464796
MPCt_m,8,mean_midpoint,-445.3599943267604
MPCt_m,8,median_range,1106.762350787244
MPCt_m,8,median_midpoint,-446.6188246063779
MPCt_m,8,std_range,44.35506865002813
MPCt_m,8,frac_fixed,0.0
MPCt_m,8,frac_variable,1.0
MPCt_m,8,frac_bidirectional,1.0
MPCt_m,9,minimum,-1000.0
MPCt_m,9,maximum,66.39895235045016
MPCt_m,9,mean_range,1030.6434746109385
MPCt_m,9,mean_midpoint,-484.6782626945308
MPCt_m,9,median_range,1029.2244797318026
MPCt_m,9,median_midpoint,-485.38776013409864
MPCt_m,9,std_range,13.976948211292713
MPCt_m,9,frac_fixed,0.0
MPCt_m,9,frac_variable,1.0
MPCt_m,9,frac_bidirectional,1.0
MPCt_m,10,minimum,-1000.0
MPCt_m,10,maximum,-75.81846116088431
MPCt_m,10,mean_range,860.3733538705966
MPCt_m,10,mean_midpoint,-569.8133230647018
MPCt_m,10,median_range,860.5959269082106
MPCt_m,10,median_midpoint,-569.7020365458948
MPCt_m,10,std_range,38.25024344982991
MPCt_m,10,frac_fixed,0.0
MPCt_m,10,frac_variable,1.0
MPCt_m,10,frac_bidirectional,0.0
MPCt_m,11,minimum,-1000.0
MPCt_m,11,maximum,-207.7356138020785
MPCt_m,11,mean_range,792.2643861979216
MPCt_m,11,mean_midpoint,-603.8678069010392
MPCt_m,11,median_range,792.2643861979216
MPCt_m,11,median_midpoint,-603.8678069010392
MPCt_m,11,std_range,0.0
MPCt_m,11,frac_fixed,0.0
MPCt_m,11,frac_variable,1.0
MPCt_m,11,frac_bidirectional,0.0
MPCt_m,12,minimum,-1000.0
MPCt_m,12,maximum,218.4883202775594
MPCt_m,12,mean_range,1218.4883202775595
MPCt_m,12,mean_midpoint,-390.7558398612203
MPCt_m,12,median_range,1218.4883202775595
MPCt_m,12,median_midpoint,-390.7558398612203
MPCt_m,12,std_range,0.0
MPCt_m,12,frac_fixed,0.0
MPCt_m,12,frac_variable,1.0
MPCt_m,12,frac_bidirectional,1.0
ANTHt_h,1,minimum,-1.1039240506329138
ANTHt_h,1,maximum,0.0
ANTHt_h,1,mean_range,0.6942455696202494
ANTHt_h,1,mean_midpoint,-0.3471227848101247
ANTHt_h,1,median_range,0.7972784810126581
ANTHt_h,1,median_midpoint,-0.39863924050632904
ANTHt_h,1,std_range,0.32604551761782946
ANTHt_h,1,frac_fixed,0.0
ANTHt_h,1,frac_variable,1.0
ANTHt_h,1,frac_bidirectional,0.0
ANTHt_h,2,minimum,-0.841084990958406
ANTHt_h,2,maximum,0.0
ANTHt_h,2,mean_range,0.4380650994574935
ANTHt_h,2,mean_midpoint,-0.21903254972874675
ANTHt_h,2,median_range,0.4380650994575032
ANTHt_h,2,median_midpoint,-0.2190325497287516
ANTHt_h,2,std_range,0.2425894672443552
ANTHt_h,2,frac_fixed,0.0
ANTHt_h,2,frac_variable,1.0
ANTHt_h,2,frac_bidirectional,0.0
ANTHt_h,3,minimum,-0.004429176935381584
ANTHt_h,3,maximum,-0.00011090115244607875
ANTHt_h,3,mean_range,4.271443317219941e-15
ANTHt_h,3,mean_midpoint,-0.0022589004891363598
ANTHt_h,3,median_range,-1.2988308345507349e-14
ANTHt_h,3,median_midpoint,-0.002218023048922741
ANTHt_h,3,std_range,1.0049054441840223e-13
ANTHt_h,3,frac_fixed,1.0
ANTHt_h,3,frac_variable,0.0
ANTHt_h,3,frac_bidirectional,0.0
ANTHt_h,4,minimum,-0.005434156469688235
ANTHt_h,4,maximum,-0.00443604609784315
ANTHt_h,4,mean_range,-2.842631311962872e-14
ANTHt_h,4,mean_midpoint,-0.004964366333186744
ANTHt_h,4,median_range,-2.0186109728204116e-14
ANTHt_h,4,median_midpoint,-0.004990551860092032
ANTHt_h,4,std_range,8.675899542220622e-14
ANTHt_h,4,frac_fixed,1.0
ANTHt_h,4,frac_variable,0.0
ANTHt_h,4,frac_bidirectional,0.0
ANTHt_h,5,minimum,-0.6556052369556209
ANTHt_h,5,maximum,-0.00011090115244607875
ANTHt_h,5,mean_range,0.3168200675353713
ANTHt_h,5,mean_midpoint,-0.15955173194760422
ANTHt_h,5,median_range,0.30674068427619633
ANTHt_h,5,median_midpoint,-0.1550957322082673
ANTHt_h,5,std_range,0.13973906746001438
ANTHt_h,5,frac_fixed,0.0
ANTHt_h,5,frac_variable,1.0
ANTHt_h,5,frac_bidirectional,0.0
ANTHt_h,6,minimum,-0.26673678218368596
ANTHt_h,6,maximum,-0.0003327034573382362
ANTHt_h,6,mean_range,0.08860460060572592
ANTHt_h,6,mean_midpoint,-0.04735485452394128
ANTHt_h,6,median_range,0.07751796199081372
ANTHt_h,6,median_midpoint,-0.04178424850316215
ANTHt_h,6,std_range,0.06308477765338351
ANTHt_h,6,frac_fixed,0.0
ANTHt_h,6,frac_variable,1.0
ANTHt_h,6,frac_bidirectional,0.0
ANTHt_h,7,minimum,-0.3060660554380871
ANTHt_h,7,maximum,-0.00354883687827452
ANTHt_h,7,mean_range,0.16965931998211609
ANTHt_h,7,mean_midpoint,-0.08918892836797698
ANTHt_h,7,median_range,0.17932134680960637
ANTHt_h,7,median_midpoint,-0.09409671950264634
ANTHt_h,7,std_range,0.07758438500639553
ANTHt_h,7,frac_fixed,0.0
ANTHt_h,7,frac_variable,1.0
ANTHt_h,7,frac_bidirectional,0.0
ANTHt_h,8,minimum,-1.0825364717823116
ANTHt_h,8,maximum,-0.00011090115244607875
ANTHt_h,8,mean_range,0.4695784534476407
ANTHt_h,8,mean_midpoint,-0.2364708342694212
ANTHt_h,8,median_range,0.4548859640067783
ANTHt_h,8,median_midpoint,-0.22905104871385729
ANTHt_h,8,std_range,0.2827955647933172
ANTHt_h,8,frac_fixed,0.0
ANTHt_h,8,frac_variable,1.0
ANTHt_h,8,frac_bidirectional,0.0
ANTHt_h,9,minimum,-0.8534807378268394
ANTHt_h,9,maximum,-0.00011090115244607875
ANTHt_h,9,mean_range,0.5577477721067642
ANTHt_h,9,mean_midpoint,-0.28047479785078916
ANTHt_h,9,median_range,0.5627228858090658
ANTHt_h,9,median_midpoint,-0.2828031578863319
ANTHt_h,9,std_range,0.1437305820759622
ANTHt_h,9,frac_fixed,0.0
ANTHt_h,9,frac_variable,1.0
ANTHt_h,9,frac_bidirectional,0.0
ANTHt_h,10,minimum,-0.00554505762229569
ANTHt_h,10,maximum,-0.00011090115244607875
ANTHt_h,10,mean_range,4.446004078688951e-14
ANTHt_h,10,mean_midpoint,-0.0028239039224235824
ANTHt_h,10,median_range,-8.845788684874734e-15
ANTHt_h,10,median_midpoint,-0.00282797938740738
ANTHt_h,10,std_range,1.1685899242464915e-12
ANTHt_h,10,frac_fixed,1.0
ANTHt_h,10,frac_variable,0.0
ANTHt_h,10,frac_bidirectional,0.0
ANTHt_h,11,minimum,0.0
ANTHt_h,11,maximum,0.0
ANTHt_h,11,mean_range,0.0
ANTHt_h,11,mean_midpoint,0.0
ANTHt_h,11,median_range,0.0
ANTHt_h,11,median_midpoint,0.0
ANTHt_h,11,std_range,0.0
ANTHt_h,11,frac_fixed,1.0
ANTHt_h,11,frac_variable,0.0
ANTHt_h,11,frac_bidirectional,0.0
ANTHt_h,12,minimum,0.0
ANTHt_h,12,maximum,0.0
ANTHt_h,12,mean_range,0.0
ANTHt_h,12,mean_midpoint,0.0
ANTHt_h,12,median_range,0.0
ANTHt_h,12,median_midpoint,0.0
ANTHt_h,12,std_range,0.0
ANTHt_h,12,frac_fixed,1.0
ANTHt_h,12,frac_variable,0.0
ANTHt_h,12,frac_bidirectional,0.0
PGAM_h,1,minimum,-4.415696202536582
PGAM_h,1,maximum,623.6632057571899
PGAM_h,1,mean_range,587.750877637892
PGAM_h,1,mean_midpoint,292.74698312274336
PGAM_h,1,median_range,588.337636136939
PGAM_h,1,median_midpoint,292.6969193342919
PGAM_h,1,std_range,24.721135945084203
PGAM_h,1,frac_fixed,0.0
PGAM_h,1,frac_variable,1.0
PGAM_h,1,frac_bidirectional,0.72
PGAM_h,2,minimum,4.579240506329256
PGAM_h,2,maximum,545.3118322831174
PGAM_h,2,mean_range,479.9443217345936
PGAM_h,2,mean_midpoint,267.69973470695965
PGAM_h,2,median_range,480.6870854476749
PGAM_h,2,median_midpoint,267.3283528504197
PGAM_h,2,std_range,37.5086797217487
PGAM_h,2,frac_fixed,0.0
PGAM_h,2,frac_variable,1.0
PGAM_h,2,frac_bidirectional,0.0
PGAM_h,3,minimum,-4.525896874851961
PGAM_h,3,maximum,624.1528016420427
PGAM_h,3,mean_range,576.1515457317247
PGAM_h,3,mean_midpoint,286.16687867012297
PGAM_h,3,median_range,577.1511622170956
PGAM_h,3,median_midpoint,286.6168841178426
PGAM_h,3,std_range,30.74452438147085
PGAM_h,3,frac_fixed,0.0
PGAM_h,3,frac_variable,1.0
PGAM_h,3,frac_bidirectional,0.8679245283018868
PGAM_h,4,minimum,0.7436186768171886
PGAM_h,4,maximum,523.6552689993837
PGAM_h,4,mean_range,507.74516998484137
PGAM_h,4,mean_midpoint,256.6278467238022
PGAM_h,4,median_range,509.3517723489418
PGAM_h,4,median_midpoint,256.095083768169
PGAM_h,4,std_range,11.283229015917946
PGAM_h,4,frac_fixed,0.0
PGAM_h,4,frac_variable,1.0
PGAM_h,4,frac_bidirectional,0.0
PGAM_h,5,minimum,6.944038743081489
PGAM_h,5,maximum,529.2697521368196
PGAM_h,5,mean_range,479.50940894481465
PGAM_h,5,mean_midpoint,263.2825196709068
PGAM_h,5,median_range,483.56908425419215
PGAM_h,5,median_midpoint,262.79082966495486
PGAM_h,5,std_range,23.516531167951282
PGAM_h,5,frac_fixed,0.0
PGAM_h,5,frac_variable,1.0
PGAM_h,5,frac_bidirectional,0.0
PGAM_h,6,minimum,2.6412023473132464
PGAM_h,6,maximum,510.88202249372637
PGAM_h,6,mean_range,466.54185645539224
PGAM_h,6,mean_midpoint,257.8835583255825
PGAM_h,6,median_range,470.20269238705885
PGAM_h,6,median_midpoint,257.50073956798144
PGAM_h,6,std_range,25.96664071067427
PGAM_h,6,frac_fixed,0.0
PGAM_h,6,frac_variable,1.0
PGAM_h,6,frac_bidirectional,0.0
PGAM_h,7,minimum,0.9344868484141458
PGAM_h,7,maximum,522.1630845131976
PGAM_h,7,mean_range,510.02845297558866
PGAM_h,7,mean_midpoint,257.36936010195126
PGAM_h,7,median_range,509.41332171922556
PGAM_h,7,median_midpoint,257.33357706921095
PGAM_h,7,std_range,5.039514180216309
PGAM_h,7,frac_fixed,0.0
PGAM_h,7,frac_variable,1.0
PGAM_h,7,frac_bidirectional,0.0
PGAM_h,8,minimum,-4.36657433916772
PGAM_h,8,maximum,622.1614175136722
PGAM_h,8,mean_range,561.4530933853383
PGAM_h,8,mean_midpoint,280.4551857306605
PGAM_h,8,median_range,558.5554161989952
PGAM_h,8,median_midpoint,279.24452094236005
PGAM_h,8,std_range,25.367963857705252
PGAM_h,8,frac_fixed,0.0
PGAM_h,8,frac_variable,1.0
PGAM_h,8,frac_bidirectional,0.5585106382978723
PGAM_h,9,minimum,2.6628489722032143
PGAM_h,9,maximum,547.1099061340196
PGAM_h,9,mean_range,522.3585961972935
PGAM_h,9,mean_midpoint,267.05441757495197
PGAM_h,9,median_range,521.746250435132
PGAM_h,9,median_midpoint,267.2415011198666
PGAM_h,9,std_range,8.2766714251988
PGAM_h,9,frac_fixed,0.0
PGAM_h,9,frac_variable,1.0
PGAM_h,9,frac_bidirectional,0.0
PGAM_h,10,minimum,22.07671859774573
PGAM_h,10,maximum,488.18867297294673
PGAM_h,10,mean_range,428.7644716174169
PGAM_h,10,mean_midpoint,261.74074575550134
PGAM_h,10,median_range,428.8205077434381
PGAM_h,10,median_midpoint,261.7308993439449
PGAM_h,10,std_range,21.84282692432513
PGAM_h,10,frac_fixed,0.0
PGAM_h,10,frac_variable,1.0
PGAM_h,10,frac_bidirectional,0.0
PGAM_h,11,minimum,73.59493670886238
PGAM_h,11,maximum,463.59421841541973
PGAM_h,11,mean_range,389.9992817065573
PGAM_h,11,mean_midpoint,268.59457756214107
PGAM_h,11,median_range,389.9992817065573
PGAM_h,11,median_midpoint,268.59457756214107
PGAM_h,11,std_range,0.0
PGAM_h,11,frac_fixed,0.0
PGAM_h,11,frac_variable,1.0
PGAM_h,11,frac_bidirectional,0.0
PGAM_h,12,minimum,-4.661012658227687
PGAM_h,12,maximum,626.0860780221341
PGAM_h,12,mean_range,630.7470906803618
PGAM_h,12,mean_midpoint,310.7125326819532
PGAM_h,12,median_range,630.7470906803618
PGAM_h,12,median_midpoint,310.7125326819532
PGAM_h,12,std_range,0.0
PGAM_h,12,frac_fixed,0.0
PGAM_h,12,frac_variable,1.0
PGAM_h,12,frac_bidirectional,1.0
MTHFC_c,1,minimum,-12.265822784810105
MTHFC_c,1,maximum,0.0
MTHFC_c,1,mean_range,6.378227848101227
MTHFC_c,1,mean_midpoint,-3.1891139240506137
MTHFC_c,1,median_range,6.378227848101275
MTHFC_c,1,median_midpoint,-3.1891139240506376
MTHFC_c,1,std_range,3.5380042389110065
MTHFC_c,1,frac_fixed,0.0
MTHFC_c,1,frac_variable,1.0
MTHFC_c,1,frac_bidirectional,0.0
MTHFC_c,2,minimum,-24.041012658227807
MTHFC_c,2,maximum,-0.9812658227848283
MTHFC_c,2,mean_range,6.132911392405055
MTHFC_c,2,mean_midpoint,-15.332278481012672
MTHFC_c,2,median_range,6.132911392405035
MTHFC_c,2,median_midpoint,-15.332278481012661
MTHFC_c,2,std_range,3.396252541420965
MTHFC_c,2,frac_fixed,0.0
MTHFC_c,2,frac_variable,1.0
MTHFC_c,2,frac_bidirectional,0.0
MTHFC_c,3,minimum,-0.02209542793257329
MTHFC_c,3,maximum,-0.0005532423872860059
MTHFC_c,3,mean_range,6.737629363299791e-14
MTHFC_c,3,mean_midpoint,-0.011268769274939987
MTHFC_c,3,median_range,1.6295992333326126e-14
MTHFC_c,3,median_midpoint,-0.01106484774598845
MTHFC_c,3,std_range,8.967267159369936e-13
MTHFC_c,3,frac_fixed,1.0
MTHFC_c,3,frac_variable,0.0
MTHFC_c,3,frac_bidirectional,0.0
MTHFC_c,4,minimum,-0.02710887697428177
MTHFC_c,4,maximum,-0.022129695491198653
MTHFC_c,4,mean_range,-2.930246857123765e-13
MTHFC_c,4,mean_midpoint,-0.024765278096013588
MTHFC_c,4,median_range,-2.9726221484338566e-14
MTHFC_c,4,median_midpoint,-0.024895907427062686
MTHFC_c,4,std_range,1.1225374999535264e-12
MTHFC_c,4,frac_fixed,1.0
MTHFC_c,4,frac_variable,0.0
MTHFC_c,4,frac_bidirectional,0.0
MTHFC_c,5,minimum,-23.869578060590555
MTHFC_c,5,maximum,-2.8462064942333294
MTHFC_c,5,mean_range,4.435480945495223
MTHFC_c,5,mean_midpoint,-12.833182927303142
MTHFC_c,5,median_range,4.294369579868997
MTHFC_c,5,median_midpoint,-12.550550643006964
MTHFC_c,5,std_range,1.9563469444402903
MTHFC_c,5,frac_fixed,0.0
MTHFC_c,5,frac_variable,1.0
MTHFC_c,5,frac_bidirectional,0.0
MTHFC_c,6,minimum,-23.036075953923106
MTHFC_c,6,maximum,-0.025449149814872056
MTHFC_c,6,mean_range,1.2385662396982566
MTHFC_c,6,mean_midpoint,-9.174901099184247
MTHFC_c,6,median_range,1.085251467871735
MTHFC_c,6,median_midpoint,-8.363540411563154
MTHFC_c,6,std_range,0.8847391659359752
MTHFC_c,6,frac_fixed,0.0
MTHFC_c,6,frac_variable,1.0
MTHFC_c,6,frac_bidirectional,0.0
MTHFC_c,7,minimum,-5.308016926254462
MTHFC_c,7,maximum,-0.019363483554782835
MTHFC_c,7,mean_range,1.8732622443499862
MTHFC_c,7,mean_midpoint,-1.1749333646784117
MTHFC_c,7,median_range,1.8158744142251755
MTHFC_c,7,median_midpoint,-0.960851547317301
MTHFC_c,7,std_range,1.074522885818939
MTHFC_c,7,frac_fixed,0.0
MTHFC_c,7,frac_variable,1.0
MTHFC_c,7,frac_bidirectional,0.0
MTHFC_c,8,minimum,-11.60375527578179
MTHFC_c,8,maximum,-0.0005532423869165236
MTHFC_c,8,mean_range,4.224451911683821
MTHFC_c,8,mean_midpoint,-2.1206148368632216
MTHFC_c,8,median_range,3.8210776460525606
MTHFC_c,8,median_midpoint,-1.922710155546416
MTHFC_c,8,std_range,2.852551046213534
MTHFC_c,8,frac_fixed,0.0
MTHFC_c,8,frac_variable,1.0
MTHFC_c,8,frac_bidirectional,0.0
MTHFC_c,9,minimum,-14.54755274413611
MTHFC_c,9,maximum,-0.010511605358311013
MTHFC_c,9,mean_range,7.795588730125237
MTHFC_c,9,mean_midpoint,-5.750845237650342
MTHFC_c,9,median_range,7.87812040132349
MTHFC_c,9,median_midpoint,-5.920950308232925
MTHFC_c,9,std_range,2.0241769089690913
MTHFC_c,9,frac_fixed,0.0
MTHFC_c,9,frac_variable,1.0
MTHFC_c,9,frac_bidirectional,0.0
MTHFC_c,10,minimum,-24.04156590061514
MTHFC_c,10,maximum,-0.027662119363783377
MTHFC_c,10,mean_range,-2.29424203212494e-13
MTHFC_c,10,mean_midpoint,-12.052623764453477
MTHFC_c,10,median_range,-1.3722356584366935e-13
MTHFC_c,10,median_midpoint,-12.034614009988836
MTHFC_c,10,std_range,1.0647368664667523e-12
MTHFC_c,10,frac_fixed,1.0
MTHFC_c,10,frac_variable,0.0
MTHFC_c,10,frac_bidirectional,0.0
MTHFC_c,11,minimum,-24.531645569620256
MTHFC_c,11,maximum,-24.531645569620267
MTHFC_c,11,mean_range,-1.0658141036401503e-14
MTHFC_c,11,mean_midpoint,-24.53164556962026
MTHFC_c,11,median_range,-1.0658141036401503e-14
MTHFC_c,11,median_midpoint,-24.53164556962026
MTHFC_c,11,std_range,0.0
MTHFC_c,11,frac_fixed,1.0
MTHFC_c,11,frac_variable,0.0
MTHFC_c,11,frac_bidirectional,0.0
MTHFC_c,12,minimum,0.0
MTHFC_c,12,maximum,0.0
MTHFC_c,12,mean_range,0.0
MTHFC_c,12,mean_midpoint,0.0
MTHFC_c,12,median_range,0.0
MTHFC_c,12,median_midpoint,0.0
MTHFC_c,12,std_range,0.0
MTHFC_c,12,frac_fixed,1.0
MTHFC_c,12,frac_variable,0.0
MTHFC_c,12,frac_bidirectional,0.0
ANPRT_c,1,minimum,0.0
ANPRT_c,1,maximum,1.1039240506329158
ANPRT_c,1,mean_range,0.6942455696202449
ANPRT_c,1,mean_midpoint,0.34712278481012243
ANPRT_c,1,median_range,0.7972784810126595
ANPRT_c,1,median_midpoint,0.39863924050632976
ANPRT_c,1,std_range,0.32604551761783146
ANPRT_c,1,frac_fixed,0.0
ANPRT_c,1,frac_variable,1.0
ANPRT_c,1,frac_bidirectional,0.0
ANPRT_c,2,minimum,0.0
ANPRT_c,2,maximum,0.8410849909583639
ANPRT_c,2,mean_range,0.4380650994574571
ANPRT_c,2,mean_midpoint,0.21903254972872854
ANPRT_c,2,median_range,0.4380650994575067
ANPRT_c,2,median_midpoint,0.21903254972875336
ANPRT_c,2,std_range,0.24258946724434768
ANPRT_c,2,frac_fixed,0.0
ANPRT_c,2,frac_variable,1.0
ANPRT_c,2,frac_bidirectional,0.0
ANPRT_c,3,minimum,0.00011090115244607875
ANPRT_c,3,maximum,0.004429176935575211
ANPRT_c,3,mean_range,-2.6110877997637038e-14
ANPRT_c,3,mean_midpoint,0.002258900489121169
ANPRT_c,3,median_range,-5.213537934700696e-14
ANPRT_c,3,median_midpoint,0.0022180230489299716
ANPRT_c,3,std_range,1.7687537662023008e-13
ANPRT_c,3,frac_fixed,1.0
ANPRT_c,3,frac_variable,0.0
ANPRT_c,3,frac_bidirectional,0.0
ANPRT_c,4,minimum,0.00443604609784315
ANPRT_c,4,maximum,0.005434156469860066
ANPRT_c,4,mean_range,1.0049366520560919e-13
ANPRT_c,4,mean_midpoint,0.004964366333251204
ANPRT_c,4,median_range,8.165950554639423e-14
ANPRT_c,4,median_midpoint,0.004990551860039088
ANPRT_c,4,std_range,1.2760512484571356e-13
ANPRT_c,4,frac_fixed,1.0
ANPRT_c,4,frac_variable,0.0
ANPRT_c,4,frac_bidirectional,0.0
ANPRT_c,5,minimum,0.00011090115244607875
ANPRT_c,5,maximum,0.6556052369555285
ANPRT_c,5,mean_range,0.31682006753537695
ANPRT_c,5,mean_midpoint,0.15955173194760708
ANPRT_c,5,median_range,0.3067406842762931
ANPRT_c,5,median_midpoint,0.1550957322081899
ANPRT_c,5,std_range,0.13973906746000136
ANPRT_c,5,frac_fixed,0.0
ANPRT_c,5,frac_variable,1.0
ANPRT_c,5,frac_bidirectional,0.0
ANPRT_c,6,minimum,0.0003327034573382362
ANPRT_c,6,maximum,0.26673678218395175
ANPRT_c,6,mean_range,0.08860460060574096
ANPRT_c,6,mean_midpoint,0.047354854523948796
ANPRT_c,6,median_range,0.07751796199086289
ANPRT_c,6,median_midpoint,0.04178424850319809
ANPRT_c,6,std_range,0.06308477765341507
ANPRT_c,6,frac_fixed,0.0
ANPRT_c,6,frac_variable,1.0
ANPRT_c,6,frac_bidirectional,0.0
ANPRT_c,7,minimum,0.00354883687827452
ANPRT_c,7,maximum,0.3060660554371666
ANPRT_c,7,mean_range,0.16965931998216574
ANPRT_c,7,mean_midpoint,0.08918892836800184
ANPRT_c,7,median_range,0.17932134680979211
ANPRT_c,7,median_midpoint,0.0940967195027392
ANPRT_c,7,std_range,0.07758438500631025
ANPRT_c,7,frac_fixed,0.0
ANPRT_c,7,frac_variable,1.0
ANPRT_c,7,frac_bidirectional,0.0
ANPRT_c,8,minimum,0.00011090115244607875
ANPRT_c,8,maximum,1.0825364717823505
ANPRT_c,8,mean_range,0.46957845344764165
ANPRT_c,8,mean_midpoint,0.2364708342694217
ANPRT_c,8,median_range,0.45488596400673365
ANPRT_c,8,median_midpoint,0.22905104871383497
ANPRT_c,8,std_range,0.2827955647933253
ANPRT_c,8,frac_fixed,0.0
ANPRT_c,8,frac_variable,1.0
ANPRT_c,8,frac_bidirectional,0.0
ANPRT_c,9,minimum,0.00011090115244607875
ANPRT_c,9,maximum,0.8534807378267681
ANPRT_c,9,mean_range,0.5577477721068186
ANPRT_c,9,mean_midpoint,0.28047479785081647
ANPRT_c,9,median_range,0.5627228858090217
ANPRT_c,9,median_midpoint,0.2828031578863099
ANPRT_c,9,std_range,0.1437305820758964
ANPRT_c,9,frac_fixed,0.0
ANPRT_c,9,frac_variable,1.0
ANPRT_c,9,frac_bidirectional,0.0
ANPRT_c,10,minimum,0.00011090115244607875
ANPRT_c,10,maximum,0.005545057622091676
ANPRT_c,10,mean_range,2.1723524440436537e-14
ANPRT_c,10,mean_midpoint,0.0028239039224122143
ANPRT_c,10,median_range,4.872404563149857e-15
ANPRT_c,10,median_midpoint,0.002827979387329869
ANPRT_c,10,std_range,2.349003738153866e-13
ANPRT_c,10,frac_fixed,1.0
ANPRT_c,10,frac_variable,0.0
ANPRT_c,10,frac_bidirectional,0.0
ANPRT_c,11,minimum,0.0
ANPRT_c,11,maximum,0.0
ANPRT_c,11,mean_range,0.0
ANPRT_c,11,mean_midpoint,0.0
ANPRT_c,11,median_range,0.0
ANPRT_c,11,median_midpoint,0.0
ANPRT_c,11,std_range,0.0
ANPRT_c,11,frac_fixed,1.0
ANPRT_c,11,frac_variable,0.0
ANPRT_c,11,frac_bidirectional,0.0
ANPRT_c,12,minimum,0.0
ANPRT_c,12,maximum,0.0
ANPRT_c,12,mean_range,0.0
ANPRT_c,12,mean_midpoint,0.0
ANPRT_c,12,median_range,0.0
ANPRT_c,12,median_midpoint,0.0
ANPRT_c,12,std_range,0.0
ANPRT_c,12,frac_fixed,1.0
ANPRT_c,12,frac_variable,0.0
ANPRT_c,12,frac_bidirectional,0.0
O2t_e,1,minimum,-12.265822784810128
O2t_e,1,maximum,-0.24531645569619087
O2t_e,1,mean_range,5.485275949366926
O2t_e,1,mean_midpoint,-5.931751898734103
O2t_e,1,median_range,6.378227848101263
O2t_e,1,median_midpoint,-6.697139240505193
O2t_e,1,std_range,2.346518260192943
O2t_e,1,frac_fixed,0.0
O2t_e,1,frac_variable,1.0
O2t_e,1,frac_bidirectional,0.0
O2t_e,2,minimum,-12.265822784810128
O2t_e,2,maximum,-6.378227848101286
O2t_e,2,mean_range,3.066455696202528
O2t_e,2,mean_midpoint,-10.732594936708864
O2t_e,2,median_range,3.066455696202535
O2t_e,2,median_midpoint,-10.73259493670886
O2t_e,2,std_range,1.6981262707104692
O2t_e,2,frac_fixed,0.0
O2t_e,2,frac_variable,1.0
O2t_e,2,frac_bidirectional,0.0
O2t_e,3,minimum,-9.404499026522045
O2t_e,3,maximum,-0.23547710904482066
O2t_e,3,mean_range,3.056674410439676e-14
O2t_e,3,mean_midpoint,-4.796337504797555
O2t_e,3,median_range,5.684341886080802e-14
O2t_e,3,median_midpoint,-4.70954218090497
O2t_e,3,std_range,6.80565561044333e-13
O2t_e,3,frac_fixed,1.0
O2t_e,3,frac_variable,0.0
O2t_e,3,frac_bidirectional,0.0
O2t_e,4,minimum,-11.538378343221172
O2t_e,4,maximum,-9.419084361813473
O2t_e,4,mean_range,2.3174624612483266e-13
O2t_e,4,mean_midpoint,-10.540870014425563
O2t_e,4,median_range,2.611244553918368e-13
O2t_e,4,median_midpoint,-10.596469907039776
O2t_e,4,std_range,5.460719507925804e-13
O2t_e,4,frac_fixed,1.0
O2t_e,4,frac_variable,0.0
O2t_e,4,frac_bidirectional,0.0
O2t_e,5,minimum,-12.255983438159253
O2t_e,5,maximum,-7.658460048953001
O2t_e,5,mean_range,2.2177404727476966
O2t_e,5,mean_midpoint,-11.055659063967264
O2t_e,5,median_range,2.1471847899337373
O2t_e,5,median_midpoint,-11.052467194755177
O2t_e,5,std_range,0.9781734722200287
O2t_e,5,frac_fixed,0.0
O2t_e,5,frac_variable,1.0
O2t_e,5,frac_bidirectional,0.0
O2t_e,6,minimum,-12.2363047448575
O2t_e,6,maximum,-10.126774152010487
O2t_e,6,mean_range,0.6206177126983349
O2t_e,6,mean_midpoint,-11.681294393983602
O2t_e,6,median_range,0.5426257339361849
O2t_e,6,median_midpoint,-11.69503090542934
O2t_e,6,std_range,0.44123658630752566
O2t_e,6,frac_fixed,0.0
O2t_e,6,frac_variable,1.0
O2t_e,6,frac_bidirectional,0.0
O2t_e,7,minimum,-11.950963691982098
O2t_e,7,maximum,-9.509591207741343
O2t_e,7,mean_range,1.2711665481769205
O2t_e,7,mean_midpoint,-10.936553924608775
O2t_e,7,median_range,1.3482342748947644
O2t_e,7,median_midpoint,-11.05500055439415
O2t_e,7,std_range,0.5347905954992942
O2t_e,7,frac_fixed,0.0
O2t_e,7,frac_variable,1.0
O2t_e,7,frac_bidirectional,0.0
O2t_e,8,minimum,-12.255983438159253
O2t_e,8,maximum,-0.39479964472809925
O2t_e,8,mean_range,3.72813386193259
O2t_e,8,mean_midpoint,-7.546860682119541
O2t_e,8,median_range,3.733148381995017
O2t_e,8,median_midpoint,-8.361368161546867
O2t_e,8,std_range,2.099556942917036
O2t_e,8,frac_fixed,0.0
O2t_e,8,frac_variable,1.0
O2t_e,8,frac_bidirectional,0.0
O2t_e,9,minimum,-12.255983438159253
O2t_e,9,maximum,-6.282394581438622
O2t_e,9,mean_range,3.9042344047474806
O2t_e,9,mean_midpoint,-10.17166985255681
O2t_e,9,median_range,3.9390602006631896
O2t_e,9,median_midpoint,-10.158948639223025
O2t_e,9,std_range,1.0061140745316974
O2t_e,9,frac_fixed,0.0
O2t_e,9,frac_variable,1.0
O2t_e,9,frac_bidirectional,0.0
O2t_e,10,minimum,-12.255983438159253
O2t_e,10,maximum,-11.773855452266332
O2t_e,10,mean_range,5.0257900822055864e-15
O2t_e,10,mean_midpoint,-12.015281027682898
O2t_e,10,median_range,0.0
O2t_e,10,median_midpoint,-12.014919445212794
O2t_e,10,std_range,1.4765247308414001e-13
O2t_e,10,frac_fixed,1.0
O2t_e,10,frac_variable,0.0
O2t_e,10,frac_bidirectional,0.0
O2t_e,11,minimum,-12.265822784810128
O2t_e,11,maximum,-12.265822784810128
O2t_e,11,mean_range,0.0
O2t_e,11,mean_midpoint,-12.265822784810128
O2t_e,11,median_range,0.0
O2t_e,11,median_midpoint,-12.265822784810128
O2t_e,11,std_range,0.0
O2t_e,11,frac_fixed,1.0
O2t_e,11,frac_variable,0.0
O2t_e,11,frac_bidirectional,0.0
O2t_e,12,minimum,0.0
O2t_e,12,maximum,0.0
O2t_e,12,mean_range,0.0
O2t_e,12,mean_midpoint,0.0
O2t_e,12,median_range,0.0
O2t_e,12,median_midpoint,0.0
O2t_e,12,std_range,0.0
O2t_e,12,frac_fixed,1.0
O2t_e,12,frac_variable,0.0
O2t_e,12,frac_bidirectional,0.0
PRAIC_c,1,minimum,-0.2222222222222232
PRAIC_c,1,maximum,0.0
PRAIC_c,1,mean_range,0.1650430379746829
PRAIC_c,1,mean_midpoint,-0.08252151898734145
PRAIC_c,1,median_range,0.20443037974683514
PRAIC_c,1,median_midpoint,-0.10221518987341757
PRAIC_c,1,std_range,0.06877785449463301
PRAIC_c,1,frac_fixed,0.0
PRAIC_c,1,frac_variable,1.0
PRAIC_c,1,frac_bidirectional,0.0
PRAIC_c,2,minimum,-0.19625316455696218
PRAIC_c,2,maximum,0.0
PRAIC_c,2,mean_range,0.10221518987341849
PRAIC_c,2,mean_midpoint,-0.051107594936709244
PRAIC_c,2,median_range,0.10221518987341915
PRAIC_c,2,median_midpoint,-0.05110759493670958
PRAIC_c,2,std_range,0.056604209023681094
PRAIC_c,2,frac_fixed,0.0
PRAIC_c,2,frac_variable,1.0
PRAIC_c,2,frac_bidirectional,0.0
PRAIC_c,3,minimum,-0.00952533543523255
PRAIC_c,3,maximum,-0.00023850270436582486
PRAIC_c,3,mean_range,7.657459122044378e-15
PRAIC_c,3,mean_midpoint,-0.004857964625755526
PRAIC_c,3,median_range,1.7763568394002505e-15
PRAIC_c,3,median_midpoint,-0.004770054087177978
PRAIC_c,3,std_range,4.649932201223606e-14
PRAIC_c,3,frac_fixed,1.0
PRAIC_c,3,frac_variable,0.0
PRAIC_c,3,frac_bidirectional,0.0
PRAIC_c,4,minimum,-0.011686632513635933
PRAIC_c,4,maximum,-0.009540108174398904
PRAIC_c,4,mean_range,4.839611617440526e-15
PRAIC_c,4,mean_midpoint,-0.01067630741238239
PRAIC_c,4,median_range,3.2959746043559335e-15
PRAIC_c,4,median_midpoint,-0.010732621696205943
PRAIC_c,4,std_range,7.44378219183898e-15
PRAIC_c,4,frac_fixed,1.0
PRAIC_c,4,frac_variable,0.0
PRAIC_c,4,frac_bidirectional,0.0
PRAIC_c,5,minimum,-0.15339980682724672
PRAIC_c,5,maximum,-0.0002385027043487753
PRAIC_c,5,mean_range,0.07392468242492399
PRAIC_c,5,mean_midpoint,-0.039417663789977464
PRAIC_c,5,median_range,0.07157282633111835
PRAIC_c,5,median_midpoint,-0.03919503639071044
PRAIC_c,5,std_range,0.03260578240733712
PRAIC_c,5,frac_fixed,0.0
PRAIC_c,5,frac_variable,1.0
PRAIC_c,5,frac_bidirectional,0.0
PRAIC_c,6,minimum,-0.0686173555732354
PRAIC_c,6,maximum,-0.0007155081130806688
PRAIC_c,6,mean_range,0.020681545853528903
PRAIC_c,6,mean_midpoint,-0.016905559864270142
PRAIC_c,6,median_range,0.018087524464539873
PRAIC_c,6,median_midpoint,-0.016043633172168066
PRAIC_c,6,std_range,0.01471300209438466
PRAIC_c,6,frac_fixed,0.0
PRAIC_c,6,frac_variable,1.0
PRAIC_c,6,frac_bidirectional,0.0
PRAIC_c,7,minimum,-0.07906994061193562
PRAIC_c,7,maximum,-0.00763208653950187
PRAIC_c,7,mean_range,0.04113442111254571
PRAIC_c,7,mean_midpoint,-0.029942201473805642
PRAIC_c,7,median_range,0.04366376627082691
PRAIC_c,7,median_midpoint,-0.031119579439263977
PRAIC_c,7,std_range,0.017831737822963923
PRAIC_c,7,frac_fixed,0.0
PRAIC_c,7,frac_variable,1.0
PRAIC_c,7,frac_bidirectional,0.0
PRAIC_c,8,minimum,-0.22049178323733543
PRAIC_c,8,maximum,-0.00023850270434184012
PRAIC_c,8,mean_range,0.1165018645668773
PRAIC_c,8,mean_midpoint,-0.06186737754529101
PRAIC_c,8,median_range,0.11759210611213641
PRAIC_c,8,median_midpoint,-0.06289166220857732
PRAIC_c,8,std_range,0.06558530975262698
PRAIC_c,8,frac_fixed,0.0
PRAIC_c,8,frac_variable,1.0
PRAIC_c,8,frac_bidirectional,0.0
PRAIC_c,9,minimum,-0.19935813126172316
PRAIC_c,9,maximum,-0.00023850270429193188
PRAIC_c,9,mean_range,0.13014114682490951
PRAIC_c,9,mean_midpoint,-0.06851347535442705
PRAIC_c,9,median_range,0.1313020066887552
PRAIC_c,9,median_midpoint,-0.06884226766752849
PRAIC_c,9,std_range,0.03353713581771138
PRAIC_c,9,frac_fixed,0.0
PRAIC_c,9,frac_variable,1.0
PRAIC_c,9,frac_bidirectional,0.0
PRAIC_c,10,minimum,-0.011925135217995575
PRAIC_c,10,maximum,-0.00023850270435454846
PRAIC_c,10,mean_range,1.86274263078969e-15
PRAIC_c,10,mean_midpoint,-0.006073054314496348
PRAIC_c,10,median_range,2.8959040027087823e-16
PRAIC_c,10,median_midpoint,-0.006081818961179541
PRAIC_c,10,std_range,8.696760962262857e-14
PRAIC_c,10,frac_fixed,1.0
PRAIC_c,10,frac_variable,0.0
PRAIC_c,10,frac_bidirectional,0.0
PRAIC_c,11,minimum,0.0
PRAIC_c,11,maximum,0.0
PRAIC_c,11,mean_range,0.0
PRAIC_c,11,mean_midpoint,0.0
PRAIC_c,11,median_range,0.0
PRAIC_c,11,median_midpoint,0.0
PRAIC_c,11,std_range,0.0
PRAIC_c,11,frac_fixed,1.0
PRAIC_c,11,frac_variable,0.0
PRAIC_c,11,frac_bidirectional,0.0
PRAIC_c,12,minimum,0.0
PRAIC_c,12,maximum,0.0
PRAIC_c,12,mean_range,0.0
PRAIC_c,12,mean_midpoint,0.0
PRAIC_c,12,median_range,0.0
PRAIC_c,12,median_midpoint,0.0
PRAIC_c,12,std_range,0.0
PRAIC_c,12,frac_fixed,1.0
PRAIC_c,12,frac_variable,0.0
PRAIC_c,12,frac_bidirectional,0.0
EX_pi_e,1,minimum,-0.22
EX_pi_e,1,maximum,0.0
EX_pi_e,1,mean_range,0.22
EX_pi_e,1,mean_midpoint,-0.11
EX_pi_e,1,median_range,0.22
EX_pi_e,1,median_midpoint,-0.11
EX_pi_e,1,std_range,0.0
EX_pi_e,1,frac_fixed,0.0
EX_pi_e,1,frac_variable,1.0
EX_pi_e,1,frac_bidirectional,0.0
EX_pi_e,2,minimum,-0.22
EX_pi_e,2,maximum,0.0
EX_pi_e,2,mean_range,0.22
EX_pi_e,2,mean_midpoint,-0.11
EX_pi_e,2,median_range,0.22
EX_pi_e,2,median_midpoint,-0.11
EX_pi_e,2,std_range,0.0
EX_pi_e,2,frac_fixed,0.0
EX_pi_e,2,frac_variable,1.0
EX_pi_e,2,frac_bidirectional,0.0
EX_pi_e,3,minimum,-0.03590601793082726
EX_pi_e,3,maximum,-0.0008990426046295852
EX_pi_e,3,mean_range,-3.432055478388408e-14
EX_pi_e,3,mean_midpoint,-0.018312233321972342
EX_pi_e,3,median_range,-2.842170943040401e-14
EX_pi_e,3,median_midpoint,-0.017980852091817212
EX_pi_e,3,std_range,2.468926880140971e-13
EX_pi_e,3,frac_fixed,1.0
EX_pi_e,3,frac_variable,0.0
EX_pi_e,3,frac_bidirectional,0.0
EX_pi_e,4,minimum,-0.04405308762510174
EX_pi_e,4,maximum,-0.03596170418376232
EX_pi_e,4,mean_range,6.230913221280879e-14
EX_pi_e,4,mean_midpoint,-0.040244638941282704
EX_pi_e,4,median_range,4.263256414560601e-14
EX_pi_e,4,median_midpoint,-0.04045691720715894
EX_pi_e,4,std_range,3.9593878020387863e-13
EX_pi_e,4,frac_fixed,1.0
EX_pi_e,4,frac_variable,0.0
EX_pi_e,4,frac_bidirectional,0.0
EX_pi_e,5,minimum,-0.22
EX_pi_e,5,maximum,-0.0008990426045016875
EX_pi_e,5,mean_range,0.21057928379211807
EX_pi_e,5,mean_midpoint,-0.11454504892018191
EX_pi_e,5,median_range,0.21190861655862506
EX_pi_e,5,median_midpoint,-0.11404569172067681
EX_pi_e,5,std_range,0.006606928847574135
EX_pi_e,5,frac_fixed,0.0
EX_pi_e,5,frac_variable,1.0
EX_pi_e,5,frac_bidirectional,0.0
EX_pi_e,6,minimum,-0.22
EX_pi_e,6,maximum,-0.0026971278138034904
EX_pi_e,6,mean_range,0.18435409163109803
EX_pi_e,6,mean_midpoint,-0.11692319350697612
EX_pi_e,6,median_range,0.1934782431645641
EX_pi_e,6,median_midpoint,-0.12213707516199492
EX_pi_e,6,std_range,0.03748641866843482
EX_pi_e,6,frac_fixed,0.0
EX_pi_e,6,frac_variable,1.0
EX_pi_e,6,frac_bidirectional,0.0
EX_pi_e,7,minimum,-0.22
EX_pi_e,7,maximum,-0.028769363347002752
EX_pi_e,7,mean_range,0.18244714988227737
EX_pi_e,7,mean_midpoint,-0.12656286501400224
EX_pi_e,7,median_range,0.18493733842083174
EX_pi_e,7,median_midpoint,-0.1275313307895699
EX_pi_e,7,std_range,0.012447323351567148
EX_pi_e,7,frac_fixed,0.0
EX_pi_e,7,frac_variable,1.0
EX_pi_e,7,frac_bidirectional,0.0
EX_pi_e,8,minimum,-0.22
EX_pi_e,8,maximum,-0.0008990426044590549
EX_pi_e,8,mean_range,0.20364418855646835
EX_pi_e,8,mean_midpoint,-0.11545438568691342
EX_pi_e,8,median_range,0.2074134035357045
EX_pi_e,8,median_midpoint,-0.11584377692986315
EX_pi_e,8,std_range,0.02127296113304623
EX_pi_e,8,frac_fixed,0.0
EX_pi_e,8,frac_variable,1.0
EX_pi_e,8,frac_bidirectional,0.0
EX_pi_e,9,minimum,-0.22
EX_pi_e,9,maximum,-0.0008990426044874766
EX_pi_e,9,mean_range,0.20702188498205226
EX_pi_e,9,mean_midpoint,-0.11648905750897391
EX_pi_e,9,median_range,0.20741340353571872
EX_pi_e,9,median_midpoint,-0.11629329823214064
EX_pi_e,9,std_range,0.008013056638612886
EX_pi_e,9,frac_fixed,0.0
EX_pi_e,9,frac_variable,1.0
EX_pi_e,9,frac_bidirectional,0.0
EX_pi_e,10,minimum,-0.04495213022968869
EX_pi_e,10,maximum,-0.0008990426044590549
EX_pi_e,10,mean_range,-8.17232460565542e-15
EX_pi_e,10,mean_midpoint,-0.02289254783670136
EX_pi_e,10,median_range,3.552713678800501e-14
EX_pi_e,10,median_midpoint,-0.022925586417108512
EX_pi_e,10,std_range,3.1280658347742215e-13
EX_pi_e,10,frac_fixed,1.0
EX_pi_e,10,frac_variable,0.0
EX_pi_e,10,frac_bidirectional,0.0
EX_pi_e,11,minimum,0.0
EX_pi_e,11,maximum,0.0
EX_pi_e,11,mean_range,0.0
EX_pi_e,11,mean_midpoint,0.0
EX_pi_e,11,median_range,0.0
EX_pi_e,11,median_midpoint,0.0
EX_pi_e,11,std_range,0.0
EX_pi_e,11,frac_fixed,1.0
EX_pi_e,11,frac_variable,0.0
EX_pi_e,11,frac_bidirectional,0.0
EX_pi_e,12,minimum,0.0
EX_pi_e,12,maximum,0.0
EX_pi_e,12,mean_range,0.0
EX_pi_e,12,mean_midpoint,0.0
EX_pi_e,12,median_range,0.0
EX_pi_e,12,median_midpoint,0.0
EX_pi_e,12,std_range,0.0
EX_pi_e,12,frac_fixed,1.0
EX_pi_e,12,frac_variable,0.0
EX_pi_e,12,frac_bidirectional,0.0
PETHDMT_c,1,minimum,0.0
PETHDMT_c,1,maximum,6.051139240506325
PETHDMT_c,1,mean_range,4.167108860759493
PETHDMT_c,1,mean_midpoint,2.0835544303797464
PETHDMT_c,1,median_range,4.5792405063291195
PETHDMT_c,1,median_midpoint,2.2896202531645597
PETHDMT_c,1,std_range,1.5666963864410017
PETHDMT_c,1,frac_fixed,0.0
PETHDMT_c,1,frac_variable,1.0
PETHDMT_c,1,frac_bidirectional,0.0
PETHDMT_c,2,minimum,0.0
PETHDMT_c,2,maximum,3.9250632911392502
PETHDMT_c,2,mean_range,2.0443037974683542
PETHDMT_c,2,mean_midpoint,1.0221518987341771
PETHDMT_c,2,median_range,2.0443037974683507
PETHDMT_c,2,median_midpoint,1.0221518987341753
PETHDMT_c,2,std_range,1.1320841804736477
PETHDMT_c,2,frac_fixed,0.0
PETHDMT_c,2,frac_variable,1.0
PETHDMT_c,2,frac_bidirectional,0.0
PETHDMT_c,3,minimum,0.00025503545152684524
PETHDMT_c,3,maximum,0.010185621291754524
PETHDMT_c,3,mean_range,-1.8299644998362296e-14
PETHDMT_c,3,mean_midpoint,0.005194713431671949
PETHDMT_c,3,median_range,0.0
PETHDMT_c,3,median_midpoint,0.0051007090306097284
PETHDMT_c,3,std_range,3.240313409909836e-13
PETHDMT_c,3,frac_fixed,1.0
PETHDMT_c,3,frac_variable,0.0
PETHDMT_c,3,frac_bidirectional,0.0
PETHDMT_c,4,minimum,0.010201418061073803
PETHDMT_c,4,maximum,0.012496737124815416
PETHDMT_c,4,mean_range,-6.466515357372006e-16
PETHDMT_c,4,mean_midpoint,0.01141637739020002
PETHDMT_c,4,median_range,1.734723475976807e-18
PETHDMT_c,4,median_midpoint,0.011476595318819841
PETHDMT_c,4,std_range,2.9851358429768033e-13
PETHDMT_c,4,frac_fixed,1.0
PETHDMT_c,4,frac_variable,0.0
PETHDMT_c,4,frac_bidirectional,0.0
PETHDMT_c,5,minimum,0.0002550354515268449
PETHDMT_c,5,maximum,3.0589660992734724
PETHDMT_c,5,mean_range,1.4784936484984612
PETHDMT_c,5,mean_midpoint,0.741872347108107
PETHDMT_c,5,median_range,1.4314565266224573
PETHDMT_c,5,median_midpoint,0.718005011920743
PETHDMT_c,5,std_range,0.6521156481467416
PETHDMT_c,5,frac_fixed,0.0
PETHDMT_c,5,frac_variable,1.0
PETHDMT_c,5,frac_bidirectional,0.0
PETHDMT_c,6,minimum,0.0007651063545805355
PETHDMT_c,6,maximum,1.2368965523945505
PETHDMT_c,6,mean_range,0.4142020407122943
PETHDMT_c,6,mean_midpoint,0.21412087115942355
PETHDMT_c,6,median_range,0.3617504892896949
PETHDMT_c,6,median_midpoint,0.18698681025508018
PETHDMT_c,6,std_range,0.2938032529849499
PETHDMT_c,6,frac_fixed,0.0
PETHDMT_c,6,frac_variable,1.0
PETHDMT_c,6,frac_bidirectional,0.0
PETHDMT_c,7,minimum,0.008161134448859044
PETHDMT_c,7,maximum,1.4764424568136458
PETHDMT_c,7,mean_range,0.903391459662143
PETHDMT_c,7,mean_midpoint,0.4617205848872422
PETHDMT_c,7,median_range,0.9532720037366116
PETHDMT_c,7,median_midpoint,0.48709245538090645
PETHDMT_c,7,std_range,0.3351660147901505
PETHDMT_c,7,frac_fixed,0.0
PETHDMT_c,7,frac_variable,1.0
PETHDMT_c,7,frac_bidirectional,0.0
PETHDMT_c,8,minimum,0.0002550354515268451
PETHDMT_c,8,maximum,5.945179252168893
PETHDMT_c,8,mean_range,2.8463497820111576
PETHDMT_c,8,mean_midpoint,1.4270420243060356
PETHDMT_c,8,median_range,2.9158036493064268
PETHDMT_c,8,median_midpoint,1.4612172855230625
PETHDMT_c,8,std_range,1.4687359066916066
PETHDMT_c,8,frac_fixed,0.0
PETHDMT_c,8,frac_variable,1.0
PETHDMT_c,8,frac_bidirectional,0.0
PETHDMT_c,9,minimum,0.00025503545152684513
PETHDMT_c,9,maximum,3.982647606598455
PETHDMT_c,9,mean_range,2.6028229364981454
PETHDMT_c,9,mean_midpoint,1.3050930283961137
PETHDMT_c,9,median_range,2.6260401337754553
PETHDMT_c,9,median_midpoint,1.3163355277575768
PETHDMT_c,9,std_range,0.6707427163543976
PETHDMT_c,9,frac_fixed,0.0
PETHDMT_c,9,frac_variable,1.0
PETHDMT_c,9,frac_bidirectional,0.0
PETHDMT_c,10,minimum,0.00025503545152684524
PETHDMT_c,10,maximum,0.012751772576703351
PETHDMT_c,10,mean_range,-1.5362747133139873e-13
PETHDMT_c,10,mean_midpoint,0.006494031811434112
PETHDMT_c,10,median_range,0.0
PETHDMT_c,10,median_midpoint,0.006503404013673131
PETHDMT_c,10,std_range,7.275954743859332e-13
PETHDMT_c,10,frac_fixed,1.0
PETHDMT_c,10,frac_variable,0.0
PETHDMT_c,10,frac_bidirectional,0.0
PETHDMT_c,11,minimum,0.0
PETHDMT_c,11,maximum,0.0
PETHDMT_c,11,mean_range,0.0
PETHDMT_c,11,mean_midpoint,0.0
PETHDMT_c,11,median_range,0.0
PETHDMT_c,11,median_midpoint,0.0
PETHDMT_c,11,std_range,0.0
PETHDMT_c,11,frac_fixed,1.0
PETHDMT_c,11,frac_variable,0.0
PETHDMT_c,11,frac_bidirectional,0.0
PETHDMT_c,12,minimum,0.0
PETHDMT_c,12,maximum,0.0
PETHDMT_c,12,mean_range,0.0
PETHDMT_c,12,mean_midpoint,0.0
PETHDMT_c,12,median_range,0.0
PETHDMT_c,12,median_midpoint,0.0
PETHDMT_c,12,std_range,0.0
PETHDMT_c,12,frac_fixed,1.0
PETHDMT_c,12,frac_variable,0.0
PETHDMT_c,12,frac_bidirectional,0.0
PRAI_c,1,minimum,0.0
PRAI_c,1,maximum,1.1039240506329024
PRAI_c,1,mean_range,0.6942455696202505
PRAI_c,1,mean_midpoint,0.34712278481012526
PRAI_c,1,median_range,0.7972784810126563
PRAI_c,1,median_midpoint,0.39863924050632815
PRAI_c,1,std_range,0.32604551761782813
PRAI_c,1,frac_fixed,0.0
PRAI_c,1,frac_variable,1.0
PRAI_c,1,frac_bidirectional,0.0
PRAI_c,2,minimum,0.0
PRAI_c,2,maximum,0.8410849909584087
PRAI_c,2,mean_range,0.43806509945749017
PRAI_c,2,mean_midpoint,0.21903254972874509
PRAI_c,2,median_range,0.4380650994574887
PRAI_c,2,median_midpoint,0.21903254972874436
PRAI_c,2,std_range,0.24258946724433977
PRAI_c,2,frac_fixed,0.0
PRAI_c,2,frac_variable,1.0
PRAI_c,2,frac_bidirectional,0.0
PRAI_c,3,minimum,0.00011090115244607875
PRAI_c,3,maximum,0.004429176935345376
PRAI_c,3,mean_range,-4.824968161023021e-16
PRAI_c,3,mean_midpoint,0.0022589004891339823
PRAI_c,3,median_range,5.140853021057268e-15
PRAI_c,3,median_midpoint,0.0022180230489254695
PRAI_c,3,std_range,5.942732499501944e-14
PRAI_c,3,frac_fixed,1.0
PRAI_c,3,frac_variable,0.0
PRAI_c,3,frac_bidirectional,0.0
PRAI_c,4,minimum,0.00443604609784315
PRAI_c,4,maximum,0.005434156469817098
PRAI_c,4,mean_range,-6.795779217139142e-15
PRAI_c,4,mean_midpoint,0.004964366333197559
PRAI_c,4,median_range,-8.47585890362268e-15
PRAI_c,4,median_midpoint,0.0049905518600868275
PRAI_c,4,std_range,4.3505348982983904e-14
PRAI_c,4,frac_fixed,1.0
PRAI_c,4,frac_variable,0.0
PRAI_c,4,frac_bidirectional,0.0
PRAI_c,5,minimum,0.00011090115244607875
PRAI_c,5,maximum,0.6556052369557325
PRAI_c,5,mean_range,0.3168200675353822
PRAI_c,5,mean_midpoint,0.15955173194760972
PRAI_c,5,median_range,0.30674068427625334
PRAI_c,5,median_midpoint,0.1550957322082112
PRAI_c,5,std_range,0.13973906746001138
PRAI_c,5,frac_fixed,0.0
PRAI_c,5,frac_variable,1.0
PRAI_c,5,frac_bidirectional,0.0
PRAI_c,6,minimum,0.0003327034573382362
PRAI_c,6,maximum,0.26673678218384206
PRAI_c,6,mean_range,0.0886046006057423
PRAI_c,6,mean_midpoint,0.04735485452394947
PRAI_c,6,median_range,0.0775179619908368
PRAI_c,6,median_midpoint,0.04178424850322909
PRAI_c,6,std_range,0.06308477765339048
PRAI_c,6,frac_fixed,0.0
PRAI_c,6,frac_variable,1.0
PRAI_c,6,frac_bidirectional,0.0
PRAI_c,7,minimum,0.00354883687827452
PRAI_c,7,maximum,0.3060660554379368
PRAI_c,7,mean_range,0.16965931998212025
PRAI_c,7,mean_midpoint,0.08918892836797906
PRAI_c,7,median_range,0.17932134680953177
PRAI_c,7,median_midpoint,0.09409671950260903
PRAI_c,7,std_range,0.0775843850063802
PRAI_c,7,frac_fixed,0.0
PRAI_c,7,frac_variable,1.0
PRAI_c,7,frac_bidirectional,0.0
PRAI_c,8,minimum,0.00011090115244607875
PRAI_c,8,maximum,1.0825364717823414
PRAI_c,8,mean_range,0.4695784534475864
PRAI_c,8,mean_midpoint,0.23647083426939403
PRAI_c,8,median_range,0.45488596400686965
PRAI_c,8,median_midpoint,0.22905104871390297
PRAI_c,8,std_range,0.2827955647932856
PRAI_c,8,frac_fixed,0.0
PRAI_c,8,frac_variable,1.0
PRAI_c,8,frac_bidirectional,0.0
PRAI_c,9,minimum,0.00011090115244607875
PRAI_c,9,maximum,0.8534807378268187
PRAI_c,9,mean_range,0.5577477721067694
PRAI_c,9,mean_midpoint,0.28047479785079177
PRAI_c,9,median_range,0.5627228858089628
PRAI_c,9,median_midpoint,0.2828031578862804
PRAI_c,9,std_range,0.14373058207594855
PRAI_c,9,frac_fixed,0.0
PRAI_c,9,frac_variable,1.0
PRAI_c,9,frac_bidirectional,0.0
PRAI_c,10,minimum,0.00011090115244607875
PRAI_c,10,maximum,0.005545057622300121
PRAI_c,10,mean_range,-1.8457744866584325e-14
PRAI_c,10,mean_midpoint,0.0028239039223921236
PRAI_c,10,median_range,-1.3920071692541391e-14
PRAI_c,10,median_midpoint,0.002827979387392903
PRAI_c,10,std_range,9.897640787762438e-14
PRAI_c,10,frac_fixed,1.0
PRAI_c,10,frac_variable,0.0
PRAI_c,10,frac_bidirectional,0.0
PRAI_c,11,minimum,0.0
PRAI_c,11,maximum,0.0
PRAI_c,11,mean_range,0.0
PRAI_c,11,mean_midpoint,0.0
PRAI_c,11,median_range,0.0
PRAI_c,11,median_midpoint,0.0
PRAI_c,11,std_range,0.0
PRAI_c,11,frac_fixed,1.0
PRAI_c,11,frac_variable,0.0
PRAI_c,11,frac_bidirectional,0.0
PRAI_c,12,minimum,0.0
PRAI_c,12,maximum,0.0
PRAI_c,12,mean_range,0.0
PRAI_c,12,mean_midpoint,0.0
PRAI_c,12,median_range,0.0
PRAI_c,12,median_midpoint,0.0
PRAI_c,12,std_range,0.0
PRAI_c,12,frac_fixed,1.0
PRAI_c,12,frac_variable,0.0
PRAI_c,12,frac_bidirectional,0.0
SO3R_h,1,minimum,0.0
SO3R_h,1,maximum,1.5165017261219889
SO3R_h,1,mean_range,0.9973228998849544
SO3R_h,1,mean_midpoint,0.4986614499424772
SO3R_h,1,median_range,1.1596777905638558
SO3R_h,1,median_midpoint,0.5798388952819279
SO3R_h,1,std_range,0.42663968367141697
SO3R_h,1,frac_fixed,0.0
SO3R_h,1,frac_variable,1.0
SO3R_h,1,frac_bidirectional,0.0
SO3R_h,2,minimum,0.0
SO3R_h,2,maximum,1.0704718066743435
SO3R_h,2,mean_range,0.5575373993095585
SO3R_h,2,mean_midpoint,0.27876869965477924
SO3R_h,2,median_range,0.5575373993095529
SO3R_h,2,median_midpoint,0.27876869965477646
SO3R_h,2,std_range,0.30875023103827187
SO3R_h,2,frac_fixed,0.0
SO3R_h,2,frac_variable,1.0
SO3R_h,2,frac_bidirectional,0.0
SO3R_h,3,minimum,0.00023335192099236497
SO3R_h,3,maximum,0.009319623137370893
SO3R_h,3,mean_range,3.124222660582895e-15
SO3R_h,3,mean_midpoint,0.004753050413308631
SO3R_h,3,median_range,1.205632815803881e-14
SO3R_h,3,median_midpoint,0.0046670384198301915
SO3R_h,3,std_range,3.488182519219801e-13
SO3R_h,3,frac_fixed,1.0
SO3R_h,3,frac_variable,0.0
SO3R_h,3,frac_bidirectional,0.0
SO3R_h,4,minimum,0.009334076839694599
SO3R_h,4,maximum,0.0114342441285812
SO3R_h,4,mean_range,3.22465078143981e-14
SO3R_h,4,mean_midpoint,0.01044573834277604
SO3R_h,4,median_range,-4.4684742017686574e-14
SO3R_h,4,median_midpoint,0.010500836444713488
SO3R_h,4,std_range,1.8665557891903766e-13
SO3R_h,4,frac_fixed,1.0
SO3R_h,4,frac_variable,0.0
SO3R_h,4,frac_bidirectional,0.0
SO3R_h,5,minimum,0.0002333519209923601
SO3R_h,5,maximum,0.8345910752156737
SO3R_h,5,mean_range,0.40322554049960635
SO3R_h,5,mean_midpoint,0.2040150668680196
SO3R_h,5,median_range,0.3903972345335228
SO3R_h,5,median_midpoint,0.198216823938226
SO3R_h,5,std_range,0.1778497222218279
SO3R_h,5,frac_fixed,0.0
SO3R_h,5,frac_variable,1.0
SO3R_h,5,frac_bidirectional,0.0
SO3R_h,6,minimum,0.0007000557629770951
SO3R_h,6,maximum,0.342249327315867
SO3R_h,6,mean_range,0.11283958412696217
SO3R_h,6,mean_midpoint,0.06284280368879593
SO3R_h,6,median_range,0.09865922435206681
SO3R_h,6,median_midpoint,0.055992205131285555
SO3R_h,6,std_range,0.08022483387407364
SO3R_h,6,frac_fixed,0.0
SO3R_h,6,frac_variable,1.0
SO3R_h,6,frac_bidirectional,0.0
SO3R_h,7,minimum,0.007467261471755672
SO3R_h,7,maximum,0.4040759036324272
SO3R_h,7,mean_range,0.2311211905776555
SO3R_h,7,mean_midpoint,0.12473312079860463
SO3R_h,7,median_range,0.2451335045265131
SO3R_h,7,median_midpoint,0.13155080122146262
SO3R_h,7,std_range,0.09723465372716464
SO3R_h,7,frac_fixed,0.0
SO3R_h,7,frac_variable,1.0
SO3R_h,7,frac_bidirectional,0.0
SO3R_h,8,minimum,0.00023335192099236464
SO3R_h,8,maximum,1.4877673442824528
SO3R_h,8,mean_range,0.6778425203513743
SO3R_h,8,mean_midpoint,0.3424596034883231
SO3R_h,8,median_range,0.6787542512716633
SO3R_h,8,median_midpoint,0.34352295314116865
SO3R_h,8,std_range,0.3817376259849502
SO3R_h,8,frac_fixed,0.0
SO3R_h,8,frac_variable,1.0
SO3R_h,8,frac_bidirectional,0.0
SO3R_h,9,minimum,0.00023335192099236117
SO3R_h,9,maximum,1.0863404167794153
SO3R_h,9,mean_range,0.709860800863188
SO3R_h,9,mean_midpoint,0.358298948323338
SO3R_h,9,median_range,0.7161927637568155
SO3R_h,9,median_midpoint,0.36112995685130844
SO3R_h,9,std_range,0.1829298317330104
SO3R_h,9,frac_fixed,0.0
SO3R_h,9,frac_variable,1.0
SO3R_h,9,frac_bidirectional,0.0
SO3R_h,10,minimum,0.00023335192099236502
SO3R_h,10,maximum,0.011667596047197767
SO3R_h,10,mean_range,-1.3209953613650497e-13
SO3R_h,10,mean_midpoint,0.005941898622769493
SO3R_h,10,median_range,-1.9686465999035896e-13
SO3R_h,10,median_midpoint,0.005950473985187173
SO3R_h,10,std_range,7.903375915169172e-13
SO3R_h,10,frac_fixed,1.0
SO3R_h,10,frac_variable,0.0
SO3R_h,10,frac_bidirectional,0.0
SO3R_h,11,minimum,0.0
SO3R_h,11,maximum,0.0
SO3R_h,11,mean_range,0.0
SO3R_h,11,mean_midpoint,0.0
SO3R_h,11,median_range,0.0
SO3R_h,11,median_midpoint,0.0
SO3R_h,11,std_range,0.0
SO3R_h,11,frac_fixed,1.0
SO3R_h,11,frac_variable,0.0
SO3R_h,11,frac_bidirectional,0.0
SO3R_h,12,minimum,0.0
SO3R_h,12,maximum,0.0
SO3R_h,12,mean_range,0.0
SO3R_h,12,mean_midpoint,0.0
SO3R_h,12,median_range,0.0
SO3R_h,12,median_midpoint,0.0
SO3R_h,12,std_range,0.0
SO3R_h,12,frac_fixed,1.0
SO3R_h,12,frac_variable,0.0
SO3R_h,12,frac_bidirectional,0.0
EX_o2_e,1,minimum,0.2453164556962406
EX_o2_e,1,maximum,12.265822784810128
EX_o2_e,1,mean_range,5.485275949367089
EX_o2_e,1,mean_midpoint,5.93175189873419
EX_o2_e,1,median_range,6.378227848101273
EX_o2_e,1,median_midpoint,6.69713924050634
EX_o2_e,1,std_range,2.3465182601929717
EX_o2_e,1,frac_fixed,0.0
EX_o2_e,1,frac_variable,1.0
EX_o2_e,1,frac_bidirectional,0.0
EX_o2_e,2,minimum,6.378227848101272
EX_o2_e,2,maximum,12.26582278481013
EX_o2_e,2,mean_range,3.0664556962025173
EX_o2_e,2,mean_midpoint,10.73259493670887
EX_o2_e,2,median_range,3.0664556962024374
EX_o2_e,2,median_midpoint,10.73259493670891
EX_o2_e,2,std_range,1.698126270710475
EX_o2_e,2,frac_fixed,0.0
EX_o2_e,2,frac_variable,1.0
EX_o2_e,2,frac_bidirectional,0.0
EX_o2_e,3,minimum,0.23547710904525387
EX_o2_e,3,maximum,9.404499026522048
EX_o2_e,3,mean_range,-1.3343623899740088e-14
EX_o2_e,3,mean_midpoint,4.796337504797588
EX_o2_e,3,median_range,-1.7763568394002505e-15
EX_o2_e,3,median_midpoint,4.709542180906446
EX_o2_e,3,std_range,4.493690596294085e-13
EX_o2_e,3,frac_fixed,1.0
EX_o2_e,3,frac_variable,0.0
EX_o2_e,3,frac_bidirectional,0.0
EX_o2_e,4,minimum,9.41908436181388
EX_o2_e,4,maximum,11.538378343221154
EX_o2_e,4,mean_range,-1.4989718867862114e-13
EX_o2_e,4,mean_midpoint,10.540870014425668
EX_o2_e,4,median_range,-3.0730973321624333e-13
EX_o2_e,4,median_midpoint,10.596469907040165
EX_o2_e,4,std_range,1.094156960762039e-12
EX_o2_e,4,frac_fixed,1.0
EX_o2_e,4,frac_variable,0.0
EX_o2_e,4,frac_bidirectional,0.0
EX_o2_e,5,minimum,7.658460048952634
EX_o2_e,5,maximum,12.255983438159253
EX_o2_e,5,mean_range,2.2177404727476793
EX_o2_e,5,mean_midpoint,11.055659063967271
EX_o2_e,5,median_range,2.147184789933714
EX_o2_e,5,median_midpoint,11.052467194755298
EX_o2_e,5,std_range,0.9781734722200834
EX_o2_e,5,frac_fixed,0.0
EX_o2_e,5,frac_variable,1.0
EX_o2_e,5,frac_bidirectional,0.0
EX_o2_e,6,minimum,10.12677415201065
EX_o2_e,6,maximum,12.2363047448575
EX_o2_e,6,mean_range,0.6206177126983324
EX_o2_e,6,mean_midpoint,11.681294393983602
EX_o2_e,6,median_range,0.5426257339360019
EX_o2_e,6,median_midpoint,11.69503090542939
EX_o2_e,6,std_range,0.44123658630759616
EX_o2_e,6,frac_fixed,0.0
EX_o2_e,6,frac_variable,1.0
EX_o2_e,6,frac_bidirectional,0.0
EX_o2_e,7,minimum,9.509591207740339
EX_o2_e,7,maximum,11.9509636919821
EX_o2_e,7,mean_range,1.2711665481772876
EX_o2_e,7,mean_midpoint,10.936553924608667
EX_o2_e,7,median_range,1.348234274894561
EX_o2_e,7,median_midpoint,11.055000554393999
EX_o2_e,7,std_range,0.5347905954993685
EX_o2_e,7,frac_fixed,0.0
EX_o2_e,7,frac_variable,1.0
EX_o2_e,7,frac_bidirectional,0.0
EX_o2_e,8,minimum,0.39479964472936196
EX_o2_e,8,maximum,12.255983438159253
EX_o2_e,8,mean_range,3.7281338619325326
EX_o2_e,8,mean_midpoint,7.546860682119583
EX_o2_e,8,median_range,3.733148381995707
EX_o2_e,8,median_midpoint,8.361368161546842
EX_o2_e,8,std_range,2.099556942917224
EX_o2_e,8,frac_fixed,0.0
EX_o2_e,8,frac_variable,1.0
EX_o2_e,8,frac_bidirectional,0.0
EX_o2_e,9,minimum,6.282394581438376
EX_o2_e,9,maximum,12.255983438159255
EX_o2_e,9,mean_range,3.9042344047473287
EX_o2_e,9,mean_midpoint,10.171669852556883
EX_o2_e,9,median_range,3.9390602006631035
EX_o2_e,9,median_midpoint,10.15894863922305
EX_o2_e,9,std_range,1.0061140745315793
EX_o2_e,9,frac_fixed,0.0
EX_o2_e,9,frac_variable,1.0
EX_o2_e,9,frac_bidirectional,0.0
EX_o2_e,10,minimum,11.773855452266332
EX_o2_e,10,maximum,12.255983438159253
EX_o2_e,10,mean_range,4.005468043964711e-14
EX_o2_e,10,mean_midpoint,12.015281027682878
EX_o2_e,10,median_range,0.0
EX_o2_e,10,median_midpoint,12.014919445212794
EX_o2_e,10,std_range,3.9170111516257824e-13
EX_o2_e,10,frac_fixed,1.0
EX_o2_e,10,frac_variable,0.0
EX_o2_e,10,frac_bidirectional,0.0
EX_o2_e,11,minimum,12.265822784810128
EX_o2_e,11,maximum,12.265822784810124
EX_o2_e,11,mean_range,-3.552713678800501e-15
EX_o2_e,11,mean_midpoint,12.265822784810126
EX_o2_e,11,median_range,-3.552713678800501e-15
EX_o2_e,11,median_midpoint,12.265822784810126
EX_o2_e,11,std_range,0.0
EX_o2_e,11,frac_fixed,1.0
EX_o2_e,11,frac_variable,0.0
EX_o2_e,11,frac_bidirectional,0.0
EX_o2_e,12,minimum,0.0
EX_o2_e,12,maximum,0.0
EX_o2_e,12,mean_range,0.0
EX_o2_e,12,mean_midpoint,0.0
EX_o2_e,12,median_range,0.0
EX_o2_e,12,median_midpoint,0.0
EX_o2_e,12,std_range,0.0
EX_o2_e,12,frac_fixed,1.0
EX_o2_e,12,frac_variable,0.0
EX_o2_e,12,frac_bidirectional,0.0
METS_c,1,minimum,-12.10227848101249
METS_c,1,maximum,0.0
METS_c,1,mean_range,8.334217721519002
METS_c,1,mean_midpoint,-4.167108860759501
METS_c,1,median_range,9.15848101265825
METS_c,1,median_midpoint,-4.579240506329125
METS_c,1,std_range,3.1333927728820172
METS_c,1,frac_fixed,0.0
METS_c,1,frac_variable,1.0
METS_c,1,frac_bidirectional,0.0
METS_c,2,minimum,-7.8501265822784205
METS_c,2,maximum,0.0
METS_c,2,mean_range,4.088607594936703
METS_c,2,mean_midpoint,-2.0443037974683516
METS_c,2,median_range,4.088607594936744
METS_c,2,median_midpoint,-2.044303797468372
METS_c,2,std_range,2.26416836094726
METS_c,2,frac_fixed,0.0
METS_c,2,frac_variable,1.0
METS_c,2,frac_bidirectional,0.0
METS_c,3,minimum,-0.04941628251894805
METS_c,3,maximum,-0.001237323042298524
METS_c,3,mean_range,-1.8883021865878018e-13
METS_c,3,mean_midpoint,-0.025202530035146956
METS_c,3,median_range,0.0
METS_c,3,median_midpoint,-0.024746460844144298
METS_c,3,std_range,2.0980786218022307e-12
METS_c,3,frac_fixed,1.0
METS_c,3,frac_variable,0.0
METS_c,3,frac_bidirectional,0.0
METS_c,4,minimum,-0.060628829071717245
METS_c,4,maximum,-0.049492921691940965
METS_c,4,mean_range,-9.969952214233374e-13
METS_c,4,mean_midpoint,-0.05538738524301494
METS_c,4,median_range,-2.0816681711721685e-17
METS_c,4,median_midpoint,-0.05567953690343358
METS_c,4,std_range,2.623290851727588e-12
METS_c,4,frac_fixed,1.0
METS_c,4,frac_variable,0.0
METS_c,4,frac_bidirectional,0.0
METS_c,5,minimum,-6.119386702824739
METS_c,5,maximum,-0.0012373230422985239
METS_c,5,mean_range,2.9569872969967856
METS_c,5,mean_midpoint,-1.4912315636075295
METS_c,5,median_range,2.862913053245899
METS_c,5,median_midpoint,-1.4497986471874653
METS_c,5,std_range,1.3042312962932747
METS_c,5,frac_fixed,0.0
METS_c,5,frac_variable,1.0
METS_c,5,frac_bidirectional,0.0
METS_c,6,minimum,-2.4956106689654245
METS_c,6,maximum,-0.003711969126895573
METS_c,6,mean_range,0.8284040814247207
METS_c,6,mean_midpoint,-0.44825935745162726
METS_c,6,median_range,0.7235009785815971
METS_c,6,median_midpoint,-0.3961548107565974
METS_c,6,std_range,0.5876065059700836
METS_c,6,frac_fixed,0.0
METS_c,6,frac_variable,1.0
METS_c,6,frac_bidirectional,0.0
METS_c,7,minimum,-2.9797932427798357
METS_c,7,maximum,-0.03959433735355277
METS_c,7,mean_range,1.8067829193241272
METS_c,7,mean_midpoint,-0.9520277730939516
METS_c,7,median_range,1.90654400747332
METS_c,7,median_midpoint,-1.0040022484708995
METS_c,7,std_range,0.6703320295804982
METS_c,7,frac_fixed,0.0
METS_c,7,frac_variable,1.0
METS_c,7,frac_bidirectional,0.0
METS_c,8,minimum,-11.891085756476617
METS_c,8,maximum,-0.0012373230422985234
METS_c,8,mean_range,5.69269956402197
METS_c,8,mean_midpoint,-2.86511146048215
METS_c,8,median_range,5.8316072986120595
METS_c,8,median_midpoint,-2.9388313396730963
METS_c,8,std_range,2.937471813383358
METS_c,8,frac_fixed,0.0
METS_c,8,frac_variable,1.0
METS_c,8,frac_bidirectional,0.0
METS_c,9,minimum,-7.966022465337341
METS_c,9,maximum,-0.0012373230422985236
METS_c,9,mean_range,5.205645872996408
METS_c,9,mean_midpoint,-2.620684293318481
METS_c,9,median_range,5.252080267551401
METS_c,9,median_midpoint,-2.642125333325581
METS_c,9,std_range,1.3414854327087085
METS_c,9,frac_fixed,0.0
METS_c,9,frac_variable,1.0
METS_c,9,frac_bidirectional,0.0
METS_c,10,minimum,-0.06186615211435742
METS_c,10,maximum,-0.0012373230422985239
METS_c,10,mean_range,-9.755625206504295e-13
METS_c,10,mean_midpoint,-0.03150626765640816
METS_c,10,median_range,-3.469446951953614e-18
METS_c,10,median_midpoint,-0.03155173757844755
METS_c,10,std_range,3.862221870824932e-12
METS_c,10,frac_fixed,1.0
METS_c,10,frac_variable,0.0
METS_c,10,frac_bidirectional,0.0
METS_c,11,minimum,0.0
METS_c,11,maximum,0.0
METS_c,11,mean_range,0.0
METS_c,11,mean_midpoint,0.0
METS_c,11,median_range,0.0
METS_c,11,median_midpoint,0.0
METS_c,11,std_range,0.0
METS_c,11,frac_fixed,1.0
METS_c,11,frac_variable,0.0
METS_c,11,frac_bidirectional,0.0
METS_c,12,minimum,0.0
METS_c,12,maximum,0.0
METS_c,12,mean_range,0.0
METS_c,12,mean_midpoint,0.0
METS_c,12,median_range,0.0
METS_c,12,median_midpoint,0.0
METS_c,12,std_range,0.0
METS_c,12,frac_fixed,1.0
METS_c,12,frac_variable,0.0
METS_c,12,frac_bidirectional,0.0
CHRL_h,1,minimum,0.0
CHRL_h,1,maximum,1.1039240506329107
CHRL_h,1,mean_range,0.6942455696202532
CHRL_h,1,mean_midpoint,0.3471227848101266
CHRL_h,1,median_range,0.7972784810126513
CHRL_h,1,median_midpoint,0.39863924050632565
CHRL_h,1,std_range,0.3260455176178296
CHRL_h,1,frac_fixed,0.0
CHRL_h,1,frac_variable,1.0
CHRL_h,1,frac_bidirectional,0.0
CHRL_h,2,minimum,0.0
CHRL_h,2,maximum,0.8410849909584064
CHRL_h,2,mean_range,0.4380650994574973
CHRL_h,2,mean_midpoint,0.21903254972874864
CHRL_h,2,median_range,0.438065099457504
CHRL_h,2,median_midpoint,0.219032549728752
CHRL_h,2,std_range,0.2425894672443509
CHRL_h,2,frac_fixed,0.0
CHRL_h,2,frac_variable,1.0
CHRL_h,2,frac_bidirectional,0.0
CHRL_h,3,minimum,0.00011090115244607875
CHRL_h,3,maximum,0.004429176935469164
CHRL_h,3,mean_range,-3.736905563962513e-15
CHRL_h,3,mean_midpoint,0.0022589004891323556
CHRL_h,3,median_range,-1.7656666059795434e-14
CHRL_h,3,median_midpoint,0.0022180230489051416
CHRL_h,3,std_range,5.595797524639968e-14
CHRL_h,3,frac_fixed,1.0
CHRL_h,3,frac_variable,0.0
CHRL_h,3,frac_bidirectional,0.0
CHRL_h,4,minimum,0.00443604609784315
CHRL_h,4,maximum,0.00543415646981036
CHRL_h,4,mean_range,1.3194306758279595e-14
CHRL_h,4,mean_midpoint,0.004964366333207555
CHRL_h,4,median_range,7.593752016088473e-15
CHRL_h,4,median_midpoint,0.004990551860025385
CHRL_h,4,std_range,6.768523007867986e-14
CHRL_h,4,frac_fixed,1.0
CHRL_h,4,frac_variable,0.0
CHRL_h,4,frac_bidirectional,0.0
CHRL_h,5,minimum,0.00011090115244607875
CHRL_h,5,maximum,0.655605236955725
CHRL_h,5,mean_range,0.3168200675353891
CHRL_h,5,mean_midpoint,0.1595517319476131
CHRL_h,5,median_range,0.3067406842762534
CHRL_h,5,median_midpoint,0.15509573220821476
CHRL_h,5,std_range,0.13973906746000242
CHRL_h,5,frac_fixed,0.0
CHRL_h,5,frac_variable,1.0
CHRL_h,5,frac_bidirectional,0.0
CHRL_h,6,minimum,0.0003327034573382362
CHRL_h,6,maximum,0.2667367821838108
CHRL_h,6,mean_range,0.0886046006057407
CHRL_h,6,mean_midpoint,0.04735485452394867
CHRL_h,6,median_range,0.07751796199081512
CHRL_h,6,median_midpoint,0.04178424850319406
CHRL_h,6,std_range,0.06308477765338853
CHRL_h,6,frac_fixed,0.0
CHRL_h,6,frac_variable,1.0
CHRL_h,6,frac_bidirectional,0.0
CHRL_h,7,minimum,0.00354883687827452
CHRL_h,7,maximum,0.3060660554379153
CHRL_h,7,mean_range,0.1696593199821154
CHRL_h,7,mean_midpoint,0.08918892836797668
CHRL_h,7,median_range,0.17932134680956247
CHRL_h,7,median_midpoint,0.09409671950262438
CHRL_h,7,std_range,0.07758438500638362
CHRL_h,7,frac_fixed,0.0
CHRL_h,7,frac_variable,1.0
CHRL_h,7,frac_bidirectional,0.0
CHRL_h,8,minimum,0.00011090115244607875
CHRL_h,8,maximum,1.082536471782326
CHRL_h,8,mean_range,0.4695784534476502
CHRL_h,8,mean_midpoint,0.23647083426942592
CHRL_h,8,median_range,0.45488596400686276
CHRL_h,8,median_midpoint,0.22905104871389953
CHRL_h,8,std_range,0.282795564793324
CHRL_h,8,frac_fixed,0.0
CHRL_h,8,frac_variable,1.0
CHRL_h,8,frac_bidirectional,0.0
CHRL_h,9,minimum,0.00011090115244607875
CHRL_h,9,maximum,0.8534807378268916
CHRL_h,9,mean_range,0.557747772106766
CHRL_h,9,mean_midpoint,0.28047479785079
CHRL_h,9,median_range,0.5627228858090148
CHRL_h,9,median_midpoint,0.2828031578863064
CHRL_h,9,std_range,0.1437305820759489
CHRL_h,9,frac_fixed,0.0
CHRL_h,9,frac_variable,1.0
CHRL_h,9,frac_bidirectional,0.0
CHRL_h,10,minimum,0.00011090115244607875
CHRL_h,10,maximum,0.005545057622428817
CHRL_h,10,mean_range,-9.130810230746803e-16
CHRL_h,10,mean_midpoint,0.002823903922400896
CHRL_h,10,median_range,-1.1221926166093965e-14
CHRL_h,10,median_midpoint,0.002827979387415908
CHRL_h,10,std_range,7.095259330205369e-14
CHRL_h,10,frac_fixed,1.0
CHRL_h,10,frac_variable,0.0
CHRL_h,10,frac_bidirectional,0.0
CHRL_h,11,minimum,0.0
CHRL_h,11,maximum,0.0
CHRL_h,11,mean_range,0.0
CHRL_h,11,mean_midpoint,0.0
CHRL_h,11,median_range,0.0
CHRL_h,11,median_midpoint,0.0
CHRL_h,11,std_range,0.0
CHRL_h,11,frac_fixed,1.0
CHRL_h,11,frac_variable,0.0
CHRL_h,11,frac_bidirectional,0.0
CHRL_h,12,minimum,0.0
CHRL_h,12,maximum,0.0
CHRL_h,12,mean_range,0.0
CHRL_h,12,mean_midpoint,0.0
CHRL_h,12,median_range,0.0
CHRL_h,12,median_midpoint,0.0
CHRL_h,12,std_range,0.0
CHRL_h,12,frac_fixed,1.0
CHRL_h,12,frac_variable,0.0
CHRL_h,12,frac_bidirectional,0.0
SAHH_c,1,minimum,-18.153417721519038
SAHH_c,1,maximum,0.0
SAHH_c,1,mean_range,12.501326582278471
SAHH_c,1,mean_midpoint,-6.250663291139236
SAHH_c,1,median_range,13.7377215189873
SAHH_c,1,median_midpoint,-6.86886075949365
SAHH_c,1,std_range,4.70008915932306
SAHH_c,1,frac_fixed,0.0
SAHH_c,1,frac_variable,1.0
SAHH_c,1,frac_bidirectional,0.0
SAHH_c,2,minimum,-11.775189873417705
SAHH_c,2,maximum,0.0
SAHH_c,2,mean_range,6.1329113924050915
SAHH_c,2,mean_midpoint,-3.0664556962025458
SAHH_c,2,median_range,6.132911392405054
SAHH_c,2,median_midpoint,-3.066455696202527
SAHH_c,2,std_range,3.396252541420898
SAHH_c,2,frac_fixed,0.0
SAHH_c,2,frac_variable,1.0
SAHH_c,2,frac_bidirectional,0.0
SAHH_c,3,minimum,-0.0419814155219235
SAHH_c,3,maximum,-0.001051163101070448
SAHH_c,3,mean_range,-7.635121897927357e-13
SAHH_c,3,mean_midpoint,-0.021410713872245548
SAHH_c,3,median_range,0.0
SAHH_c,3,median_midpoint,-0.02102326202140896
SAHH_c,3,std_range,6.431299171837611e-12
SAHH_c,3,frac_fixed,1.0
SAHH_c,3,frac_variable,0.0
SAHH_c,3,frac_bidirectional,0.0
SAHH_c,4,minimum,-0.05150699195527503
SAHH_c,4,maximum,-0.042046524042817925
SAHH_c,4,mean_range,2.8865318255291494e-13
SAHH_c,4,mean_midpoint,-0.04705414321289636
SAHH_c,4,median_range,0.0
SAHH_c,4,median_midpoint,-0.047302339546478375
SAHH_c,4,std_range,3.7637496997790796e-12
SAHH_c,4,frac_fixed,1.0
SAHH_c,4,frac_variable,0.0
SAHH_c,4,frac_bidirectional,0.0
SAHH_c,5,minimum,-9.177470411313378
SAHH_c,5,maximum,-0.0010511631010103883
SAHH_c,5,mean_range,4.435480945495447
SAHH_c,5,mean_midpoint,-2.2285619202513773
SAHH_c,5,median_range,4.294369579867013
SAHH_c,5,median_midpoint,-2.1603082841849073
SAHH_c,5,std_range,1.956346944440278
SAHH_c,5,frac_fixed,0.0
SAHH_c,5,frac_variable,1.0
SAHH_c,5,frac_bidirectional,0.0
SAHH_c,6,minimum,-3.719271359578642
SAHH_c,6,maximum,-0.003153489303211343
SAHH_c,6,mean_range,1.242606122136967
SAHH_c,6,mean_midpoint,-0.6502363254254484
SAHH_c,6,median_range,1.0852514678716791
SAHH_c,6,median_midpoint,-0.5696851615320679
SAHH_c,6,std_range,0.8814097589548359
SAHH_c,6,frac_fixed,0.0
SAHH_c,6,frac_variable,1.0
SAHH_c,6,frac_bidirectional,0.0
SAHH_c,7,minimum,-4.439911470085057
SAHH_c,7,maximum,-0.03363721923425433
SAHH_c,7,mean_range,2.7101743789870287
SAHH_c,7,mean_midpoint,-1.3964059852355886
SAHH_c,7,median_range,2.859816011208852
SAHH_c,7,median_midpoint,-1.4730056927483144
SAHH_c,7,std_range,1.0054980443715764
SAHH_c,7,frac_fixed,0.0
SAHH_c,7,frac_variable,1.0
SAHH_c,7,frac_bidirectional,0.0
SAHH_c,8,minimum,-17.835823813251988
SAHH_c,8,maximum,-0.0010511631010103883
SAHH_c,8,mean_range,8.539049346032444
SAHH_c,8,mean_midpoint,-4.285463585853732
SAHH_c,8,median_range,8.747410947913878
SAHH_c,8,median_midpoint,-4.388931294409977
SAHH_c,8,std_range,4.406207720075722
SAHH_c,8,frac_fixed,0.0
SAHH_c,8,frac_variable,1.0
SAHH_c,8,frac_bidirectional,0.0
SAHH_c,9,minimum,-11.948228876544642
SAHH_c,9,maximum,-0.0010511631010704477
SAHH_c,9,mean_range,7.808468809494166
SAHH_c,9,mean_midpoint,-3.9194084527383413
SAHH_c,9,median_range,7.878120401326921
SAHH_c,9,median_midpoint,-3.952725320977378
SAHH_c,9,std_range,2.012228149063299
SAHH_c,9,frac_fixed,0.0
SAHH_c,9,frac_variable,1.0
SAHH_c,9,frac_bidirectional,0.0
SAHH_c,10,minimum,-0.052558155053522404
SAHH_c,10,maximum,-0.0010511631010704477
SAHH_c,10,mean_range,1.0967600367021617e-13
SAHH_c,10,mean_midpoint,-0.026766030277686502
SAHH_c,10,median_range,0.0
SAHH_c,10,median_midpoint,-0.026804659077344167
SAHH_c,10,std_range,1.4844270235106761e-12
SAHH_c,10,frac_fixed,1.0
SAHH_c,10,frac_variable,0.0
SAHH_c,10,frac_bidirectional,0.0
SAHH_c,11,minimum,0.0
SAHH_c,11,maximum,0.0
SAHH_c,11,mean_range,0.0
SAHH_c,11,mean_midpoint,0.0
SAHH_c,11,median_range,0.0
SAHH_c,11,median_midpoint,0.0
SAHH_c,11,std_range,0.0
SAHH_c,11,frac_fixed,1.0
SAHH_c,11,frac_variable,0.0
SAHH_c,11,frac_bidirectional,0.0
SAHH_c,12,minimum,0.0
SAHH_c,12,maximum,0.0
SAHH_c,12,mean_range,0.0
SAHH_c,12,mean_midpoint,0.0
SAHH_c,12,median_range,0.0
SAHH_c,12,median_midpoint,0.0
SAHH_c,12,std_range,0.0
SAHH_c,12,frac_fixed,1.0
SAHH_c,12,frac_variable,0.0
SAHH_c,12,frac_bidirectional,0.0
EX_h_e,1,minimum,-12.265822784810226
EX_h_e,1,maximum,0.0
EX_h_e,1,mean_range,8.025614770489693
EX_h_e,1,mean_midpoint,-4.01280738524488
EX_h_e,1,median_range,9.061518987341671
EX_h_e,1,median_midpoint,-4.5307594936708355
EX_h_e,1,std_range,3.754013972212284
EX_h_e,1,frac_fixed,0.0
EX_h_e,1,frac_variable,1.0
EX_h_e,1,frac_bidirectional,0.0
EX_h_e,2,minimum,-11.775189873417638
EX_h_e,2,maximum,0.0
EX_h_e,2,mean_range,6.13291139240507
EX_h_e,2,mean_midpoint,-3.066455696202535
EX_h_e,2,median_range,6.132911392405013
EX_h_e,2,median_midpoint,-3.0664556962025067
EX_h_e,2,std_range,3.396252541420936
EX_h_e,2,frac_fixed,0.0
EX_h_e,2,frac_variable,1.0
EX_h_e,2,frac_bidirectional,0.0
EX_h_e,3,minimum,-7.642509651939999
EX_h_e,3,maximum,-0.19135905842776424
EX_h_e,3,mean_range,-1.566545635350334e-13
EX_h_e,3,mean_midpoint,-3.897714867214325
EX_h_e,3,median_range,-1.8474111129762605e-13
EX_h_e,3,median_midpoint,-3.8271811685346186
EX_h_e,3,std_range,8.518144383618425e-13
EX_h_e,3,frac_fixed,1.0
EX_h_e,3,frac_variable,0.0
EX_h_e,3,frac_bidirectional,0.0
EX_h_e,4,minimum,-9.376593862906844
EX_h_e,4,maximum,-7.654362337066857
EX_h_e,4,mean_range,7.94714721380912e-13
EX_h_e,4,mean_midpoint,-8.565974710391377
EX_h_e,4,median_range,2.877698079828406e-13
EX_h_e,4,median_midpoint,-8.611157629200928
EX_h_e,4,std_range,1.9039406274917887e-12
EX_h_e,4,frac_fixed,1.0
EX_h_e,4,frac_variable,0.0
EX_h_e,4,frac_bidirectional,0.0
EX_h_e,5,minimum,-9.55808620196484
EX_h_e,5,maximum,-0.19135905842307466
EX_h_e,5,mean_range,4.435480945495441
EX_h_e,5,mean_midpoint,-4.187731621603274
EX_h_e,5,median_range,4.294369579868743
EX_h_e,5,median_midpoint,-4.3305623605480505
EX_h_e,5,std_range,1.9563469444402282
EX_h_e,5,frac_fixed,0.0
EX_h_e,5,frac_variable,1.0
EX_h_e,5,frac_bidirectional,0.0
EX_h_e,6,minimum,-9.77263449971511
EX_h_e,6,maximum,-0.5740771752767557
EX_h_e,6,mean_range,1.2396737554013761
EX_h_e,6,mean_midpoint,-5.886994960894802
EX_h_e,6,median_range,1.0852514678731038
EX_h_e,6,median_midpoint,-6.1873446956305855
EX_h_e,6,std_range,0.8837149883055279
EX_h_e,6,frac_fixed,0.0
EX_h_e,6,frac_variable,1.0
EX_h_e,6,frac_bidirectional,0.0
EX_h_e,7,minimum,-10.391262901756832
EX_h_e,7,maximum,-6.123489869653305
EX_h_e,7,mean_range,2.1444039206052286
EX_h_e,7,mean_midpoint,-8.594084949227843
EX_h_e,7,median_range,2.223998392843871
EX_h_e,7,median_midpoint,-8.598775688478312
EX_h_e,7,std_range,1.0211265166052645
EX_h_e,7,frac_fixed,0.0
EX_h_e,7,frac_variable,1.0
EX_h_e,7,frac_bidirectional,0.0
EX_h_e,8,minimum,-12.135991879227877
EX_h_e,8,maximum,-0.19135905842539813
EX_h_e,8,mean_range,5.4076637112668875
EX_h_e,8,mean_midpoint,-5.605432330216562
EX_h_e,8,median_range,5.204347146154497
EX_h_e,8,median_midpoint,-6.027729151139614
EX_h_e,8,std_range,3.2208058945695295
EX_h_e,8,frac_fixed,0.0
EX_h_e,8,frac_variable,1.0
EX_h_e,8,frac_bidirectional,0.0
EX_h_e,9,minimum,-12.138536771868402
EX_h_e,9,maximum,-0.1913590584242968
EX_h_e,9,mean_range,7.800857853503543
EX_h_e,9,mean_midpoint,-6.662789528233534
EX_h_e,9,median_range,7.878120401326289
EX_h_e,9,median_midpoint,-6.640007893163149
EX_h_e,9,std_range,2.018971594714441
EX_h_e,9,frac_fixed,0.0
EX_h_e,9,frac_variable,1.0
EX_h_e,9,frac_bidirectional,0.0
EX_h_e,10,minimum,-9.567952921333557
EX_h_e,10,maximum,-0.19135905842517786
EX_h_e,10,mean_range,-2.4441695280174605e-13
EX_h_e,10,mean_midpoint,-4.87262380741132
EX_h_e,10,median_range,-1.5365486660812167e-13
EX_h_e,10,median_midpoint,-4.879655989880634
EX_h_e,10,std_range,2.0564631549970357e-12
EX_h_e,10,frac_fixed,1.0
EX_h_e,10,frac_variable,0.0
EX_h_e,10,frac_bidirectional,0.0
EX_h_e,11,minimum,0.0
EX_h_e,11,maximum,0.0
EX_h_e,11,mean_range,0.0
EX_h_e,11,mean_midpoint,0.0
EX_h_e,11,median_range,0.0
EX_h_e,11,median_midpoint,0.0
EX_h_e,11,std_range,0.0
EX_h_e,11,frac_fixed,1.0
EX_h_e,11,frac_variable,0.0
EX_h_e,11,frac_bidirectional,0.0
EX_h_e,12,minimum,0.0
EX_h_e,12,maximum,0.0
EX_h_e,12,mean_range,0.0
EX_h_e,12,mean_midpoint,0.0
EX_h_e,12,median_range,0.0
EX_h_e,12,median_midpoint,0.0
EX_h_e,12,std_range,0.0
EX_h_e,12,frac_fixed,1.0
EX_h_e,12,frac_variable,0.0
EX_h_e,12,frac_bidirectional,0.0
IGPS_c,1,minimum,0.0
IGPS_c,1,maximum,1.1039240506329113
IGPS_c,1,mean_range,0.6942455696202545
IGPS_c,1,mean_midpoint,0.34712278481012726
IGPS_c,1,median_range,0.7972784810126634
IGPS_c,1,median_midpoint,0.3986392405063317
IGPS_c,1,std_range,0.32604551761783446
IGPS_c,1,frac_fixed,0.0
IGPS_c,1,frac_variable,1.0
IGPS_c,1,frac_bidirectional,0.0
IGPS_c,2,minimum,0.0
IGPS_c,2,maximum,0.8410849909584102
IGPS_c,2,mean_range,0.43806509945749905
IGPS_c,2,mean_midpoint,0.21903254972874953
IGPS_c,2,median_range,0.4380650994574839
IGPS_c,2,median_midpoint,0.21903254972874195
IGPS_c,2,std_range,0.24258946724435357
IGPS_c,2,frac_fixed,0.0
IGPS_c,2,frac_variable,1.0
IGPS_c,2,frac_bidirectional,0.0
IGPS_c,3,minimum,0.00011090115244607875
IGPS_c,3,maximum,0.004429176935523364
IGPS_c,3,mean_range,-1.0784460255260715e-13
IGPS_c,3,mean_midpoint,0.0022589004890803017
IGPS_c,3,median_range,-8.75558306412394e-15
IGPS_c,3,median_midpoint,0.002218023048911228
IGPS_c,3,std_range,6.957019911122716e-13
IGPS_c,3,frac_fixed,1.0
IGPS_c,3,frac_variable,0.0
IGPS_c,3,frac_bidirectional,0.0
IGPS_c,4,minimum,0.00443604609784315
IGPS_c,4,maximum,0.005434156469677586
IGPS_c,4,mean_range,4.161534898734669e-15
IGPS_c,4,mean_midpoint,0.004964366333203038
IGPS_c,4,median_range,5.429684479807406e-16
IGPS_c,4,median_midpoint,0.00499055186006149
IGPS_c,4,std_range,8.783665012174755e-14
IGPS_c,4,frac_fixed,1.0
IGPS_c,4,frac_variable,0.0
IGPS_c,4,frac_bidirectional,0.0
IGPS_c,5,minimum,0.00011090115244607875
IGPS_c,5,maximum,0.6556052369558616
IGPS_c,5,mean_range,0.3168200675353855
IGPS_c,5,mean_midpoint,0.15955173194761132
IGPS_c,5,median_range,0.3067406842761369
IGPS_c,5,median_midpoint,0.15509573220824074
IGPS_c,5,std_range,0.13973906746001813
IGPS_c,5,frac_fixed,0.0
IGPS_c,5,frac_variable,1.0
IGPS_c,5,frac_bidirectional,0.0
IGPS_c,6,minimum,0.0003327034573382362
IGPS_c,6,maximum,0.2667367821838295
IGPS_c,6,mean_range,0.08860460060575043
IGPS_c,6,mean_midpoint,0.04735485452395353
IGPS_c,6,median_range,0.07751796199084313
IGPS_c,6,median_midpoint,0.041784248503153223
IGPS_c,6,std_range,0.06308477765338771
IGPS_c,6,frac_fixed,0.0
IGPS_c,6,frac_variable,1.0
IGPS_c,6,frac_bidirectional,0.0
IGPS_c,7,minimum,0.00354883687827452
IGPS_c,7,maximum,0.3060660554379112
IGPS_c,7,mean_range,0.1696593199821389
IGPS_c,7,mean_midpoint,0.08918892836798838
IGPS_c,7,median_range,0.17932134680971687
IGPS_c,7,median_midpoint,0.09409671950270158
IGPS_c,7,std_range,0.07758438500637468
IGPS_c,7,frac_fixed,0.0
IGPS_c,7,frac_variable,1.0
IGPS_c,7,frac_bidirectional,0.0
IGPS_c,8,minimum,0.00011090115244607875
IGPS_c,8,maximum,1.0825364717825232
IGPS_c,8,mean_range,0.46957845344762805
IGPS_c,8,mean_midpoint,0.23647083426941484
IGPS_c,8,median_range,0.45488596400703696
IGPS_c,8,median_midpoint,0.22905104871398663
IGPS_c,8,std_range,0.2827955647933068
IGPS_c,8,frac_fixed,0.0
IGPS_c,8,frac_variable,1.0
IGPS_c,8,frac_bidirectional,0.0
IGPS_c,9,minimum,0.00011090115244607875
IGPS_c,9,maximum,0.853480737826942
IGPS_c,9,mean_range,0.5577477721067446
IGPS_c,9,mean_midpoint,0.28047479785077944
IGPS_c,9,median_range,0.5627228858089812
IGPS_c,9,median_midpoint,0.2828031578862896
IGPS_c,9,std_range,0.14373058207600026
IGPS_c,9,frac_fixed,0.0
IGPS_c,9,frac_variable,1.0
IGPS_c,9,frac_bidirectional,0.0
IGPS_c,10,minimum,0.00011090115244607875
IGPS_c,10,maximum,0.005545057622440241
IGPS_c,10,mean_range,-1.1177956975032757e-14
IGPS_c,10,mean_midpoint,0.0028239039223957635
IGPS_c,10,median_range,3.80034545499619e-15
IGPS_c,10,median_midpoint,0.0028279793873617785
IGPS_c,10,std_range,1.1177679408989013e-13
IGPS_c,10,frac_fixed,1.0
IGPS_c,10,frac_variable,0.0
IGPS_c,10,frac_bidirectional,0.0
IGPS_c,11,minimum,0.0
IGPS_c,11,maximum,0.0
IGPS_c,11,mean_range,0.0
IGPS_c,11,mean_midpoint,0.0
IGPS_c,11,median_range,0.0
IGPS_c,11,median_midpoint,0.0
IGPS_c,11,std_range,0.0
IGPS_c,11,frac_fixed,1.0
IGPS_c,11,frac_variable,0.0
IGPS_c,11,frac_bidirectional,0.0
IGPS_c,12,minimum,0.0
IGPS_c,12,maximum,0.0
IGPS_c,12,mean_range,0.0
IGPS_c,12,mean_midpoint,0.0
IGPS_c,12,median_range,0.0
IGPS_c,12,median_midpoint,0.0
IGPS_c,12,std_range,0.0
IGPS_c,12,frac_fixed,1.0
IGPS_c,12,frac_variable,0.0
IGPS_c,12,frac_bidirectional,0.0
NO3t_e,1,minimum,0.0
NO3t_e,1,maximum,2.0
NO3t_e,1,mean_range,2.0
NO3t_e,1,mean_midpoint,1.0
NO3t_e,1,median_range,2.0
NO3t_e,1,median_midpoint,1.0
NO3t_e,1,std_range,0.0
NO3t_e,1,frac_fixed,0.0
NO3t_e,1,frac_variable,1.0
NO3t_e,1,frac_bidirectional,0.0
NO3t_e,2,minimum,0.0
NO3t_e,2,maximum,2.0
NO3t_e,2,mean_range,2.0
NO3t_e,2,mean_midpoint,1.0
NO3t_e,2,median_range,2.0
NO3t_e,2,median_midpoint,1.0
NO3t_e,2,std_range,0.0
NO3t_e,2,frac_fixed,0.0
NO3t_e,2,frac_variable,1.0
NO3t_e,2,frac_bidirectional,0.0
NO3t_e,3,minimum,0.017720475203320978
NO3t_e,3,maximum,2.0
NO3t_e,3,mean_range,1.6390588445488536
NO3t_e,3,mean_midpoint,1.180470577725573
NO3t_e,3,median_range,1.6455904959310605
NO3t_e,3,median_midpoint,1.1772047520344697
NO3t_e,3,std_range,0.20088955925818722
NO3t_e,3,frac_fixed,0.0
NO3t_e,3,frac_variable,1.0
NO3t_e,3,frac_bidirectional,0.0
NO3t_e,4,minimum,0.7088190081377133
NO3t_e,4,maximum,2.0
NO3t_e,4,mean_range,1.2067627020282243
NO3t_e,4,mean_midpoint,1.396618648985888
NO3t_e,4,median_range,1.2025786158450118
NO3t_e,4,median_midpoint,1.398710692077494
NO3t_e,4,std_range,0.04958653299805899
NO3t_e,4,frac_fixed,0.0
NO3t_e,4,frac_variable,1.0
NO3t_e,4,frac_bidirectional,0.0
NO3t_e,5,minimum,0.017720475203277873
NO3t_e,5,maximum,2.0
NO3t_e,5,mean_range,1.8175723710635538
NO3t_e,5,mean_midpoint,1.0912138144682229
NO3t_e,5,median_range,1.8405157231690177
NO3t_e,5,median_midpoint,1.079742138415491
NO3t_e,5,std_range,0.12254307871645079
NO3t_e,5,frac_fixed,0.0
NO3t_e,5,frac_variable,1.0
NO3t_e,5,frac_bidirectional,0.0
NO3t_e,6,minimum,0.053161425610281234
NO3t_e,6,maximum,2.0
NO3t_e,6,mean_range,1.5122439200252666
NO3t_e,6,mean_midpoint,1.2438780399873668
NO3t_e,6,median_range,1.5038266943035867
NO3t_e,6,median_midpoint,1.2480866528482066
NO3t_e,6,std_range,0.18959200517860245
NO3t_e,6,frac_fixed,0.0
NO3t_e,6,frac_variable,1.0
NO3t_e,6,frac_bidirectional,0.0
NO3t_e,7,minimum,0.5670552065101213
NO3t_e,7,maximum,2.0
NO3t_e,7,mean_range,1.3034490131569958
NO3t_e,7,mean_midpoint,1.3482754934215022
NO3t_e,7,median_range,1.308901467065597
NO3t_e,7,median_midpoint,1.3455492664672017
NO3t_e,7,std_range,0.06124158026117885
NO3t_e,7,frac_fixed,0.0
NO3t_e,7,frac_variable,1.0
NO3t_e,7,frac_bidirectional,0.0
NO3t_e,8,minimum,0.01772047520304694
NO3t_e,8,maximum,2.0
NO3t_e,8,mean_range,1.7313022979789792
NO3t_e,8,mean_midpoint,1.1343488510105104
NO3t_e,8,median_range,1.7519133471520334
NO3t_e,8,median_midpoint,1.1240433264239833
NO3t_e,8,std_range,0.1766398644107134
NO3t_e,8,frac_fixed,0.0
NO3t_e,8,frac_variable,1.0
NO3t_e,8,frac_bidirectional,0.0
NO3t_e,9,minimum,0.017720475203256553
NO3t_e,9,maximum,2.0
NO3t_e,9,mean_range,1.7441963660148485
NO3t_e,9,mean_midpoint,1.1279018169925759
NO3t_e,9,median_range,1.7519133471519712
NO3t_e,9,median_midpoint,1.1240433264240144
NO3t_e,9,std_range,0.15794042545197295
NO3t_e,9,frac_fixed,0.0
NO3t_e,9,frac_variable,1.0
NO3t_e,9,frac_bidirectional,0.0
NO3t_e,10,minimum,0.017720475203388
NO3t_e,10,maximum,2.0
NO3t_e,10,mean_range,1.548779085427922
NO3t_e,10,mean_midpoint,1.225610457286039
NO3t_e,10,median_range,1.548127882312124
NO3t_e,10,median_midpoint,1.225936058843938
NO3t_e,10,std_range,0.25424838403252015
NO3t_e,10,frac_fixed,0.0
NO3t_e,10,frac_variable,1.0
NO3t_e,10,frac_bidirectional,0.0
NO3t_e,11,minimum,0.0
NO3t_e,11,maximum,2.0
NO3t_e,11,mean_range,2.0
NO3t_e,11,mean_midpoint,1.0
NO3t_e,11,median_range,2.0
NO3t_e,11,median_midpoint,1.0
NO3t_e,11,std_range,0.0
NO3t_e,11,frac_fixed,0.0
NO3t_e,11,frac_variable,1.0
NO3t_e,11,frac_bidirectional,0.0
NO3t_e,12,minimum,0.0
NO3t_e,12,maximum,2.0
NO3t_e,12,mean_range,2.0
NO3t_e,12,mean_midpoint,1.0
NO3t_e,12,median_range,2.0
NO3t_e,12,median_midpoint,1.0
NO3t_e,12,std_range,0.0
NO3t_e,12,frac_fixed,0.0
NO3t_e,12,frac_variable,1.0
NO3t_e,12,frac_bidirectional,0.0
PHOt_e,1,minimum,2.6030769230769564
PHOt_e,1,maximum,100.0
PHOt_e,1,mean_range,73.54461538461533
PHOt_e,1,mean_midpoint,63.22769230769233
PHOt_e,1,median_range,73.54461538461179
PHOt_e,1,median_midpoint,63.227692307694106
PHOt_e,1,std_range,14.333453070459836
PHOt_e,1,frac_fixed,0.0
PHOt_e,1,frac_variable,1.0
PHOt_e,1,frac_bidirectional,0.0
PHOt_e,2,minimum,52.29538461538469
PHOt_e,2,maximum,100.0
PHOt_e,2,mean_range,24.846153846153772
PHOt_e,2,mean_midpoint,87.57692307692314
PHOt_e,2,median_range,24.846153846153868
PHOt_e,2,median_midpoint,87.57692307692307
PHOt_e,2,std_range,13.759176962679634
PHOt_e,2,frac_fixed,0.0
PHOt_e,2,frac_variable,1.0
PHOt_e,2,frac_bidirectional,0.0
PHOt_e,3,minimum,2.60307692307589
PHOt_e,3,maximum,100.0
PHOt_e,3,mean_range,58.898118832852425
PHOt_e,3,mean_midpoint,70.55094058357379
PHOt_e,3,median_range,59.63076923077291
PHOt_e,3,median_midpoint,70.18461538461355
PHOt_e,3,std_range,22.53362999856779
PHOt_e,3,frac_fixed,0.0
PHOt_e,3,frac_variable,1.0
PHOt_e,3,frac_bidirectional,0.0
PHOt_e,4,minimum,80.12307692306922
PHOt_e,4,maximum,100.0
PHOt_e,4,mean_range,10.40778732263838
PHOt_e,4,mean_midpoint,94.7961063386808
PHOt_e,4,median_range,9.938461538468715
PHOt_e,4,median_midpoint,95.03076923076564
PHOt_e,4,std_range,5.562083921218697
PHOt_e,4,frac_fixed,0.0
PHOt_e,4,frac_variable,1.0
PHOt_e,4,frac_bidirectional,0.0
PHOt_e,5,minimum,62.82799596290143
PHOt_e,5,maximum,100.0
PHOt_e,5,mean_range,17.96938434329431
PHOt_e,5,mean_midpoint,91.01530782835285
PHOt_e,5,median_range,17.397702400490914
PHOt_e,5,median_midpoint,91.30114879975454
PHOt_e,5,std_range,7.925713262090479
PHOt_e,5,frac_fixed,0.0
PHOt_e,5,frac_variable,1.0
PHOt_e,5,frac_bidirectional,0.0
PHOt_e,6,minimum,85.05993944321915
PHOt_e,6,maximum,100.0
PHOt_e,6,mean_range,5.056074791615337
PHOt_e,6,mean_midpoint,97.47196260419234
PHOt_e,6,median_range,4.4479705130740825
PHOt_e,6,median_midpoint,97.77601474346295
PHOt_e,6,std_range,3.558411244866953
PHOt_e,6,frac_fixed,0.0
PHOt_e,6,frac_variable,1.0
PHOt_e,6,frac_bidirectional,0.0
PHOt_e,7,minimum,80.77669050699168
PHOt_e,7,maximum,100.0
PHOt_e,7,mean_range,12.786576386323912
PHOt_e,7,mean_midpoint,93.60671180683804
PHOt_e,7,median_range,13.106300409524444
PHOt_e,7,median_midpoint,93.44684979523777
PHOt_e,7,std_range,3.369538231764899
PHOt_e,7,frac_fixed,0.0
PHOt_e,7,frac_variable,1.0
PHOt_e,7,frac_bidirectional,0.0
PHOt_e,8,minimum,3.893997981416125
PHOt_e,8,maximum,100.0
PHOt_e,8,mean_range,52.13055106591961
PHOt_e,8,mean_midpoint,73.9347244670402
PHOt_e,8,median_range,51.09663960736078
PHOt_e,8,median_midpoint,74.45168019631961
PHOt_e,8,std_range,17.86649958569297
PHOt_e,8,frac_fixed,0.0
PHOt_e,8,frac_variable,1.0
PHOt_e,8,frac_bidirectional,0.0
PHOt_e,9,minimum,51.59861336599249
PHOt_e,9,maximum,100.0
PHOt_e,9,mean_range,31.634309535902354
PHOt_e,9,mean_midpoint,84.18284523204882
PHOt_e,9,median_range,31.916487779727497
PHOt_e,9,median_midpoint,84.04175611013625
PHOt_e,9,std_range,8.152103783384732
PHOt_e,9,frac_fixed,0.0
PHOt_e,9,frac_variable,1.0
PHOt_e,9,frac_bidirectional,0.0
PHOt_e,10,minimum,99.99999999995129
PHOt_e,10,maximum,100.0
PHOt_e,10,mean_range,-3.3915417899573564e-13
PHOt_e,10,mean_midpoint,100.00000000000016
PHOt_e,10,median_range,-7.105427357601002e-13
PHOt_e,10,median_midpoint,100.00000000000036
PHOt_e,10,std_range,1.2372532651035565e-11
PHOt_e,10,frac_fixed,1.0
PHOt_e,10,frac_variable,0.0
PHOt_e,10,frac_bidirectional,0.0
PHOt_e,11,minimum,100.00000000000112
PHOt_e,11,maximum,100.0
PHOt_e,11,mean_range,-1.1226575225009583e-12
PHOt_e,11,mean_midpoint,100.00000000000057
PHOt_e,11,median_range,-1.1226575225009583e-12
PHOt_e,11,median_midpoint,100.00000000000057
PHOt_e,11,std_range,0.0
PHOt_e,11,frac_fixed,1.0
PHOt_e,11,frac_variable,0.0
PHOt_e,11,frac_bidirectional,0.0
PHOt_e,12,minimum,0.6153846153846154
PHOt_e,12,maximum,100.0
PHOt_e,12,mean_range,99.38461538461539
PHOt_e,12,mean_midpoint,50.30769230769231
PHOt_e,12,median_range,99.38461538461539
PHOt_e,12,median_midpoint,50.30769230769231
PHOt_e,12,std_range,0.0
PHOt_e,12,frac_fixed,0.0
PHOt_e,12,frac_variable,1.0
PHOt_e,12,frac_bidirectional,0.0
CA_h,1,minimum,-1000.0
CA_h,1,maximum,12.265822784810126
CA_h,1,mean_range,1001.6849996017429
CA_h,1,mean_midpoint,-494.4642719527702
CA_h,1,median_range,1001.9625316455696
CA_h,1,median_midpoint,-494.8437604482056
CA_h,1,std_range,1.024151345211196
CA_h,1,frac_fixed,0.0
CA_h,1,frac_variable,1.0
CA_h,1,frac_bidirectional,1.0
CA_h,2,minimum,-985.9651689683673
CA_h,2,maximum,24.041012658227846
CA_h,2,mean_range,913.6771073748554
CA_h,2,mean_midpoint,-438.43981951021243
CA_h,2,median_range,921.0689331309461
CA_h,2,median_midpoint,-442.1357323882578
CA_h,2,std_range,68.88641959100791
CA_h,2,frac_fixed,0.0
CA_h,2,frac_variable,1.0
CA_h,2,frac_bidirectional,1.0
CA_h,3,minimum,-1000.0
CA_h,3,maximum,5.737356683297464
CA_h,3,mean_range,1001.3960345725551
CA_h,3,mean_midpoint,-497.77193914422105
CA_h,3,median_range,1001.4365636718497
CA_h,3,median_midpoint,-498.1420950504913
CA_h,3,std_range,0.5490786660811269
CA_h,3,frac_fixed,0.0
CA_h,3,frac_variable,1.0
CA_h,3,frac_bidirectional,1.0
CA_h,4,minimum,-994.9707947548177
CA_h,4,maximum,7.039161992063504
CA_h,4,mean_range,992.5272970173495
CA_h,4,mean_midpoint,-489.8330315396603
CA_h,4,median_range,1000.3654020203038
CA_h,4,median_midpoint,-493.71816448682824
CA_h,4,std_range,16.638889081723182
CA_h,4,frac_fixed,0.0
CA_h,4,frac_variable,1.0
CA_h,4,frac_bidirectional,1.0
CA_h,5,minimum,-982.830873958356
CA_h,5,maximum,24.0126811853887
CA_h,5,mean_range,928.0164877747341
CA_h,5,mean_midpoint,-447.48411147624086
CA_h,5,median_range,938.0992174624155
CA_h,5,median_midpoint,-453.19503644803916
CA_h,5,std_range,51.11874844049709
CA_h,5,frac_fixed,0.0
CA_h,5,frac_variable,1.0
CA_h,5,frac_bidirectional,1.0
CA_h,6,minimum,-992.8637648107157
CA_h,6,maximum,23.465385328318007
CA_h,6,mean_range,914.1653763207878
CA_h,6,mean_midpoint,-443.349590431304
CA_h,6,median_range,920.3618979321823
CA_h,6,median_midpoint,-447.7887301799125
CA_h,6,std_range,60.14959463978978
CA_h,6,frac_fixed,0.0
CA_h,6,frac_variable,1.0
CA_h,6,frac_bidirectional,1.0
CA_h,7,minimum,-994.4350175099474
CA_h,7,maximum,9.887316919780254
CA_h,7,mean_range,999.5146092688611
CA_h,7,mean_midpoint,-492.02068654976017
CA_h,7,median_range,1000.0171499141752
CA_h,7,median_midpoint,-492.2981188950189
CA_h,7,std_range,1.1518600463513482
CA_h,7,frac_fixed,0.0
CA_h,7,frac_variable,1.0
CA_h,7,frac_bidirectional,1.0
CA_h,8,minimum,-1000.0
CA_h,8,maximum,11.746858400578576
CA_h,8,mean_range,1001.389651720282
CA_h,8,mean_midpoint,-494.29209513256035
CA_h,8,median_range,1001.4420984185688
CA_h,8,median_midpoint,-494.3843672999832
CA_h,8,std_range,0.8233967470010567
CA_h,8,frac_fixed,0.0
CA_h,8,frac_variable,1.0
CA_h,8,frac_bidirectional,1.0
CA_h,9,minimum,-990.8141539769064
CA_h,9,maximum,14.690655868933007
CA_h,9,mean_range,996.9061753763618
CA_h,9,mean_midpoint,-486.7386852355659
CA_h,9,median_range,997.5788820823254
CA_h,9,median_midpoint,-487.1981498440766
CA_h,9,std_range,2.3422933340889696
CA_h,9,frac_fixed,0.0
CA_h,9,frac_variable,1.0
CA_h,9,frac_bidirectional,1.0
CA_h,10,minimum,-895.7355611537282
CA_h,10,maximum,24.184669025412816
CA_h,10,mean_range,823.1368760986801
CA_h,10,mean_midpoint,-395.87194344575727
CA_h,10,median_range,823.3833723346731
CA_h,10,median_midpoint,-396.0079424750059
CA_h,10,std_range,47.590225581437224
CA_h,10,frac_fixed,0.0
CA_h,10,frac_variable,1.0
CA_h,10,frac_bidirectional,1.0
CA_h,11,minimum,-713.919795083078
CA_h,11,maximum,24.531645569620252
CA_h,11,mean_range,738.4514406526982
CA_h,11,mean_midpoint,-344.6940747567289
CA_h,11,median_range,738.4514406526982
CA_h,11,median_midpoint,-344.6940747567289
CA_h,11,std_range,0.0
CA_h,11,frac_fixed,0.0
CA_h,11,frac_variable,1.0
CA_h,11,frac_bidirectional,1.0
CA_h,12,minimum,-1000.0
CA_h,12,maximum,0.0
CA_h,12,mean_range,1000.0
CA_h,12,mean_midpoint,-500.0
CA_h,12,median_range,1000.0
CA_h,12,median_midpoint,-500.0
CA_h,12,std_range,0.0
CA_h,12,frac_fixed,0.0
CA_h,12,frac_variable,1.0
CA_h,12,frac_bidirectional,0.0
CA_m,1,minimum,-301.79950332183944
CA_m,1,maximum,1000.0
CA_m,1,mean_range,1288.582676027445
CA_m,1,mean_midpoint,355.6834239896857
CA_m,1,median_range,1290.8963187748166
CA_m,1,median_midpoint,354.5518406125917
CA_m,1,std_range,9.982661578775215
CA_m,1,frac_fixed,0.0
CA_m,1,frac_variable,1.0
CA_m,1,frac_bidirectional,1.0
CA_m,2,minimum,-266.01875477732904
CA_m,2,maximum,998.6636781931644
CA_m,2,mean_range,1144.8966836431082
CA_m,2,mean_midpoint,333.28151742397216
CA_m,2,median_range,1151.844376072625
CA_m,2,median_midpoint,335.99897123366713
CA_m,2,std_range,88.25907126614621
CA_m,2,frac_fixed,0.0
CA_m,2,frac_variable,1.0
CA_m,2,frac_bidirectional,1.0
CA_m,3,minimum,-301.49560396942906
CA_m,3,maximum,999.9999496504765
CA_m,3,mean_range,1279.541123854531
CA_m,3,mean_midpoint,360.2284125237753
CA_m,3,median_range,1279.9589270050274
CA_m,3,median_midpoint,360.0195295070322
CA_m,3,std_range,12.850087343664951
CA_m,3,frac_fixed,0.0
CA_m,3,frac_variable,1.0
CA_m,3,frac_bidirectional,1.0
CA_m,4,minimum,-257.2908077071057
CA_m,4,maximum,999.9979860190921
CA_m,4,mean_range,1242.596184916169
CA_m,4,mean_midpoint,370.80545412896095
CA_m,4,median_range,1251.6212604064854
CA_m,4,median_midpoint,372.93513199705797
CA_m,4,std_range,21.942814707399698
CA_m,4,frac_fixed,0.0
CA_m,4,frac_variable,1.0
CA_m,4,frac_bidirectional,1.0
CA_m,5,minimum,-255.442741161435
CA_m,5,maximum,992.3501120236081
CA_m,5,mean_range,1160.5165395335232
CA_m,5,mean_midpoint,341.0581610661337
CA_m,5,median_range,1172.9267317460772
CA_m,5,median_midpoint,345.31977539395416
CA_m,5,std_range,63.71655775420495
CA_m,5,frac_fixed,0.0
CA_m,5,frac_variable,1.0
CA_m,5,frac_bidirectional,1.0
CA_m,6,minimum,-250.33671509591542
CA_m,6,maximum,998.9152463603083
CA_m,6,mean_range,1143.324385538721
CA_m,6,mean_midpoint,340.706567988849
CA_m,6,median_range,1151.0425586120125
CA_m,6,median_midpoint,342.6175066472939
CA_m,6,std_range,74.1754275748543
CA_m,6,frac_fixed,0.0
CA_m,6,frac_variable,1.0
CA_m,6,frac_bidirectional,1.0
CA_m,7,minimum,-257.34493734307404
CA_m,7,maximum,1000.0
CA_m,7,mean_range,1252.2784679318866
CA_m,7,mean_midpoint,372.8301458642458
CA_m,7,median_range,1252.4465069654568
CA_m,7,median_midpoint,372.7042485356466
CA_m,7,std_range,3.3136844055910863
CA_m,7,frac_fixed,0.0
CA_m,7,frac_variable,1.0
CA_m,7,frac_bidirectional,1.0
CA_m,8,minimum,-300.95691602077915
CA_m,8,maximum,1000.0
CA_m,8,mean_range,1276.5163307696703
CA_m,8,mean_midpoint,361.72552928360795
CA_m,8,median_range,1275.8570137472586
CA_m,8,median_midpoint,362.0714931263707
CA_m,8,std_range,10.753995771116205
CA_m,8,frac_fixed,0.0
CA_m,8,frac_variable,1.0
CA_m,8,frac_bidirectional,1.0
CA_m,9,minimum,-267.5382796149523
CA_m,9,maximum,999.7385670151231
CA_m,9,mean_range,1253.741713266629
CA_m,9,mean_midpoint,368.74572606092704
CA_m,9,median_range,1253.8222331200086
CA_m,9,median_midpoint,368.7160555226078
CA_m,9,std_range,6.2064276952722315
CA_m,9,frac_fixed,0.0
CA_m,9,frac_variable,1.0
CA_m,9,frac_bidirectional,1.0
CA_m,10,minimum,-225.88453442289776
CA_m,10,maximum,902.6085004235734
CA_m,10,mean_range,1030.6995022241422
CA_m,10,mean_midpoint,307.6293144036252
CA_m,10,median_range,1030.9730254785875
CA_m,10,median_midpoint,307.73882125984386
CA_m,10,std_range,58.12446972678302
CA_m,10,frac_fixed,0.0
CA_m,10,frac_variable,1.0
CA_m,10,frac_bidirectional,1.0
CA_m,11,minimum,-188.86672946087322
CA_m,11,maximum,738.4514406526971
CA_m,11,mean_range,927.3181701135703
CA_m,11,mean_midpoint,274.79235559591194
CA_m,11,median_range,927.3181701135703
CA_m,11,median_midpoint,274.79235559591194
CA_m,11,std_range,0.0
CA_m,11,frac_fixed,0.0
CA_m,11,frac_variable,1.0
CA_m,11,frac_bidirectional,1.0
CA_m,12,minimum,-302.6290602838651
CA_m,12,maximum,1000.0
CA_m,12,mean_range,1302.629060283865
CA_m,12,mean_midpoint,348.68546985806745
CA_m,12,median_range,1302.629060283865
CA_m,12,median_midpoint,348.68546985806745
CA_m,12,std_range,0.0
CA_m,12,frac_fixed,0.0
CA_m,12,frac_variable,1.0
CA_m,12,frac_bidirectional,1.0
NAHCO3CLt_e,1,minimum,0.49063291139240306
NAHCO3CLt_e,1,maximum,12.265822784810126
NAHCO3CLt_e,1,mean_range,0.0
NAHCO3CLt_e,1,mean_midpoint,6.378227848101265
NAHCO3CLt_e,1,median_range,0.0
NAHCO3CLt_e,1,median_midpoint,6.378227848101265
NAHCO3CLt_e,1,std_range,0.0
NAHCO3CLt_e,1,frac_fixed,1.0
NAHCO3CLt_e,1,frac_variable,0.0
NAHCO3CLt_e,1,frac_bidirectional,0.0
NAHCO3CLt_e,2,minimum,12.756455696202531
NAHCO3CLt_e,2,maximum,24.041012658227846
NAHCO3CLt_e,2,mean_range,0.0
NAHCO3CLt_e,2,mean_midpoint,18.39873417721519
NAHCO3CLt_e,2,median_range,0.0
NAHCO3CLt_e,2,median_midpoint,18.39873417721519
NAHCO3CLt_e,2,std_range,0.0
NAHCO3CLt_e,2,frac_fixed,1.0
NAHCO3CLt_e,2,frac_variable,0.0
NAHCO3CLt_e,2,frac_bidirectional,0.0
NAHCO3CLt_e,3,minimum,0.171987840024115
NAHCO3CLt_e,3,maximum,6.868860759493671
NAHCO3CLt_e,3,mean_range,0.0
NAHCO3CLt_e,3,mean_midpoint,3.5031503946228724
NAHCO3CLt_e,3,median_range,0.0
NAHCO3CLt_e,3,median_midpoint,3.4397568004823
NAHCO3CLt_e,3,std_range,0.0
NAHCO3CLt_e,3,frac_fixed,1.0
NAHCO3CLt_e,3,frac_variable,0.0
NAHCO3CLt_e,3,frac_bidirectional,0.0
NAHCO3CLt_e,4,minimum,6.8795136009646
NAHCO3CLt_e,4,maximum,8.427404161181634
NAHCO3CLt_e,4,mean_range,0.0
NAHCO3CLt_e,4,mean_midpoint,7.698843735197432
NAHCO3CLt_e,4,median_range,0.0
NAHCO3CLt_e,4,median_midpoint,7.739452801085174
NAHCO3CLt_e,4,std_range,0.0
NAHCO3CLt_e,4,frac_fixed,1.0
NAHCO3CLt_e,4,frac_variable,0.0
NAHCO3CLt_e,4,frac_bidirectional,0.0
NAHCO3CLt_e,5,minimum,11.775189873417721
NAHCO3CLt_e,5,maximum,24.041012658227846
NAHCO3CLt_e,5,mean_range,0.0
NAHCO3CLt_e,5,mean_midpoint,16.81579746835443
NAHCO3CLt_e,5,median_range,0.0
NAHCO3CLt_e,5,median_midpoint,16.68151898734177
NAHCO3CLt_e,5,std_range,0.0
NAHCO3CLt_e,5,frac_fixed,1.0
NAHCO3CLt_e,5,frac_variable,0.0
NAHCO3CLt_e,5,frac_bidirectional,0.0
NAHCO3CLt_e,6,minimum,8.340759493670884
NAHCO3CLt_e,6,maximum,23.550379746835443
NAHCO3CLt_e,6,mean_range,0.0
NAHCO3CLt_e,6,mean_midpoint,14.51292151898734
NAHCO3CLt_e,6,median_range,0.0
NAHCO3CLt_e,6,median_midpoint,13.983037974683544
NAHCO3CLt_e,6,std_range,0.0
NAHCO3CLt_e,6,frac_fixed,1.0
NAHCO3CLt_e,6,frac_variable,0.0
NAHCO3CLt_e,6,frac_bidirectional,0.0
NAHCO3CLt_e,7,minimum,7.359493670886074
NAHCO3CLt_e,7,maximum,10.79392405063291
NAHCO3CLt_e,7,mean_range,0.0
NAHCO3CLt_e,7,mean_midpoint,8.850262901655306
NAHCO3CLt_e,7,median_range,0.0
NAHCO3CLt_e,7,median_midpoint,8.83139240506329
NAHCO3CLt_e,7,std_range,0.0
NAHCO3CLt_e,7,frac_fixed,1.0
NAHCO3CLt_e,7,frac_variable,0.0
NAHCO3CLt_e,7,frac_bidirectional,0.0
NAHCO3CLt_e,8,minimum,0.49063291139240306
NAHCO3CLt_e,8,maximum,11.775189873417721
NAHCO3CLt_e,8,mean_range,0.0
NAHCO3CLt_e,8,mean_midpoint,6.832324266092108
NAHCO3CLt_e,8,median_range,0.0
NAHCO3CLt_e,8,median_midpoint,6.868860759493671
NAHCO3CLt_e,8,std_range,0.0
NAHCO3CLt_e,8,frac_fixed,1.0
NAHCO3CLt_e,8,frac_variable,0.0
NAHCO3CLt_e,8,frac_bidirectional,0.0
NAHCO3CLt_e,9,minimum,9.8126582278481
NAHCO3CLt_e,9,maximum,14.718987341772152
NAHCO3CLt_e,9,mean_range,0.0
NAHCO3CLt_e,9,mean_midpoint,12.123380971825231
NAHCO3CLt_e,9,median_range,0.0
NAHCO3CLt_e,9,median_midpoint,12.265822784810126
NAHCO3CLt_e,9,std_range,0.0
NAHCO3CLt_e,9,frac_fixed,1.0
NAHCO3CLt_e,9,frac_variable,0.0
NAHCO3CLt_e,9,frac_bidirectional,0.0
NAHCO3CLt_e,10,minimum,8.59939200120575
NAHCO3CLt_e,10,maximum,24.21300049825196
NAHCO3CLt_e,10,mean_range,0.0
NAHCO3CLt_e,10,mean_midpoint,16.417906018281723
NAHCO3CLt_e,10,median_range,0.0
NAHCO3CLt_e,10,median_midpoint,16.406196249728858
NAHCO3CLt_e,10,std_range,0.0
NAHCO3CLt_e,10,frac_fixed,1.0
NAHCO3CLt_e,10,frac_variable,0.0
NAHCO3CLt_e,10,frac_bidirectional,0.0
NAHCO3CLt_e,11,minimum,24.531645569620252
NAHCO3CLt_e,11,maximum,24.531645569620252
NAHCO3CLt_e,11,mean_range,0.0
NAHCO3CLt_e,11,mean_midpoint,24.531645569620252
NAHCO3CLt_e,11,median_range,0.0
NAHCO3CLt_e,11,median_midpoint,24.531645569620252
NAHCO3CLt_e,11,std_range,0.0
NAHCO3CLt_e,11,frac_fixed,1.0
NAHCO3CLt_e,11,frac_variable,0.0
NAHCO3CLt_e,11,frac_bidirectional,0.0
NAHCO3CLt_e,12,minimum,0.0
NAHCO3CLt_e,12,maximum,0.0
NAHCO3CLt_e,12,mean_range,0.0
NAHCO3CLt_e,12,mean_midpoint,0.0
NAHCO3CLt_e,12,median_range,0.0
NAHCO3CLt_e,12,median_midpoint,0.0
NAHCO3CLt_e,12,std_range,0.0
NAHCO3CLt_e,12,frac_fixed,1.0
NAHCO3CLt_e,12,frac_variable,0.0
NAHCO3CLt_e,12,frac_bidirectional,0.0
