reaction_id,cluster,metric,value
EX_h_e,1,minimum,-6.99108298171593
EX_h_e,1,maximum,6.132911392405063
EX_h_e,1,mean_range,8.025614770489797
EX_h_e,1,mean_midpoint,-0.8236934611941855
EX_h_e,1,median_range,9.061518987341927
EX_h_e,1,median_midpoint,-0.8510126582280941
EX_h_e,1,std_range,3.7540139722122765
EX_h_e,1,frac_fixed,0.0
EX_h_e,1,frac_variable,1.0
EX_h_e,1,frac_bidirectional,1.0
EX_h_e,2,minimum,-5.396962025316501
EX_h_e,2,maximum,12.02050632911427
EX_h_e,2,mean_range,6.132911392405137
EX_h_e,2,mean_midpoint,6.13291139240512
EX_h_e,2,median_range,6.132911392404965
EX_h_e,2,median_midpoint,6.132911392405014
EX_h_e,2,std_range,3.3962525414210494
EX_h_e,2,frac_fixed,0.0
EX_h_e,2,frac_variable,1.0
EX_h_e,2,frac_bidirectional,0.3333333333333333
EX_h_e,3,minimum,-4.2080792721931655
EX_h_e,3,maximum,-0.10536513841486794
EX_h_e,3,mean_range,-9.225324906507904e-14
EX_h_e,3,mean_midpoint,-2.146139669902843
EX_h_e,3,median_range,-1.1324274851176597e-13
EX_h_e,3,median_midpoint,-2.1073027682923593
EX_h_e,3,std_range,9.471826774255875e-13
EX_h_e,3,frac_fixed,1.0
EX_h_e,3,frac_variable,0.0
EX_h_e,3,frac_bidirectional,0.0
EX_h_e,4,minimum,-5.162891782316088
EX_h_e,4,maximum,-4.214605536584287
EX_h_e,4,mean_range,1.0275541101761449e-13
EX_h_e,4,mean_midpoint,-4.716552842792784
EX_h_e,4,median_range,2.1316282072803006e-14
EX_h_e,4,median_midpoint,-4.741431228658264
EX_h_e,4,std_range,8.170629059037434e-13
EX_h_e,4,frac_fixed,1.0
EX_h_e,4,frac_variable,0.0
EX_h_e,4,frac_bidirectional,0.0
EX_h_e,5,minimum,-5.04754232788574
EX_h_e,5,maximum,5.249527692226572
EX_h_e,5,mean_range,0.03842974468599358
EX_h_e,5,mean_midpoint,-0.6893790096238132
EX_h_e,5,median_range,0.033320239783778405
EX_h_e,5,median_midpoint,-2.3107815165996595
EX_h_e,5,std_range,0.028231650339348043
EX_h_e,5,frac_fixed,0.0
EX_h_e,5,frac_variable,1.0
EX_h_e,5,frac_bidirectional,0.0
EX_h_e,6,minimum,-5.302114353769284
EX_h_e,6,maximum,11.201112698140992
EX_h_e,6,mean_range,1.2891101755104817
EX_h_e,6,mean_midpoint,1.5340139783471385
EX_h_e,6,median_range,1.1385758955989171
EX_h_e,6,median_midpoint,1.0014359632936305
EX_h_e,6,std_range,0.8713704788195872
EX_h_e,6,frac_fixed,0.0
EX_h_e,6,frac_variable,1.0
EX_h_e,6,frac_bidirectional,0.16230366492146597
EX_h_e,7,minimum,-5.7900398470192656
EX_h_e,7,maximum,-0.7265278443370562
EX_h_e,7,mean_range,2.0544205992930182
EX_h_e,7,mean_midpoint,-4.213687600065666
EX_h_e,7,median_range,2.1451723270641665
EX_h_e,7,median_midpoint,-4.3499726309853735
EX_h_e,7,std_range,1.064397411108191
EX_h_e,7,frac_fixed,0.0
EX_h_e,7,frac_variable,1.0
EX_h_e,7,frac_bidirectional,0.0
EX_h_e,8,minimum,-6.961068988223303
EX_h_e,8,maximum,5.69623587828228
EX_h_e,8,mean_range,5.4184181446242805
EX_h_e,8,mean_midpoint,-2.194342923654019
EX_h_e,8,median_range,5.2661624786315
EX_h_e,8,median_midpoint,-2.1038930341390945
EX_h_e,8,std_range,3.2038017477187646
EX_h_e,8,frac_fixed,0.0
EX_h_e,8,frac_variable,1.0
EX_h_e,8,frac_bidirectional,0.5674255691768827
EX_h_e,9,minimum,-6.005625379463332
EX_h_e,9,maximum,11.829147270687372
EX_h_e,9,mean_range,5.441353273320604
EX_h_e,9,mean_midpoint,2.8518227961147757
EX_h_e,9,median_range,5.166974084328013
EX_h_e,9,median_midpoint,2.346079262490551
EX_h_e,9,std_range,2.5260012035999857
EX_h_e,9,frac_fixed,0.0
EX_h_e,9,frac_variable,1.0
EX_h_e,9,frac_bidirectional,0.5248756218905473
EX_h_e,10,minimum,-5.268256920730622
EX_h_e,10,maximum,11.915141190699487
EX_h_e,10,mean_range,-5.103234907825781e-14
EX_h_e,10,mean_midpoint,3.3363292017296122
EX_h_e,10,median_range,-5.5067062021407764e-14
EX_h_e,10,median_midpoint,3.3234421349843277
EX_h_e,10,std_range,1.0613450158784404e-12
EX_h_e,10,frac_fixed,1.0
EX_h_e,10,frac_variable,0.0
EX_h_e,10,frac_bidirectional,0.0
EX_h_e,11,minimum,12.265822784810098
EX_h_e,11,maximum,12.265822784810439
EX_h_e,11,mean_range,3.410605131648481e-13
EX_h_e,11,mean_midpoint,12.265822784810268
EX_h_e,11,median_range,3.410605131648481e-13
EX_h_e,11,median_midpoint,12.265822784810268
EX_h_e,11,std_range,0.0
EX_h_e,11,frac_fixed,1.0
EX_h_e,11,frac_variable,0.0
EX_h_e,11,frac_bidirectional,0.0
EX_h_e,12,minimum,0.0
EX_h_e,12,maximum,0.0
EX_h_e,12,mean_range,0.0
EX_h_e,12,mean_midpoint,0.0
EX_h_e,12,median_range,0.0
EX_h_e,12,median_midpoint,0.0
EX_h_e,12,std_range,0.0
EX_h_e,12,frac_fixed,1.0
EX_h_e,12,frac_variable,0.0
EX_h_e,12,frac_bidirectional,0.0
DM_for_c,1,minimum,0.0
DM_for_c,1,maximum,12.265822784810121
DM_for_c,1,mean_range,6.378227848101227
DM_for_c,1,mean_midpoint,3.1891139240506137
DM_for_c,1,median_range,6.378227848101231
DM_for_c,1,median_midpoint,3.1891139240506154
DM_for_c,1,std_range,3.5380042389109616
DM_for_c,1,frac_fixed,0.0
DM_for_c,1,frac_variable,1.0
DM_for_c,1,frac_bidirectional,0.0
DM_for_c,2,minimum,0.9812658227847946
DM_for_c,2,maximum,24.041012658227853
DM_for_c,2,mean_range,6.132911392405109
DM_for_c,2,mean_midpoint,15.33227848101268
DM_for_c,2,median_range,6.132911392405056
DM_for_c,2,median_midpoint,15.332278481012654
DM_for_c,2,std_range,3.3962525414209197
DM_for_c,2,frac_fixed,0.0
DM_for_c,2,frac_variable,1.0
DM_for_c,2,frac_bidirectional,0.0
DM_for_c,3,minimum,0.0
DM_for_c,3,maximum,1.2065656633530875e-12
DM_for_c,3,mean_range,1.3353492185174183e-14
DM_for_c,3,mean_midpoint,6.676746092587092e-15
DM_for_c,3,median_range,0.0
DM_for_c,3,median_midpoint,0.0
DM_for_c,3,std_range,3.1698225944177925e-13
DM_for_c,3,frac_fixed,1.0
DM_for_c,3,frac_variable,0.0
DM_for_c,3,frac_bidirectional,0.0
DM_for_c,4,minimum,0.0
DM_for_c,4,maximum,0.0
DM_for_c,4,mean_range,0.0
DM_for_c,4,mean_midpoint,0.0
DM_for_c,4,median_range,0.0
DM_for_c,4,median_midpoint,0.0
DM_for_c,4,std_range,0.0
DM_for_c,4,frac_fixed,1.0
DM_for_c,4,frac_variable,0.0
DM_for_c,4,frac_bidirectional,0.0
DM_for_c,5,minimum,0.31734357637090893
DM_for_c,5,maximum,14.713660921036723
DM_for_c,5,mean_range,0.03842974468584314
DM_for_c,5,mean_midpoint,6.402355382971511
DM_for_c,5,median_range,0.03332023978355325
DM_for_c,5,median_midpoint,4.13540252811928
DM_for_c,5,std_range,0.028231650339390894
DM_for_c,5,frac_fixed,0.0
DM_for_c,5,frac_variable,1.0
DM_for_c,5,frac_bidirectional,0.0
DM_for_c,6,minimum,0.024029113682468337
DM_for_c,6,maximum,23.03441622676337
DM_for_c,6,mean_range,1.289110175510542
DM_for_c,6,mean_midpoint,9.386854320537061
DM_for_c,6,median_range,1.138575895599137
DM_for_c,6,median_midpoint,8.696749730560835
DM_for_c,6,std_range,0.8713704788196286
DM_for_c,6,frac_fixed,0.0
DM_for_c,6,frac_variable,1.0
DM_for_c,6,frac_bidirectional,0.0
DM_for_c,7,minimum,0.0
DM_for_c,7,maximum,5.2903131698611725
DM_for_c,7,mean_range,1.7940411391854574
DM_for_c,7,mean_midpoint,1.1017640090578302
DM_for_c,7,median_range,1.7798909640745375
DM_for_c,7,median_midpoint,0.8899454820372688
DM_for_c,7,std_range,1.0988479968042477
DM_for_c,7,frac_fixed,0.0
DM_for_c,7,frac_variable,1.0
DM_for_c,7,frac_bidirectional,0.0
DM_for_c,8,minimum,0.0
DM_for_c,8,maximum,11.603202033393327
DM_for_c,8,mean_range,4.248567310536841
DM_for_c,8,mean_midpoint,2.1243443942441713
DM_for_c,8,median_range,3.869075653044245
DM_for_c,8,median_midpoint,1.9345378265221225
DM_for_c,8,std_range,2.844953227160848
DM_for_c,8,frac_fixed,0.0
DM_for_c,8,frac_variable,1.0
DM_for_c,8,frac_bidirectional,0.0
DM_for_c,9,minimum,0.04533479662439746
DM_for_c,9,maximum,23.869024818203034
DM_for_c,9,mean_range,5.4413532733206145
DM_for_c,9,mean_midpoint,10.811550290283593
DM_for_c,9,median_range,5.166974084328133
DM_for_c,9,median_midpoint,10.041314563652588
DM_for_c,9,std_range,2.5260012035999777
DM_for_c,9,frac_fixed,0.0
DM_for_c,9,frac_variable,1.0
DM_for_c,9,frac_bidirectional,0.0
DM_for_c,10,minimum,0.0
DM_for_c,10,maximum,24.041012658227864
DM_for_c,10,mean_range,1.9207264505170558e-13
DM_for_c,10,mean_midpoint,12.038536414475633
DM_for_c,10,median_range,4.085620730620576e-14
DM_for_c,10,median_midpoint,12.020506329114014
DM_for_c,10,std_range,1.3597489008504411e-12
DM_for_c,10,frac_fixed,1.0
DM_for_c,10,frac_variable,0.0
DM_for_c,10,frac_bidirectional,0.0
DM_for_c,11,minimum,24.53164556962023
DM_for_c,11,maximum,24.531645569620252
DM_for_c,11,mean_range,2.1316282072803006e-14
DM_for_c,11,mean_midpoint,24.531645569620242
DM_for_c,11,median_range,2.1316282072803006e-14
DM_for_c,11,median_midpoint,24.531645569620242
DM_for_c,11,std_range,0.0
DM_for_c,11,frac_fixed,1.0
DM_for_c,11,frac_variable,0.0
DM_for_c,11,frac_bidirectional,0.0
DM_for_c,12,minimum,0.0
DM_for_c,12,maximum,0.0
DM_for_c,12,mean_range,0.0
DM_for_c,12,mean_midpoint,0.0
DM_for_c,12,median_range,0.0
DM_for_c,12,median_midpoint,0.0
DM_for_c,12,std_range,0.0
DM_for_c,12,frac_fixed,1.0
DM_for_c,12,frac_variable,0.0
DM_for_c,12,frac_bidirectional,0.0
MTOBTA_c,1,minimum,-1.516501726121979
MTOBTA_c,1,maximum,0.0
MTOBTA_c,1,mean_range,0.9973228998849375
MTOBTA_c,1,mean_midpoint,-0.49866144994246875
MTOBTA_c,1,median_range,1.1596777905638718
MTOBTA_c,1,median_midpoint,-0.5798388952819359
MTOBTA_c,1,std_range,0.42663968367145383
MTOBTA_c,1,frac_fixed,0.0
MTOBTA_c,1,frac_variable,1.0
MTOBTA_c,1,frac_bidirectional,0.0
MTOBTA_c,2,minimum,-1.0704718066743508
MTOBTA_c,2,maximum,0.0
MTOBTA_c,2,mean_range,0.5575373993095615
MTOBTA_c,2,mean_midpoint,-0.27876869965478074
MTOBTA_c,2,median_range,0.5575373993095454
MTOBTA_c,2,median_midpoint,-0.2787686996547727
MTOBTA_c,2,std_range,0.3087502310382591
MTOBTA_c,2,frac_fixed,0.0
MTOBTA_c,2,frac_variable,1.0
MTOBTA_c,2,frac_bidirectional,0.0
MTOBTA_c,3,minimum,7.378384132223197e-05
MTOBTA_c,3,maximum,0.0029467835183692313
MTOBTA_c,3,mean_range,-5.725785207274388e-15
MTOBTA_c,3,mean_midpoint,0.0015028730682879621
MTOBTA_c,3,median_range,0.0
MTOBTA_c,3,median_midpoint,0.0014756768264687268
MTOBTA_c,3,std_range,2.9654330846222296e-14
MTOBTA_c,3,frac_fixed,1.0
MTOBTA_c,3,frac_variable,0.0
MTOBTA_c,3,frac_bidirectional,0.0
MTOBTA_c,4,minimum,0.002951353652889279
MTOBTA_c,4,maximum,0.003615408224789368
MTOBTA_c,4,mean_range,8.130749012103832e-15
MTOBTA_c,4,mean_midpoint,0.0033028513204312556
MTOBTA_c,4,median_range,0.0
MTOBTA_c,4,median_midpoint,0.0033202728595305517
MTOBTA_c,4,std_range,4.398709317268236e-14
MTOBTA_c,4,frac_fixed,1.0
MTOBTA_c,4,frac_variable,0.0
MTOBTA_c,4,frac_bidirectional,0.0
MTOBTA_c,5,minimum,-0.0042613797307444745
MTOBTA_c,5,maximum,0.003615408224789368
MTOBTA_c,5,mean_range,0.0034936131532402746
MTOBTA_c,5,mean_midpoint,0.0009708982454154072
MTOBTA_c,5,median_range,0.003029112707574314
MTOBTA_c,5,median_midpoint,0.0009203104098580673
MTOBTA_c,5,std_range,0.002566513667218365
MTOBTA_c,5,frac_fixed,0.0
MTOBTA_c,5,frac_variable,1.0
MTOBTA_c,5,frac_bidirectional,0.6666666666666666
MTOBTA_c,6,minimum,-0.33303525444646764
MTOBTA_c,6,maximum,0.003541624383467133
MTOBTA_c,6,mean_range,0.11719183413730831
MTOBTA_c,6,mean_midpoint,-0.05660916159263196
MTOBTA_c,6,median_range,0.10350689959976342
MTOBTA_c,6,median_midpoint,-0.04987970360939077
MTOBTA_c,6,std_range,0.0792154980745132
MTOBTA_c,6,frac_fixed,0.0
MTOBTA_c,6,frac_variable,1.0
MTOBTA_c,6,frac_bidirectional,1.0
MTOBTA_c,7,minimum,-0.39271188042682265
MTOBTA_c,7,maximum,0.003541624383467133
MTOBTA_c,7,mean_range,0.2214839406597588
MTOBTA_c,7,mean_midpoint,-0.10781073954280529
MTOBTA_c,7,median_range,0.2373158754342207
MTOBTA_c,7,median_midpoint,-0.11585415174686554
MTOBTA_c,7,std_range,0.1029751225470876
MTOBTA_c,7,frac_fixed,0.0
MTOBTA_c,7,frac_variable,1.0
MTOBTA_c,7,frac_bidirectional,1.0
MTOBTA_c,8,minimum,-1.487460208519931
MTOBTA_c,8,maximum,0.002877569811567047
MTOBTA_c,8,mean_range,0.6766873399504464
MTOBTA_c,8,mean_midpoint,-0.33721662502949207
MTOBTA_c,8,median_range,0.6741346644526787
MTOBTA_c,8,median_midpoint,-0.3351798007988297
MTOBTA_c,8,std_range,0.3796138948163929
MTOBTA_c,8,frac_fixed,0.0
MTOBTA_c,8,frac_variable,1.0
MTOBTA_c,8,frac_bidirectional,1.0
MTOBTA_c,9,minimum,-1.0860332810170692
MTOBTA_c,9,maximum,0.002361082922311422
MTOBTA_c,9,mean_range,0.4946684793927833
MTOBTA_c,9,mean_midpoint,-0.24649838991186068
MTOBTA_c,9,median_range,0.46972491675705086
MTOBTA_c,9,median_midpoint,-0.23401394420331975
MTOBTA_c,9,std_range,0.22963647305453816
MTOBTA_c,9,frac_fixed,0.0
MTOBTA_c,9,frac_variable,1.0
MTOBTA_c,9,frac_bidirectional,1.0
MTOBTA_c,10,minimum,7.378384128459668e-05
MTOBTA_c,10,maximum,0.0036891920661115962
MTOBTA_c,10,mean_range,-5.875020522155827e-16
MTOBTA_c,10,mean_midpoint,0.001878776498927984
MTOBTA_c,10,median_range,0.0
MTOBTA_c,10,median_midpoint,0.0018814879537169473
MTOBTA_c,10,std_range,1.182552805628857e-14
MTOBTA_c,10,frac_fixed,1.0
MTOBTA_c,10,frac_variable,0.0
MTOBTA_c,10,frac_bidirectional,0.0
MTOBTA_c,11,minimum,0.0
MTOBTA_c,11,maximum,0.0
MTOBTA_c,11,mean_range,0.0
MTOBTA_c,11,mean_midpoint,0.0
MTOBTA_c,11,median_range,0.0
MTOBTA_c,11,median_midpoint,0.0
MTOBTA_c,11,std_range,0.0
MTOBTA_c,11,frac_fixed,1.0
MTOBTA_c,11,frac_variable,0.0
MTOBTA_c,11,frac_bidirectional,0.0
MTOBTA_c,12,minimum,0.0
MTOBTA_c,12,maximum,0.0
MTOBTA_c,12,mean_range,0.0
MTOBTA_c,12,mean_midpoint,0.0
MTOBTA_c,12,median_range,0.0
MTOBTA_c,12,median_midpoint,0.0
MTOBTA_c,12,std_range,0.0
MTOBTA_c,12,frac_fixed,1.0
MTOBTA_c,12,frac_variable,0.0
MTOBTA_c,12,frac_bidirectional,0.0
ATP2t_m,1,minimum,0.0
ATP2t_m,1,maximum,654.9448772395849
ATP2t_m,1,mean_range,635.0934140315308
ATP2t_m,1,mean_midpoint,317.5467070157654
ATP2t_m,1,median_range,635.3298898978127
ATP2t_m,1,median_midpoint,317.66494494890634
ATP2t_m,1,std_range,12.125860422491613
ATP2t_m,1,frac_fixed,0.0
ATP2t_m,1,frac_variable,1.0
ATP2t_m,1,frac_bidirectional,0.0
ATP2t_m,2,minimum,0.0
ATP2t_m,2,maximum,612.2235104477094
ATP2t_m,2,mean_range,590.5155863970771
ATP2t_m,2,mean_midpoint,295.25779319853854
ATP2t_m,2,median_range,590.515586397077
ATP2t_m,2,median_midpoint,295.2577931985385
ATP2t_m,2,std_range,13.066634777782413
ATP2t_m,2,frac_fixed,0.0
ATP2t_m,2,frac_variable,1.0
ATP2t_m,2,frac_bidirectional,0.0
ATP2t_m,3,minimum,0.0
ATP2t_m,3,maximum,655.4419406158694
ATP2t_m,3,mean_range,633.4097994388578
ATP2t_m,3,mean_midpoint,316.7048997194289
ATP2t_m,3,median_range,633.8290814741664
ATP2t_m,3,median_midpoint,316.9145407370832
ATP2t_m,3,std_range,12.895572397824392
ATP2t_m,3,frac_fixed,0.0
ATP2t_m,3,frac_variable,1.0
ATP2t_m,3,frac_bidirectional,0.0
ATP2t_m,4,minimum,0.015027184342763178
ATP2t_m,4,maximum,611.0787034302587
ATP2t_m,4,mean_range,603.9312050424575
ATP2t_m,4,mean_midpoint,303.44324334911573
ATP2t_m,4,median_range,603.8409754887862
ATP2t_m,4,median_midpoint,303.4706211748794
ATP2t_m,4,std_range,4.415356016807827
ATP2t_m,4,frac_fixed,0.0
ATP2t_m,4,frac_variable,1.0
ATP2t_m,4,frac_bidirectional,0.0
ATP2t_m,5,minimum,1.2299569834582604
ATP2t_m,5,maximum,596.4076493480438
ATP2t_m,5,mean_range,586.386444653467
ATP2t_m,5,mean_midpoint,295.4440829780197
ATP2t_m,5,median_range,588.8532509493361
ATP2t_m,5,median_midpoint,296.97265330395135
ATP2t_m,5,std_range,6.32597304578702
ATP2t_m,5,frac_fixed,0.0
ATP2t_m,5,frac_variable,1.0
ATP2t_m,5,frac_bidirectional,0.0
ATP2t_m,6,minimum,0.0016873524876760545
ATP2t_m,6,maximum,601.1614757172035
ATP2t_m,6,mean_range,588.2993515068199
ATP2t_m,6,mean_midpoint,295.16464047111134
ATP2t_m,6,median_range,589.4650636990884
ATP2t_m,6,median_midpoint,295.8447534964053
ATP2t_m,6,std_range,7.898412958774973
ATP2t_m,6,frac_fixed,0.0
ATP2t_m,6,frac_variable,1.0
ATP2t_m,6,frac_bidirectional,0.0
ATP2t_m,7,minimum,0.031112320274612415
ATP2t_m,7,maximum,610.044715283286
ATP2t_m,7,mean_range,603.6863205617256
ATP2t_m,7,mean_midpoint,302.77091545577133
ATP2t_m,7,median_range,603.420904486174
ATP2t_m,7,median_midpoint,302.61796937991824
ATP2t_m,7,std_range,2.836920507734095
ATP2t_m,7,frac_fixed,0.0
ATP2t_m,7,frac_variable,1.0
ATP2t_m,7,frac_bidirectional,0.0
ATP2t_m,8,minimum,0.0
ATP2t_m,8,maximum,654.3803641611838
ATP2t_m,8,mean_range,624.9432397497118
ATP2t_m,8,mean_midpoint,312.4716198748559
ATP2t_m,8,median_range,623.3572013379993
ATP2t_m,8,median_midpoint,311.67860066899965
ATP2t_m,8,std_range,11.212593370905891
ATP2t_m,8,frac_fixed,0.0
ATP2t_m,8,frac_variable,1.0
ATP2t_m,8,frac_bidirectional,0.0
ATP2t_m,9,minimum,0.0
ATP2t_m,9,maximum,613.5536569693403
ATP2t_m,9,mean_range,595.4241384072171
ATP2t_m,9,mean_midpoint,297.71206920360856
ATP2t_m,9,median_range,596.9119146120444
ATP2t_m,9,median_midpoint,298.4559573060222
ATP2t_m,9,std_range,10.121958218770851
ATP2t_m,9,frac_fixed,0.0
ATP2t_m,9,frac_variable,1.0
ATP2t_m,9,frac_bidirectional,0.0
ATP2t_m,10,minimum,0.06163100969118318
ATP2t_m,10,maximum,596.4566209279252
ATP2t_m,10,mean_range,579.8494116126491
ATP2t_m,10,mean_midpoint,291.49407668867417
ATP2t_m,10,median_range,579.8697239698579
ATP2t_m,10,median_midpoint,291.5064527320567
ATP2t_m,10,std_range,7.909356309740659
ATP2t_m,10,frac_fixed,0.0
ATP2t_m,10,frac_variable,1.0
ATP2t_m,10,frac_bidirectional,0.0
ATP2t_m,11,minimum,0.0
ATP2t_m,11,maximum,565.8123709104713
ATP2t_m,11,mean_range,565.8123709104713
ATP2t_m,11,mean_midpoint,282.90618545523563
ATP2t_m,11,median_range,565.8123709104713
ATP2t_m,11,median_midpoint,282.90618545523563
ATP2t_m,11,std_range,0.0
ATP2t_m,11,frac_fixed,0.0
ATP2t_m,11,frac_variable,1.0
ATP2t_m,11,frac_bidirectional,0.0
ATP2t_m,12,minimum,0.0
ATP2t_m,12,maximum,656.5794595180657
ATP2t_m,12,mean_range,656.5794595180657
ATP2t_m,12,mean_midpoint,328.28972975903287
ATP2t_m,12,median_range,656.5794595180657
ATP2t_m,12,median_midpoint,328.28972975903287
ATP2t_m,12,std_range,0.0
ATP2t_m,12,frac_fixed,0.0
ATP2t_m,12,frac_variable,1.0
ATP2t_m,12,frac_bidirectional,0.0
PIt_m,1,minimum,-12.020506329113942
PIt_m,1,maximum,654.9448772395856
PIt_m,1,mean_range,644.1701228922906
PIt_m,1,mean_midpoint,313.00835258538586
PIt_m,1,median_range,644.4065987585723
PIt_m,1,median_midpoint,313.12659051852665
PIt_m,1,std_range,13.894318206533262
PIt_m,1,frac_fixed,0.0
PIt_m,1,frac_variable,1.0
PIt_m,1,frac_bidirectional,1.0
PIt_m,2,minimum,-5.887594936708865
PIt_m,2,maximum,612.22351044771
PIt_m,2,mean_range,593.5820420932787
PIt_m,2,mean_midpoint,293.7245653504369
PIt_m,2,median_range,593.5820420932707
PIt_m,2,median_midpoint,293.72456535043284
PIt_m,2,std_range,14.764761048493025
PIt_m,2,frac_fixed,0.0
PIt_m,2,frac_variable,1.0
PIt_m,2,frac_bidirectional,1.0
PIt_m,3,minimum,-11.958606262937849
PIt_m,3,maximum,655.44184139181
PIt_m,3,mean_range,639.4160327289459
PIt_m,3,mean_midpoint,313.69976201982695
PIt_m,3,median_range,639.9485893403337
PIt_m,3,median_midpoint,313.85280232277864
PIt_m,3,std_range,16.37948149419746
PIt_m,3,frac_fixed,0.0
PIt_m,3,frac_variable,1.0
PIt_m,3,frac_bidirectional,0.9811320754716981
PIt_m,4,minimum,0.02283809002756243
PIt_m,4,maximum,611.0747344678214
PIt_m,4,mean_range,603.918022226184
PIt_m,4,mean_midpoint,303.4453931028983
PIt_m,4,median_range,603.8277231371612
PIt_m,4,median_midpoint,303.4727822679645
PIt_m,4,std_range,4.416176630672609
PIt_m,4,frac_fixed,0.0
PIt_m,4,frac_variable,1.0
PIt_m,4,frac_bidirectional,0.0
PIt_m,5,minimum,1.2338624363014787
PIt_m,5,maximum,596.4027873690742
PIt_m,5,mean_range,586.3755973582493
PIt_m,5,mean_midpoint,295.44585187273066
PIt_m,5,median_range,588.8410293361588
PIt_m,5,median_midpoint,296.97464631201194
PIt_m,5,std_range,6.322670668933151
PIt_m,5,frac_fixed,0.0
PIt_m,5,frac_variable,1.0
PIt_m,5,frac_bidirectional,0.0
PIt_m,6,minimum,0.003640078909569411
PIt_m,6,maximum,601.1584989953618
PIt_m,6,mean_range,588.2914216819802
PIt_m,6,mean_midpoint,295.1659336068524
PIt_m,6,median_range,589.4547563144891
PIt_m,6,median_midpoint,295.84590607938003
PIt_m,6,std_range,7.895882060669121
PIt_m,6,frac_fixed,0.0
PIt_m,6,frac_variable,1.0
PIt_m,6,frac_bidirectional,0.0
PIt_m,7,minimum,0.03872795331935208
PIt_m,7,maximum,610.0408455449075
PIt_m,7,mean_range,603.6746210108855
PIt_m,7,mean_midpoint,302.7728233298636
PIt_m,7,median_range,603.4076521345454
PIt_m,7,median_midpoint,302.62013047300155
PIt_m,7,std_range,2.837210880131546
PIt_m,7,frac_fixed,0.0
PIt_m,7,frac_variable,1.0
PIt_m,7,frac_bidirectional,0.0
PIt_m,8,minimum,-11.799357511096389
PIt_m,8,maximum,654.3802649371206
PIt_m,8,mean_range,630.3916409907581
PIt_m,8,mean_midpoint,309.74590361114775
PIt_m,8,median_range,628.5726362661443
PIt_m,8,median_midpoint,309.14593667740803
PIt_m,8,std_range,13.783579698130218
PIt_m,8,frac_fixed,0.0
PIt_m,8,frac_variable,1.0
PIt_m,8,frac_bidirectional,1.0
PIt_m,9,minimum,-5.91176257438903
PIt_m,9,maximum,613.5535577452889
PIt_m,9,mean_range,597.443300725172
PIt_m,9,mean_midpoint,296.70136399892704
PIt_m,9,median_range,598.7784376447744
PIt_m,9,median_midpoint,297.4982147323494
PIt_m,9,std_range,11.112281916710474
PIt_m,9,frac_fixed,0.0
PIt_m,9,frac_variable,1.0
PIt_m,9,frac_bidirectional,1.0
PIt_m,10,minimum,0.061826282333271365
PIt_m,10,maximum,596.4516597248988
PIt_m,10,mean_range,579.8419127690692
PIt_m,10,mean_midpoint,291.495299543258
PIt_m,10,median_range,579.8622143039383
PIt_m,10,median_midpoint,291.50767735147224
PIt_m,10,std_range,7.905130954043301
PIt_m,10,frac_fixed,0.0
PIt_m,10,frac_variable,1.0
PIt_m,10,frac_bidirectional,0.0
PIt_m,11,minimum,0.0
PIt_m,11,maximum,565.8123709104711
PIt_m,11,mean_range,565.8123709104711
PIt_m,11,mean_midpoint,282.9061854552356
PIt_m,11,median_range,565.8123709104711
PIt_m,11,median_midpoint,282.9061854552356
PIt_m,11,std_range,0.0
PIt_m,11,frac_fixed,0.0
PIt_m,11,frac_variable,1.0
PIt_m,11,frac_bidirectional,0.0
PIt_m,12,minimum,-12.265822784810098
PIt_m,12,maximum,656.5794595180661
PIt_m,12,mean_range,668.8452823028762
PIt_m,12,mean_midpoint,322.156818366628
PIt_m,12,median_range,668.8452823028762
PIt_m,12,median_midpoint,322.156818366628
PIt_m,12,std_range,0.0
PIt_m,12,frac_fixed,0.0
PIt_m,12,frac_variable,1.0
PIt_m,12,frac_bidirectional,1.0
ATPS_m,1,minimum,-7.848409183313905
ATPS_m,1,maximum,458.69536367332506
ATPS_m,1,mean_range,452.4459417850358
ATPS_m,1,mean_midpoint,220.59825197360846
ATPS_m,1,median_range,452.9845761526576
ATPS_m,1,median_midpoint,220.6064105385845
ATPS_m,1,std_range,9.041322776335132
ATPS_m,1,frac_fixed,0.0
ATPS_m,1,frac_variable,1.0
ATPS_m,1,frac_bidirectional,1.0
ATPS_m,2,minimum,0.84632837468573
ATPS_m,2,maximum,433.0665973490907
ATPS_m,2,mean_range,386.1595619762511
ATPS_m,2,mean_midpoint,227.5194579122084
ATPS_m,2,median_range,386.2167669411166
ATPS_m,2,median_midpoint,227.54520122030436
ATPS_m,2,std_range,27.805950163148648
ATPS_m,2,frac_fixed,0.0
ATPS_m,2,frac_variable,1.0
ATPS_m,2,frac_bidirectional,0.0
ATPS_m,3,minimum,-7.811518500376261
ATPS_m,3,maximum,458.4123268065065
ATPS_m,3,mean_range,438.8042236592772
ATPS_m,3,mean_midpoint,215.47273710376783
ATPS_m,3,median_range,439.3260319882633
ATPS_m,3,median_midpoint,215.6597622417029
ATPS_m,3,std_range,16.048903882599717
ATPS_m,3,frac_fixed,0.0
ATPS_m,3,frac_variable,1.0
ATPS_m,3,frac_bidirectional,1.0
ATPS_m,4,minimum,0.005445982254909332
ATPS_m,4,maximum,411.0179902667122
ATPS_m,4,mean_range,402.51010868539583
ATPS_m,4,mean_midpoint,203.97367629192033
ATPS_m,4,median_range,403.9341723584907
ATPS_m,4,median_midpoint,203.9895115069018
ATPS_m,4,std_range,7.026408486710544
ATPS_m,4,frac_fixed,0.0
ATPS_m,4,frac_variable,1.0
ATPS_m,4,frac_bidirectional,0.0
ATPS_m,5,minimum,23.974350662422122
ATPS_m,5,maximum,403.9709890325572
ATPS_m,5,mean_range,363.21476594886985
ATPS_m,5,mean_midpoint,219.70930345900044
ATPS_m,5,median_range,367.09567501545746
ATPS_m,5,median_midpoint,217.02068144529906
ATPS_m,5,std_range,10.677742535295582
ATPS_m,5,frac_fixed,0.0
ATPS_m,5,frac_variable,1.0
ATPS_m,5,frac_bidirectional,0.0
ATPS_m,6,minimum,2.5134792853536583
ATPS_m,6,maximum,410.4713367730463
ATPS_m,6,mean_range,377.30872817484527
ATPS_m,6,mean_midpoint,217.02654179226477
ATPS_m,6,median_range,379.1945650371513
ATPS_m,6,median_midpoint,215.63093096642598
ATPS_m,6,std_range,17.04815179328599
ATPS_m,6,frac_fixed,0.0
ATPS_m,6,frac_variable,1.0
ATPS_m,6,frac_bidirectional,0.0
ATPS_m,7,minimum,0.019935657326925593
ATPS_m,7,maximum,410.9950661502173
ATPS_m,7,mean_range,405.92175291701113
ATPS_m,7,mean_midpoint,204.41991637688136
ATPS_m,7,median_range,405.91223970695523
ATPS_m,7,median_midpoint,204.45260233235715
ATPS_m,7,std_range,3.336510591975147
ATPS_m,7,frac_fixed,0.0
ATPS_m,7,frac_variable,1.0
ATPS_m,7,frac_bidirectional,0.0
ATPS_m,8,minimum,-7.7053649631221095
ATPS_m,8,maximum,457.8069159276897
ATPS_m,8,mean_range,435.98491403161233
ATPS_m,8,mean_midpoint,214.60291752403356
ATPS_m,8,median_range,435.9879571513625
ATPS_m,8,median_midpoint,214.66406982736
ATPS_m,8,std_range,12.82889635429045
ATPS_m,8,frac_fixed,0.0
ATPS_m,8,frac_variable,1.0
ATPS_m,8,frac_bidirectional,0.9754816112084063
ATPS_m,9,minimum,-0.5803449226502337
ATPS_m,9,maximum,433.2848751610876
ATPS_m,9,mean_range,394.9452562720423
ATPS_m,9,mean_midpoint,219.83938064918408
ATPS_m,9,median_range,397.83917132197365
ATPS_m,9,median_midpoint,218.97127865584764
ATPS_m,9,std_range,21.079976683037
ATPS_m,9,frac_fixed,0.0
ATPS_m,9,frac_variable,1.0
ATPS_m,9,frac_bidirectional,0.012437810945273632
ATPS_m,10,minimum,24.94614687227946
ATPS_m,10,maximum,406.58756429753123
ATPS_m,10,mean_range,351.89583012028544
ATPS_m,10,mean_midpoint,227.09671221405313
ATPS_m,10,median_range,351.96924294555424
ATPS_m,10,median_midpoint,227.09412453597525
ATPS_m,10,std_range,13.061462988331176
ATPS_m,10,frac_fixed,0.0
ATPS_m,10,frac_variable,1.0
ATPS_m,10,frac_bidirectional,0.0
ATPS_m,11,minimum,78.3445911148436
ATPS_m,11,maximum,406.68621418697387
ATPS_m,11,mean_range,328.3416230721303
ATPS_m,11,mean_midpoint,242.51540265090873
ATPS_m,11,median_range,328.3416230721303
ATPS_m,11,median_midpoint,242.51540265090873
ATPS_m,11,std_range,0.0
ATPS_m,11,frac_fixed,0.0
ATPS_m,11,frac_variable,1.0
ATPS_m,11,frac_bidirectional,0.0
ATPS_m,12,minimum,-8.011953487111375
ATPS_m,12,maximum,459.62756620497095
ATPS_m,12,mean_range,467.63951969208233
ATPS_m,12,mean_midpoint,225.80780635892978
ATPS_m,12,median_range,467.63951969208233
ATPS_m,12,median_midpoint,225.80780635892978
ATPS_m,12,std_range,0.0
ATPS_m,12,frac_fixed,0.0
ATPS_m,12,frac_variable,1.0
ATPS_m,12,frac_bidirectional,1.0
H2Ot_e,1,minimum,-1.1864240506328088
H2Ot_e,1,maximum,9.199367088608255
H2Ot_e,1,mean_range,6.1853012658228135
H2Ot_e,1,mean_midpoint,2.711536708860803
H2Ot_e,1,median_range,7.258006329113934
H2Ot_e,1,median_midpoint,2.7492246835443224
H2Ot_e,1,std_range,2.800002322157022
H2Ot_e,1,frac_fixed,0.0
H2Ot_e,1,frac_variable,1.0
H2Ot_e,1,frac_bidirectional,0.84
H2Ot_e,2,minimum,2.031374321880495
H2Ot_e,2,maximum,12.143164556961608
H2Ot_e,2,mean_range,3.8649819168174737
H2Ot_e,2,mean_midpoint,8.800103978300122
H2Ot_e,2,median_range,3.8649819168173876
H2Ot_e,2,median_midpoint,8.800103978300141
H2Ot_e,2,std_range,2.0620104715771315
H2Ot_e,2,frac_fixed,0.0
H2Ot_e,2,frac_variable,1.0
H2Ot_e,2,frac_bidirectional,0.0
H2Ot_e,3,minimum,0.042710665601259024
H2Ot_e,3,maximum,1.705781146560744
H2Ot_e,3,mean_range,-1.2437640016437485e-13
H2Ot_e,3,mean_midpoint,0.8699561842854822
H2Ot_e,3,median_range,-5.608846720406291e-13
H2Ot_e,3,median_midpoint,0.8542133119985431
H2Ot_e,3,std_range,2.805322623917364e-12
H2Ot_e,3,frac_fixed,1.0
H2Ot_e,3,frac_variable,0.0
H2Ot_e,3,frac_bidirectional,0.0
H2Ot_e,4,minimum,1.7084266239962584
H2Ot_e,4,maximum,2.0928226143941235
H2Ot_e,4,mean_range,-2.345815849261831e-13
H2Ot_e,4,mean_midpoint,1.9118952841880619
H2Ot_e,4,median_range,4.574118861455645e-14
H2Ot_e,4,median_midpoint,1.9219799519953717
H2Ot_e,4,std_range,1.6333717807540476e-12
H2Ot_e,4,frac_fixed,1.0
H2Ot_e,4,frac_variable,0.0
H2Ot_e,4,frac_bidirectional,0.0
H2Ot_e,5,minimum,2.2081720688232878
H2Ot_e,5,maximum,8.212375377699303
H2Ot_e,5,mean_range,0.048037180858496585
H2Ot_e,5,mean_midpoint,4.769550156329007
H2Ot_e,5,median_range,0.04165029973182355
H2Ot_e,5,median_midpoint,3.837279118228107
H2Ot_e,5,std_range,0.03528956292441153
H2Ot_e,5,frac_fixed,0.0
H2Ot_e,5,frac_variable,1.0
H2Ot_e,5,frac_bidirectional,0.0
H2Ot_e,6,minimum,2.0085704573392036
H2Ot_e,6,maximum,11.65167276235119
H2Ot_e,6,mean_range,0.9045089524199325
H2Ot_e,6,mean_midpoint,6.0357851183071
H2Ot_e,6,median_range,0.8190696881709769
H2Ot_e,6,median_midpoint,5.713780761608833
H2Ot_e,6,std_range,0.5340061761010241
H2Ot_e,6,frac_fixed,0.0
H2Ot_e,6,frac_variable,1.0
H2Ot_e,6,frac_bidirectional,0.0
H2Ot_e,7,minimum,1.2265088170796545
H2Ot_e,7,maximum,4.897167692927695
H2Ot_e,7,mean_range,1.4996459503627741
H2Ot_e,7,mean_midpoint,2.537562675353011
H2Ot_e,7,median_range,1.5486008869170882
H2Ot_e,7,median_midpoint,2.410310853357343
H2Ot_e,7,std_range,0.7069839944171946
H2Ot_e,7,frac_fixed,0.0
H2Ot_e,7,frac_variable,1.0
H2Ot_e,7,frac_bidirectional,0.0
H2Ot_e,8,minimum,-1.12187776405246
H2Ot_e,8,maximum,8.95376433850518
H2Ot_e,8,mean_range,4.210362129997266
H2Ot_e,8,mean_midpoint,2.4438058841339374
H2Ot_e,8,median_range,4.110549280521823
H2Ot_e,8,median_midpoint,2.4222170620773325
H2Ot_e,8,std_range,2.436704665809399
H2Ot_e,8,frac_fixed,0.0
H2Ot_e,8,frac_variable,1.0
H2Ot_e,8,frac_bidirectional,0.3397548161120841
H2Ot_e,9,minimum,1.6819283391519093
H2Ot_e,9,maximum,12.02022003470769
H2Ot_e,9,mean_range,3.438484711565083
H2Ot_e,9,mean_midpoint,6.891051145277974
H2Ot_e,9,median_range,3.271873486229777
H2Ot_e,9,median_midpoint,6.613737394386092
H2Ot_e,9,std_range,1.534629854745576
H2Ot_e,9,frac_fixed,0.0
H2Ot_e,9,frac_variable,1.0
H2Ot_e,9,frac_bidirectional,0.0
H2Ot_e,10,minimum,2.135533279994214
H2Ot_e,10,maximum,12.063216994709066
H2Ot_e,10,mean_range,-5.843943215523257e-13
H2Ot_e,10,mean_midpoint,7.106820621759569
H2Ot_e,10,median_range,-3.375077994860476e-14
H2Ot_e,10,median_midpoint,7.099375137353808
H2Ot_e,10,std_range,1.1565146506182553e-11
H2Ot_e,10,frac_fixed,1.0
H2Ot_e,10,frac_variable,0.0
H2Ot_e,10,frac_bidirectional,0.0
H2Ot_e,11,minimum,12.265822784810055
H2Ot_e,11,maximum,12.265822784810087
H2Ot_e,11,mean_range,3.197442310920451e-14
H2Ot_e,11,mean_midpoint,12.265822784810071
H2Ot_e,11,median_range,3.197442310920451e-14
H2Ot_e,11,median_midpoint,12.265822784810071
H2Ot_e,11,std_range,0.0
H2Ot_e,11,frac_fixed,1.0
H2Ot_e,11,frac_variable,0.0
H2Ot_e,11,frac_bidirectional,0.0
H2Ot_e,12,minimum,0.0
H2Ot_e,12,maximum,0.0
H2Ot_e,12,mean_range,0.0
H2Ot_e,12,mean_midpoint,0.0
H2Ot_e,12,median_range,0.0
H2Ot_e,12,median_midpoint,0.0
H2Ot_e,12,std_range,0.0
H2Ot_e,12,frac_fixed,1.0
H2Ot_e,12,frac_variable,0.0
H2Ot_e,12,frac_bidirectional,0.0
FTHDF_c,1,minimum,0.0
FTHDF_c,1,maximum,303.9474598162256
FTHDF_c,1,mean_range,292.7809425695076
FTHDF_c,1,mean_midpoint,146.3904712847538
FTHDF_c,1,median_range,295.0274256634048
FTHDF_c,1,median_midpoint,147.5137128317024
FTHDF_c,1,std_range,8.518486957081667
FTHDF_c,1,frac_fixed,0.0
FTHDF_c,1,frac_variable,1.0
FTHDF_c,1,frac_bidirectional,0.0
FTHDF_c,2,minimum,0.9812658227847892
FTHDF_c,2,maximum,273.9123330879943
FTHDF_c,2,mean_range,235.98617315615422
FTHDF_c,2,mean_midpoint,130.25890936288727
FTHDF_c,2,median_range,236.36476249403148
FTHDF_c,2,median_midpoint,130.44820403182587
FTHDF_c,2,std_range,22.549370133988404
FTHDF_c,2,frac_fixed,0.0
FTHDF_c,2,frac_variable,1.0
FTHDF_c,2,frac_bidirectional,0.0
FTHDF_c,3,minimum,0.0
FTHDF_c,3,maximum,303.4512364938636
FTHDF_c,3,mean_range,280.77364326669516
FTHDF_c,3,mean_midpoint,140.38682163334758
FTHDF_c,3,median_range,281.20520855886156
FTHDF_c,3,median_midpoint,140.60260427943078
FTHDF_c,3,std_range,13.273360175018128
FTHDF_c,3,frac_fixed,0.0
FTHDF_c,3,frac_variable,1.0
FTHDF_c,3,frac_bidirectional,0.0
FTHDF_c,4,minimum,0.0
FTHDF_c,4,maximum,257.78833704833164
FTHDF_c,4,mean_range,250.73588857848475
FTHDF_c,4,mean_midpoint,125.36794428924237
FTHDF_c,4,median_range,251.93411917070162
FTHDF_c,4,median_midpoint,125.96705958535081
FTHDF_c,4,std_range,5.918304507880388
FTHDF_c,4,frac_fixed,0.0
FTHDF_c,4,frac_variable,1.0
FTHDF_c,4,frac_bidirectional,0.0
FTHDF_c,5,minimum,0.16619560748538062
FTHDF_c,5,maximum,227.32406337308885
FTHDF_c,5,mean_range,216.17904498623128
FTHDF_c,5,mean_midpoint,114.35904497271561
FTHDF_c,5,median_range,219.80335950965022
FTHDF_c,5,median_midpoint,113.89741013435375
FTHDF_c,5,std_range,9.754857905252122
FTHDF_c,5,frac_fixed,0.0
FTHDF_c,5,frac_variable,1.0
FTHDF_c,5,frac_bidirectional,0.0
FTHDF_c,6,minimum,0.0
FTHDF_c,6,maximum,256.0879074589303
FTHDF_c,6,mean_range,229.98781733683717
FTHDF_c,6,mean_midpoint,123.65378162959232
FTHDF_c,6,median_range,232.1612105864403
FTHDF_c,6,median_midpoint,125.19132867550674
FTHDF_c,6,std_range,15.633949331442505
FTHDF_c,6,frac_fixed,0.0
FTHDF_c,6,frac_variable,1.0
FTHDF_c,6,frac_bidirectional,0.0
FTHDF_c,7,minimum,0.0
FTHDF_c,7,maximum,259.4375699524864
FTHDF_c,7,mean_range,254.9182777250218
FTHDF_c,7,mean_midpoint,127.63603195936862
FTHDF_c,7,median_range,255.26984600773147
FTHDF_c,7,median_midpoint,127.90092918117608
FTHDF_c,7,std_range,2.959030848904797
FTHDF_c,7,frac_fixed,0.0
FTHDF_c,7,frac_variable,1.0
FTHDF_c,7,frac_bidirectional,0.0
FTHDF_c,8,minimum,0.0
FTHDF_c,8,maximum,303.14771453194527
FTHDF_c,8,mean_range,280.28905777596657
FTHDF_c,8,mean_midpoint,140.14452888798328
FTHDF_c,8,median_range,279.95205026102167
FTHDF_c,8,median_midpoint,139.97602513051083
FTHDF_c,8,std_range,10.57401984067175
FTHDF_c,8,frac_fixed,0.0
FTHDF_c,8,frac_variable,1.0
FTHDF_c,8,frac_bidirectional,0.0
FTHDF_c,9,minimum,0.023742229642059298
FTHDF_c,9,maximum,275.2378026151874
FTHDF_c,9,mean_range,244.33217982801244
FTHDF_c,9,mean_midpoint,130.2220195199963
FTHDF_c,9,median_range,246.92291006170188
FTHDF_c,9,median_midpoint,130.20418981908878
FTHDF_c,9,std_range,17.42360755559703
FTHDF_c,9,frac_fixed,0.0
FTHDF_c,9,frac_variable,1.0
FTHDF_c,9,frac_bidirectional,0.0
FTHDF_c,10,minimum,0.0
FTHDF_c,10,maximum,225.65212510592798
FTHDF_c,10,mean_range,205.81959698709937
FTHDF_c,10,mean_midpoint,114.87167051352296
FTHDF_c,10,median_range,205.88311064864854
FTHDF_c,10,median_midpoint,114.88340301657269
FTHDF_c,10,std_range,11.915457828018264
FTHDF_c,10,frac_fixed,0.0
FTHDF_c,10,frac_variable,1.0
FTHDF_c,10,frac_bidirectional,0.0
FTHDF_c,11,minimum,24.531645569620213
FTHDF_c,11,maximum,209.1445057327953
FTHDF_c,11,mean_range,184.61286016317507
FTHDF_c,11,mean_midpoint,116.83807565120776
FTHDF_c,11,median_range,184.61286016317507
FTHDF_c,11,median_midpoint,116.83807565120776
FTHDF_c,11,std_range,0.0
FTHDF_c,11,frac_fixed,0.0
FTHDF_c,11,frac_variable,1.0
FTHDF_c,11,frac_bidirectional,0.0
FTHDF_c,12,minimum,0.0
FTHDF_c,12,maximum,304.62208006938954
FTHDF_c,12,mean_range,304.62208006938954
FTHDF_c,12,mean_midpoint,152.31104003469477
FTHDF_c,12,median_range,304.62208006938954
FTHDF_c,12,median_midpoint,152.31104003469477
FTHDF_c,12,std_range,0.0
FTHDF_c,12,frac_fixed,0.0
FTHDF_c,12,frac_variable,1.0
FTHDF_c,12,frac_bidirectional,0.0
GCS_m,1,minimum,-8.17721518987364
GCS_m,1,maximum,2.3550379746835444
GCS_m,1,mean_range,7.310430379746824
GCS_m,1,mean_midpoint,-2.4776962025316367
GCS_m,1,median_range,7.3922025316451965
GCS_m,1,median_midpoint,-2.518582278481084
GCS_m,1,std_range,0.6194206771851618
GCS_m,1,frac_fixed,0.0
GCS_m,1,frac_variable,1.0
GCS_m,1,frac_bidirectional,0.96
GCS_m,2,minimum,-12.102278481012855
GCS_m,2,maximum,-0.4906329113924244
GCS_m,2,mean_range,4.08860759493669
GCS_m,2,mean_midpoint,-8.177215189873413
GCS_m,2,median_range,4.088607594936654
GCS_m,2,median_midpoint,-8.177215189873385
GCS_m,2,std_range,2.2641683609473477
GCS_m,2,frac_fixed,0.0
GCS_m,2,frac_variable,1.0
GCS_m,2,frac_bidirectional,0.0
GCS_m,3,minimum,-3.0052993351983974
GCS_m,3,maximum,2.4044059306900696
GCS_m,3,mean_range,3.280806561491139
GCS_m,3,mean_midpoint,-0.18038336029906937
GCS_m,3,median_range,3.3213205076644825
GCS_m,3,median_midpoint,-0.18266822230921398
GCS_m,3,std_range,1.2460598881257927
GCS_m,3,frac_fixed,0.0
GCS_m,3,frac_variable,1.0
GCS_m,3,frac_bidirectional,1.0
GCS_m,4,minimum,-0.6202012560802161
GCS_m,4,maximum,0.5028195060861149
GCS_m,4,mean_range,0.5959174507876404
GCS_m,4,mean_midpoint,-0.030900715692017175
GCS_m,4,median_range,0.5734458257899424
GCS_m,4,median_midpoint,-0.0276965381705635
GCS_m,4,std_range,0.3121253872574255
GCS_m,4,frac_fixed,0.0
GCS_m,4,frac_variable,1.0
GCS_m,4,frac_bidirectional,1.0
GCS_m,5,minimum,-7.360576804355537
GCS_m,5,maximum,-0.16567537545269395
GCS_m,5,mean_range,0.025619829790203594
GCS_m,5,mean_midpoint,-3.2096447715223753
GCS_m,5,median_range,0.022213493189181976
GCS_m,5,median_midpoint,-2.0755760525008764
GCS_m,5,std_range,0.01882110022617817
GCS_m,5,frac_fixed,0.0
GCS_m,5,frac_variable,1.0
GCS_m,5,frac_bidirectional,0.0
GCS_m,6,minimum,-11.521858672551991
GCS_m,6,maximum,-0.018732283403273042
GCS_m,6,mean_range,0.8594067836736119
GCS_m,6,mean_midpoint,-4.804701651171817
GCS_m,6,median_range,0.7590505970678418
GCS_m,6,median_midpoint,-4.414657692367645
GCS_m,6,std_range,0.5809136525464889
GCS_m,6,frac_fixed,0.0
GCS_m,6,frac_variable,1.0
GCS_m,6,frac_bidirectional,0.0
GCS_m,7,minimum,-3.239910228740843
GCS_m,7,maximum,0.42118455036681135
GCS_m,7,mean_range,1.5342633473757983
GCS_m,7,mean_midpoint,-0.7407305922596642
GCS_m,7,median_range,1.543575141644343
GCS_m,7,median_midpoint,-0.6229325289839129
GCS_m,7,std_range,0.5669385072820117
GCS_m,7,frac_fixed,0.0
GCS_m,7,frac_variable,1.0
GCS_m,7,frac_bidirectional,0.7272727272727273
GCS_m,8,minimum,-7.874712384521217
GCS_m,8,maximum,2.3406769164169807
GCS_m,8,mean_range,5.0455095895805675
GCS_m,8,mean_midpoint,-1.664373969690626
GCS_m,8,median_range,5.17827634379421
GCS_m,8,median_midpoint,-1.571625454324836
GCS_m,8,std_range,1.5231508991680245
GCS_m,8,frac_fixed,0.0
GCS_m,8,frac_variable,1.0
GCS_m,8,frac_bidirectional,0.9964973730297724
GCS_m,9,minimum,-11.963319979454637
GCS_m,9,maximum,-0.023667910779612042
GCS_m,9,mean_range,3.627568848880462
GCS_m,9,mean_midpoint,-5.860840417482653
GCS_m,9,median_range,3.444649389551757
GCS_m,9,median_midpoint,-5.527416681294374
GCS_m,9,std_range,1.6840008023999475
GCS_m,9,frac_fixed,0.0
GCS_m,9,frac_variable,1.0
GCS_m,9,frac_bidirectional,0.0
GCS_m,10,minimum,-12.020649259467724
GCS_m,10,maximum,-0.007146517619312022
GCS_m,10,mean_range,-4.884890975798952e-13
GCS_m,10,mean_midpoint,-6.02290767872942
GCS_m,10,median_range,-2.9409807922320397e-13
GCS_m,10,median_midpoint,-6.013897888542734
GCS_m,10,std_range,1.4447815733800885e-12
GCS_m,10,frac_fixed,1.0
GCS_m,10,frac_variable,0.0
GCS_m,10,frac_bidirectional,0.0
GCS_m,11,minimum,-12.265822784809608
GCS_m,11,maximum,-12.265822784810105
GCS_m,11,mean_range,-4.973799150320701e-13
GCS_m,11,mean_midpoint,-12.265822784809856
GCS_m,11,median_range,-4.973799150320701e-13
GCS_m,11,median_midpoint,-12.265822784809856
GCS_m,11,std_range,0.0
GCS_m,11,frac_fixed,1.0
GCS_m,11,frac_variable,0.0
GCS_m,11,frac_bidirectional,0.0
GCS_m,12,minimum,-3.066455696202521
GCS_m,12,maximum,2.4531645569618217
GCS_m,12,mean_range,5.519620253164343
GCS_m,12,mean_midpoint,-0.3066455696203496
GCS_m,12,median_range,5.519620253164343
GCS_m,12,median_midpoint,-0.3066455696203496
GCS_m,12,std_range,0.0
GCS_m,12,frac_fixed,0.0
GCS_m,12,frac_variable,1.0
GCS_m,12,frac_bidirectional,1.0
CO2t_m,1,minimum,-999.7710379746842
CO2t_m,1,maximum,1.9625316455696327
CO2t_m,1,mean_range,997.9928636717523
CO2t_m,1,mean_midpoint,-497.9759153801799
CO2t_m,1,median_range,998.6180506329114
CO2t_m,1,median_midpoint,-497.7144683544304
CO2t_m,1,std_range,1.702209375591616
CO2t_m,1,frac_fixed,0.0
CO2t_m,1,frac_variable,1.0
CO2t_m,1,frac_bidirectional,0.96
CO2t_m,2,minimum,-993.7767035769341
CO2t_m,2,maximum,-0.4906329113923533
CO2t_m,2,mean_range,914.6359476418505
CO2t_m,2,mean_midpoint,-463.45088521333037
CO2t_m,2,median_range,924.1353888271493
CO2t_m,2,median_midpoint,-468.20060580597976
CO2t_m,2,std_range,68.14038676242943
CO2t_m,2,frac_fixed,0.0
CO2t_m,2,frac_variable,1.0
CO2t_m,2,frac_bidirectional,0.0
CO2t_m,3,minimum,-999.9112950278178
CO2t_m,3,maximum,0.17744520572841793
CO2t_m,3,mean_range,998.283702349432
CO2t_m,3,mean_midpoint,-499.05135330844143
CO2t_m,3,median_range,998.3147607581298
CO2t_m,3,median_midpoint,-499.06852017728033
CO2t_m,3,std_range,0.9552423528636003
CO2t_m,3,frac_fixed,0.0
CO2t_m,3,frac_variable,1.0
CO2t_m,3,frac_bidirectional,1.0
CO2t_m,4,minimum,-996.45180111269
CO2t_m,4,maximum,0.21770749437190773
CO2t_m,4,mean_range,989.4014977418158
CO2t_m,4,mean_midpoint,-494.50186248227715
CO2t_m,4,median_range,996.2082117057913
CO2t_m,4,median_midpoint,-497.9041703988808
CO2t_m,4,std_range,15.060935342046914
CO2t_m,4,frac_fixed,0.0
CO2t_m,4,frac_variable,1.0
CO2t_m,4,frac_bidirectional,1.0
CO2t_m,5,minimum,-908.2267177471593
CO2t_m,5,maximum,-0.014071513027562023
CO2t_m,5,mean_range,864.494802924457
CO2t_m,5,mean_midpoint,-435.3302755923392
CO2t_m,5,median_range,879.0339450911765
CO2t_m,5,median_midpoint,-441.4563766932149
CO2t_m,5,std_range,38.91981885956354
CO2t_m,5,frac_fixed,0.0
CO2t_m,5,frac_variable,1.0
CO2t_m,5,frac_bidirectional,0.0
CO2t_m,6,minimum,-995.2279902384414
CO2t_m,6,maximum,0.12668366626915883
CO2t_m,6,mean_range,915.141948322822
CO2t_m,6,mean_midpoint,-461.86266238073654
CO2t_m,6,median_range,923.3526701131854
CO2t_m,6,median_midpoint,-465.5356030206258
CO2t_m,6,std_range,59.924898842696706
CO2t_m,6,frac_fixed,0.0
CO2t_m,6,frac_variable,1.0
CO2t_m,6,frac_bidirectional,0.010471204188481676
CO2t_m,7,minimum,-996.2362543935648
CO2t_m,7,maximum,0.6586937264959433
CO2t_m,7,mean_range,995.2553708139959
CO2t_m,7,mean_midpoint,-497.4428806043597
CO2t_m,7,median_range,995.8753357283688
CO2t_m,7,median_midpoint,-497.6176410872648
CO2t_m,7,std_range,2.4674719791139
CO2t_m,7,frac_fixed,0.0
CO2t_m,7,frac_variable,1.0
CO2t_m,7,frac_bidirectional,0.7818181818181819
CO2t_m,8,minimum,-999.7625939945123
CO2t_m,8,maximum,1.9288183637572527
CO2t_m,8,mean_range,997.4022746038802
CO2t_m,8,mean_midpoint,-497.9304502463981
CO2t_m,8,median_range,997.5717882336772
CO2t_m,8,median_midpoint,-497.7693326928277
CO2t_m,8,std_range,1.2650135722037328
CO2t_m,8,frac_fixed,0.0
CO2t_m,8,frac_variable,1.0
CO2t_m,8,frac_bidirectional,1.0
CO2t_m,9,minimum,-994.8407183209714
CO2t_m,9,maximum,-0.0020102161467541284
CO2t_m,9,mean_range,948.3131171688735
CO2t_m,9,mean_midpoint,-478.16856513136884
CO2t_m,9,median_range,968.8466791949115
CO2t_m,9,median_midpoint,-487.9663516858956
CO2t_m,9,std_range,52.000569291024
CO2t_m,9,frac_fixed,0.0
CO2t_m,9,frac_variable,1.0
CO2t_m,9,frac_bidirectional,0.0
CO2t_m,10,minimum,-902.9451958069161
CO2t_m,10,maximum,0.1475513011812617
CO2t_m,10,mean_range,823.2256754168266
CO2t_m,10,mean_midpoint,-417.55696319820015
CO2t_m,10,median_range,823.4722998081893
CO2t_m,10,median_midpoint,-417.67115190504944
CO2t_m,10,std_range,47.6402597428193
CO2t_m,10,frac_fixed,0.0
CO2t_m,10,frac_variable,1.0
CO2t_m,10,frac_bidirectional,0.012195121951219513
CO2t_m,11,minimum,-750.7172634375058
CO2t_m,11,maximum,-12.265822784809956
CO2t_m,11,mean_range,738.4514406526959
CO2t_m,11,mean_midpoint,-381.4915431111579
CO2t_m,11,median_range,738.4514406526959
CO2t_m,11,median_midpoint,-381.4915431111579
CO2t_m,11,std_range,0.0
CO2t_m,11,frac_fixed,0.0
CO2t_m,11,frac_variable,1.0
CO2t_m,11,frac_bidirectional,0.0
CO2t_m,12,minimum,-1000.0
CO2t_m,12,maximum,0.0
CO2t_m,12,mean_range,1000.0
CO2t_m,12,mean_midpoint,-500.0
CO2t_m,12,median_range,1000.0
CO2t_m,12,median_midpoint,-500.0
CO2t_m,12,std_range,0.0
CO2t_m,12,frac_fixed,0.0
CO2t_m,12,frac_variable,1.0
CO2t_m,12,frac_bidirectional,0.0
EX_so4_e,1,minimum,-1.5165017261219802
EX_so4_e,1,maximum,0.0
EX_so4_e,1,mean_range,0.9973228998849251
EX_so4_e,1,mean_midpoint,-0.49866144994246253
EX_so4_e,1,median_range,1.159677790563867
EX_so4_e,1,median_midpoint,-0.5798388952819336
EX_so4_e,1,std_range,0.4266396836714476
EX_so4_e,1,frac_fixed,0.0
EX_so4_e,1,frac_variable,1.0
EX_so4_e,1,frac_bidirectional,0.0
EX_so4_e,2,minimum,-1.0704718066743393
EX_so4_e,2,maximum,0.0
EX_so4_e,2,mean_range,0.5575373993095516
EX_so4_e,2,mean_midpoint,-0.2787686996547758
EX_so4_e,2,median_range,0.5575373993095516
EX_so4_e,2,median_midpoint,-0.2787686996547758
EX_so4_e,2,std_range,0.30875023103826604
EX_so4_e,2,frac_fixed,0.0
EX_so4_e,2,frac_variable,1.0
EX_so4_e,2,frac_bidirectional,0.0
EX_so4_e,3,minimum,-0.02571628357448219
EX_so4_e,3,maximum,-0.0006439041669779044
EX_so4_e,3,mean_range,-5.823433978222519e-15
EX_so4_e,3,mean_midpoint,-0.01311542220849402
EX_so4_e,3,median_range,0.0
EX_so4_e,3,median_midpoint,-0.01287808333953322
EX_so4_e,3,std_range,1.7189069367872184e-13
EX_so4_e,3,frac_fixed,1.0
EX_so4_e,3,frac_variable,0.0
EX_so4_e,3,frac_bidirectional,0.0
EX_so4_e,4,minimum,-0.031551304181746787
EX_so4_e,4,maximum,-0.025756166679073544
EX_so4_e,4,mean_range,-4.099285014000578e-15
EX_so4_e,4,mean_midpoint,-0.02882365149362019
EX_so4_e,4,median_range,0.0
EX_so4_e,4,median_midpoint,-0.02897568751393287
EX_so4_e,4,std_range,7.068226187521777e-14
EX_so4_e,4,frac_fixed,1.0
EX_so4_e,4,frac_variable,0.0
EX_so4_e,4,frac_bidirectional,0.0
EX_so4_e,5,minimum,-0.03942809213739196
EX_so4_e,5,maximum,-0.012878083339534108
EX_so4_e,5,mean_range,0.0034936131532511774
EX_so4_e,5,mean_midpoint,-0.025463943393600957
EX_so4_e,5,median_range,0.0030291127075683377
EX_so4_e,5,median_midpoint,-0.027781938648213433
EX_so4_e,5,std_range,0.0025665136672227023
EX_so4_e,5,frac_fixed,0.0
EX_so4_e,5,frac_variable,1.0
EX_so4_e,5,frac_bidirectional,0.0
EX_so4_e,6,minimum,-0.35456589469532673
EX_so4_e,6,maximum,-0.0019317125009301606
EX_so4_e,6,mean_range,0.11719183413731835
EX_so4_e,6,mean_midpoint,-0.07593413241295843
EX_so4_e,6,median_range,0.1035068995999886
EX_so4_e,6,median_midpoint,-0.06926782238126972
EX_so4_e,6,std_range,0.0792154980745092
EX_so4_e,6,frac_fixed,0.0
EX_so4_e,6,frac_variable,1.0
EX_so4_e,6,frac_bidirectional,0.0
EX_so4_e,7,minimum,-0.4192663367338696
EX_so4_e,7,maximum,-0.020604933343257414
EX_so4_e,7,mean_range,0.221483940659773
EX_so4_e,7,mean_midpoint,-0.13632252678159765
EX_so4_e,7,median_range,0.23731587543426258
EX_so4_e,7,median_midpoint,-0.14312629606224903
EX_so4_e,7,std_range,0.10297512254708488
EX_so4_e,7,frac_fixed,0.0
EX_so4_e,7,frac_variable,1.0
EX_so4_e,7,frac_bidirectional,0.0
EX_so4_e,8,minimum,-1.488177896528196
EX_so4_e,8,maximum,-0.0006439041669779044
EX_so4_e,8,mean_range,0.6766873399504159
EX_so4_e,8,mean_midpoint,-0.34817927793382564
EX_so4_e,8,median_range,0.6741346644528541
EX_so4_e,8,median_midpoint,-0.34843041111341044
EX_so4_e,8,std_range,0.37961389481639235
EX_so4_e,8,frac_fixed,0.0
EX_so4_e,8,frac_variable,1.0
EX_so4_e,8,frac_bidirectional,0.0
EX_so4_e,9,minimum,-1.086750969025359
EX_so4_e,9,maximum,-0.0006439041669765722
EX_so4_e,9,mean_range,0.49466847939278163
EX_so4_e,9,mean_midpoint,-0.25462861675214166
EX_so4_e,9,median_range,0.4697249167570885
EX_so4_e,9,median_midpoint,-0.24499057543312253
EX_so4_e,9,std_range,0.22963647305454107
EX_so4_e,9,frac_fixed,0.0
EX_so4_e,9,frac_variable,1.0
EX_so4_e,9,frac_bidirectional,0.0
EX_so4_e,10,minimum,-0.03219520834883838
EX_so4_e,10,maximum,-0.0006439041669779044
EX_so4_e,10,mean_range,-3.1411188013784915e-16
EX_so4_e,10,mean_midpoint,-0.01639589366449668
EX_so4_e,10,median_range,-3.552713678800501e-15
EX_so4_e,10,median_midpoint,-0.016419556257901702
EX_so4_e,10,std_range,4.3397470154770746e-14
EX_so4_e,10,frac_fixed,1.0
EX_so4_e,10,frac_variable,0.0
EX_so4_e,10,frac_bidirectional,0.0
EX_so4_e,11,minimum,0.0
EX_so4_e,11,maximum,0.0
EX_so4_e,11,mean_range,0.0
EX_so4_e,11,mean_midpoint,0.0
EX_so4_e,11,median_range,0.0
EX_so4_e,11,median_midpoint,0.0
EX_so4_e,11,std_range,0.0
EX_so4_e,11,frac_fixed,1.0
EX_so4_e,11,frac_variable,0.0
EX_so4_e,11,frac_bidirectional,0.0
EX_so4_e,12,minimum,0.0
EX_so4_e,12,maximum,0.0
EX_so4_e,12,mean_range,0.0
EX_so4_e,12,mean_midpoint,0.0
EX_so4_e,12,median_range,0.0
EX_so4_e,12,median_midpoint,0.0
EX_so4_e,12,std_range,0.0
EX_so4_e,12,frac_fixed,1.0
EX_so4_e,12,frac_variable,0.0
EX_so4_e,12,frac_bidirectional,0.0
ANTHt_h,1,minimum,-1.1039240506329155
ANTHt_h,1,maximum,0.0
ANTHt_h,1,mean_range,0.6942455696202395
ANTHt_h,1,mean_midpoint,-0.34712278481011977
ANTHt_h,1,median_range,0.7972784810126579
ANTHt_h,1,median_midpoint,-0.39863924050632893
ANTHt_h,1,std_range,0.32604551761782724
ANTHt_h,1,frac_fixed,0.0
ANTHt_h,1,frac_variable,1.0
ANTHt_h,1,frac_bidirectional,0.0
ANTHt_h,2,minimum,-0.8410849909584104
ANTHt_h,2,maximum,0.0
ANTHt_h,2,mean_range,0.4380650994574948
ANTHt_h,2,mean_midpoint,-0.2190325497287474
ANTHt_h,2,median_range,0.43806509945749506
ANTHt_h,2,median_midpoint,-0.21903254972874753
ANTHt_h,2,std_range,0.24258946724435487
ANTHt_h,2,frac_fixed,0.0
ANTHt_h,2,frac_variable,1.0
ANTHt_h,2,frac_bidirectional,0.0
ANTHt_h,3,minimum,-0.0044291769355581335
ANTHt_h,3,maximum,-0.00011090115244607885
ANTHt_h,3,mean_range,-3.7256361773577346e-14
ANTHt_h,3,mean_midpoint,-0.0022589004891155973
ANTHt_h,3,median_range,-2.7201006204402578e-15
ANTHt_h,3,median_midpoint,-0.0022180230489635003
ANTHt_h,3,std_range,1.3604550004785628e-13
ANTHt_h,3,frac_fixed,1.0
ANTHt_h,3,frac_variable,0.0
ANTHt_h,3,frac_bidirectional,0.0
ANTHt_h,4,minimum,-0.005434156469886986
ANTHt_h,4,maximum,-0.004436046097843154
ANTHt_h,4,mean_range,8.271895454928022e-15
ANTHt_h,4,mean_midpoint,-0.004964366333205097
ANTHt_h,4,median_range,1.6937840019437544e-14
ANTHt_h,4,median_midpoint,-0.004990551860112365
ANTHt_h,4,std_range,9.65901764798321e-14
ANTHt_h,4,frac_fixed,1.0
ANTHt_h,4,frac_variable,0.0
ANTHt_h,4,frac_bidirectional,0.0
ANTHt_h,5,minimum,-0.011623061292131974
ANTHt_h,5,maximum,-0.002218023048921577
ANTHt_h,5,mean_range,0.0027449817632418973
ANTHt_h,5,mean_midpoint,-0.0054573499967181865
ANTHt_h,5,median_range,0.002380017127301751
ANTHt_h,5,median_midpoint,-0.005435188748335493
ANTHt_h,5,std_range,0.002016546452820322
ANTHt_h,5,frac_fixed,0.0
ANTHt_h,5,frac_variable,1.0
ANTHt_h,5,frac_bidirectional,0.0
ANTHt_h,6,minimum,-0.266736782183917
ANTHt_h,6,maximum,-0.00033270345733823657
ANTHt_h,6,mean_range,0.09207929825076819
ANTHt_h,6,mean_midpoint,-0.04902585136114422
ANTHt_h,6,median_range,0.08132684968569048
ANTHt_h,6,median_midpoint,-0.04370678432799739
ANTHt_h,6,std_range,0.06224074848711052
ANTHt_h,6,frac_fixed,0.0
ANTHt_h,6,frac_variable,1.0
ANTHt_h,6,frac_bidirectional,0.0
ANTHt_h,7,minimum,-0.3060660554380226
ANTHt_h,7,maximum,-0.003548836878274523
ANTHt_h,7,mean_range,0.1625379800680947
ANTHt_h,7,mean_midpoint,-0.08567479036304158
ANTHt_h,7,median_range,0.16551144050646482
ANTHt_h,7,median_midpoint,-0.08741356865596772
ANTHt_h,7,std_range,0.08129182698190478
ANTHt_h,7,frac_fixed,0.0
ANTHt_h,7,frac_variable,1.0
ANTHt_h,7,frac_bidirectional,0.0
ANTHt_h,8,minimum,-1.0825364717824548
ANTHt_h,8,maximum,-0.00011090115244607885
ANTHt_h,8,mean_range,0.4694432892658542
ANTHt_h,8,mean_midpoint,-0.23641565488097385
ANTHt_h,8,median_range,0.45330280096451125
ANTHt_h,8,median_midpoint,-0.2284258189213929
ANTHt_h,8,std_range,0.2811275316447068
ANTHt_h,8,frac_fixed,0.0
ANTHt_h,8,frac_variable,1.0
ANTHt_h,8,frac_bidirectional,0.0
ANTHt_h,9,minimum,-0.8534807378268828
ANTHt_h,9,maximum,-0.00011090115244607885
ANTHt_h,9,mean_range,0.3886680909514853
ANTHt_h,9,mean_midpoint,-0.1955903734564378
ANTHt_h,9,median_range,0.3690695774519299
ANTHt_h,9,median_midpoint,-0.186395594133017
ANTHt_h,9,std_range,0.18042865739999928
ANTHt_h,9,frac_fixed,0.0
ANTHt_h,9,frac_variable,1.0
ANTHt_h,9,frac_bidirectional,0.0
ANTHt_h,10,minimum,-0.005545057622474013
ANTHt_h,10,maximum,-0.00011090115244607885
ANTHt_h,10,mean_range,-6.0648755612390954e-15
ANTHt_h,10,mean_midpoint,-0.002823903922398323
ANTHt_h,10,median_range,-1.3859464791099452e-14
ANTHt_h,10,median_midpoint,-0.002827979387385289
ANTHt_h,10,std_range,1.2673630084847954e-13
ANTHt_h,10,frac_fixed,1.0
ANTHt_h,10,frac_variable,0.0
ANTHt_h,10,frac_bidirectional,0.0
ANTHt_h,11,minimum,0.0
ANTHt_h,11,maximum,0.0
ANTHt_h,11,mean_range,0.0
ANTHt_h,11,mean_midpoint,0.0
ANTHt_h,11,median_range,0.0
ANTHt_h,11,median_midpoint,0.0
ANTHt_h,11,std_range,0.0
ANTHt_h,11,frac_fixed,1.0
ANTHt_h,11,frac_variable,0.0
ANTHt_h,11,frac_bidirectional,0.0
ANTHt_h,12,minimum,0.0
ANTHt_h,12,maximum,0.0
ANTHt_h,12,mean_range,0.0
ANTHt_h,12,mean_midpoint,0.0
ANTHt_h,12,median_range,0.0
ANTHt_h,12,median_midpoint,0.0
ANTHt_h,12,std_range,0.0
ANTHt_h,12,frac_fixed,1.0
ANTHt_h,12,frac_variable,0.0
ANTHt_h,12,frac_bidirectional,0.0
ATPt_m,1,minimum,0.0
ATPt_m,1,maximum,688.9115164800908
ATPt_m,1,mean_range,665.548458949509
ATPt_m,1,mean_midpoint,332.7742294747545
ATPt_m,1,median_range,666.2008117393545
ATPt_m,1,median_midpoint,333.1004058696773
ATPt_m,1,std_range,14.591761550026106
ATPt_m,1,frac_fixed,0.0
ATPt_m,1,frac_variable,1.0
ATPt_m,1,frac_bidirectional,0.0
ATPt_m,2,minimum,0.0
ATPt_m,2,maximum,637.6548437187483
ATPt_m,2,mean_range,609.5318695129373
ATPt_m,2,mean_midpoint,304.76593475646865
ATPt_m,2,median_range,609.5741170768383
ATPt_m,2,median_midpoint,304.78705853841916
ATPt_m,2,std_range,17.13898449803135
ATPt_m,2,frac_fixed,0.0
ATPt_m,2,frac_variable,1.0
ATPt_m,2,frac_bidirectional,0.0
ATPt_m,3,minimum,0.0
ATPt_m,3,maximum,689.4319433179217
ATPt_m,3,mean_range,663.3447084514568
ATPt_m,3,mean_midpoint,331.6723542257284
ATPt_m,3,median_range,663.8411608317577
ATPt_m,3,median_midpoint,331.9205804158789
ATPt_m,3,std_range,15.26904821355278
ATPt_m,3,frac_fixed,0.0
ATPt_m,3,frac_variable,1.0
ATPt_m,3,frac_bidirectional,0.0
ATPt_m,4,minimum,0.015027184342230271
ATPt_m,4,maximum,636.903495056839
ATPt_m,4,mean_range,628.4945622250397
ATPt_m,4,mean_midpoint,315.7249219404048
ATPt_m,4,median_range,628.6189451826065
ATPt_m,4,median_midpoint,315.85960602178955
ATPt_m,4,std_range,5.419906992142215
ATPt_m,4,frac_fixed,0.0
ATPt_m,4,frac_variable,1.0
ATPt_m,4,frac_bidirectional,0.0
ATPt_m,5,minimum,1.229956983458033
ATPt_m,5,maximum,616.9803412749388
ATPt_m,5,mean_range,604.5040259293229
ATPt_m,5,mean_midpoint,304.5028736159472
ATPt_m,5,median_range,607.9393197040972
ATPt_m,5,median_midpoint,306.5156876813312
ATPt_m,5,std_range,8.691165308262905
ATPt_m,5,frac_fixed,0.0
ATPt_m,5,frac_variable,1.0
ATPt_m,5,frac_bidirectional,0.0
ATPt_m,6,minimum,0.0016873524871431423
ATPt_m,6,maximum,625.6840402126234
ATPt_m,6,mean_range,608.1389257939188
ATPt_m,6,mean_midpoint,305.08442761466074
ATPt_m,6,median_range,609.7803665401724
ATPt_m,6,median_midpoint,306.0035293532074
ATPt_m,6,std_range,11.122085302035842
ATPt_m,6,frac_fixed,0.0
ATPt_m,6,frac_variable,1.0
ATPt_m,6,frac_bidirectional,0.0
ATPt_m,7,minimum,0.031112320273860065
ATPt_m,7,maximum,635.8923630232679
ATPt_m,7,mean_range,628.7940686381746
ATPt_m,7,mean_midpoint,315.32478949399547
ATPt_m,7,median_range,628.539566049366
ATPt_m,7,median_midpoint,315.1727935385451
ATPt_m,7,std_range,3.2960577966145794
ATPt_m,7,frac_fixed,0.0
ATPt_m,7,frac_variable,1.0
ATPt_m,7,frac_bidirectional,0.0
ATPt_m,8,minimum,0.0
ATPt_m,8,maximum,688.2763123122597
ATPt_m,8,mean_range,653.9971817930175
ATPt_m,8,mean_midpoint,326.99859089650874
ATPt_m,8,median_range,652.1583034523021
ATPt_m,8,median_midpoint,326.07915172615105
ATPt_m,8,std_range,13.19078898596296
ATPt_m,8,frac_fixed,0.0
ATPt_m,8,frac_variable,1.0
ATPt_m,8,frac_bidirectional,0.0
ATPt_m,9,minimum,0.0
ATPt_m,9,maximum,639.3785461951315
ATPt_m,9,mean_range,616.712442056199
ATPt_m,9,mean_midpoint,308.3562210280995
ATPt_m,9,median_range,618.8192996915667
ATPt_m,9,median_midpoint,309.40964984578335
ATPt_m,9,std_range,13.4740911697562
ATPt_m,9,frac_fixed,0.0
ATPt_m,9,frac_variable,1.0
ATPt_m,9,frac_bidirectional,0.0
ATPt_m,10,minimum,0.061631009690898964
ATPt_m,10,maximum,616.7680109116775
ATPt_m,10,mean_range,595.4712057822347
ATPt_m,10,mean_midpoint,299.3049737734668
ATPt_m,10,median_range,595.5152794050036
ATPt_m,10,median_midpoint,299.32923044962934
ATPt_m,10,std_range,10.879280781316023
ATPt_m,10,frac_fixed,0.0
ATPt_m,10,frac_variable,1.0
ATPt_m,10,frac_bidirectional,0.0
ATPt_m,11,minimum,0.0
ATPt_m,11,maximum,576.1325522456804
ATPt_m,11,mean_range,576.1325522456804
ATPt_m,11,mean_midpoint,288.0662761228402
ATPt_m,11,median_range,576.1325522456804
ATPt_m,11,median_midpoint,288.0662761228402
ATPt_m,11,std_range,0.0
ATPt_m,11,frac_fixed,0.0
ATPt_m,11,frac_variable,1.0
ATPt_m,11,frac_bidirectional,0.0
ATPt_m,12,minimum,0.0
ATPt_m,12,maximum,690.7788266066748
ATPt_m,12,mean_range,690.7788266066748
ATPt_m,12,mean_midpoint,345.3894133033374
ATPt_m,12,median_range,690.7788266066748
ATPt_m,12,median_midpoint,345.3894133033374
ATPt_m,12,std_range,0.0
ATPt_m,12,frac_fixed,0.0
ATPt_m,12,frac_variable,1.0
ATPt_m,12,frac_bidirectional,0.0
PGAM_h,1,minimum,-4.415696202531649
PGAM_h,1,maximum,623.6632057571896
PGAM_h,1,mean_range,587.7508776378913
PGAM_h,1,mean_midpoint,292.7469831227432
PGAM_h,1,median_range,588.3376361369361
PGAM_h,1,median_midpoint,292.69691933429084
PGAM_h,1,std_range,24.721135945083738
PGAM_h,1,frac_fixed,0.0
PGAM_h,1,frac_variable,1.0
PGAM_h,1,frac_bidirectional,0.72
PGAM_h,2,minimum,4.579240506329132
PGAM_h,2,maximum,545.3118322831162
PGAM_h,2,mean_range,479.94432173459353
PGAM_h,2,mean_midpoint,267.6997347069594
PGAM_h,2,median_range,480.68708544767424
PGAM_h,2,median_midpoint,267.3283528504195
PGAM_h,2,std_range,37.50867972174757
PGAM_h,2,frac_fixed,0.0
PGAM_h,2,frac_variable,1.0
PGAM_h,2,frac_bidirectional,0.0
PGAM_h,3,minimum,-4.525896874851863
PGAM_h,3,maximum,624.152801642038
PGAM_h,3,mean_range,576.1515457317246
PGAM_h,3,mean_midpoint,286.1668786701229
PGAM_h,3,median_range,577.1511622171007
PGAM_h,3,median_midpoint,286.61688411784525
PGAM_h,3,std_range,30.74452438146728
PGAM_h,3,frac_fixed,0.0
PGAM_h,3,frac_variable,1.0
PGAM_h,3,frac_bidirectional,0.8679245283018868
PGAM_h,4,minimum,0.7436186768174622
PGAM_h,4,maximum,523.6552689993946
PGAM_h,4,mean_range,507.7451699848377
PGAM_h,4,mean_midpoint,256.6278467238018
PGAM_h,4,median_range,509.3517723489426
PGAM_h,4,median_midpoint,256.0950837681695
PGAM_h,4,std_range,11.283229015916069
PGAM_h,4,frac_fixed,0.0
PGAM_h,4,frac_variable,1.0
PGAM_h,4,frac_bidirectional,0.0
PGAM_h,5,minimum,21.20090027478549
PGAM_h,5,maximum,488.938701210264
PGAM_h,5,mean_range,447.46746422683003
PGAM_h,5,mean_midpoint,258.53146043078823
PGAM_h,5,median_range,454.0242068657187
PGAM_h,5,median_midpoint,257.33391990192536
PGAM_h,5,std_range,17.82163670829874
PGAM_h,5,frac_fixed,0.0
PGAM_h,5,frac_variable,1.0
PGAM_h,5,frac_bidirectional,0.0
PGAM_h,6,minimum,3.124096249345776
PGAM_h,6,maximum,510.88202249372563
PGAM_h,6,mean_range,466.64302023412563
PGAM_h,6,mean_midpoint,257.9466927330796
PGAM_h,6,median_range,471.33845368411016
PGAM_h,6,median_midpoint,257.56355215942875
PGAM_h,6,std_range,25.85999857692382
PGAM_h,6,frac_fixed,0.0
PGAM_h,6,frac_variable,1.0
PGAM_h,6,frac_bidirectional,0.0
PGAM_h,7,minimum,0.934486848414128
PGAM_h,7,maximum,522.1630845132008
PGAM_h,7,mean_range,509.3859853768906
PGAM_h,7,mean_midpoint,257.10747846936874
PGAM_h,7,median_range,509.1543623255404
PGAM_h,7,median_midpoint,257.23411523286575
PGAM_h,7,std_range,5.610634636384667
PGAM_h,7,frac_fixed,0.0
PGAM_h,7,frac_variable,1.0
PGAM_h,7,frac_bidirectional,0.0
PGAM_h,8,minimum,-4.366574339167606
PGAM_h,8,maximum,622.1614175136333
PGAM_h,8,mean_range,560.9723831356014
PGAM_h,8,mean_midpoint,280.2559639811522
PGAM_h,8,median_range,558.0305363536544
PGAM_h,8,median_midpoint,279.0228790025356
PGAM_h,8,std_range,25.580714999816752
PGAM_h,8,frac_fixed,0.0
PGAM_h,8,frac_variable,1.0
PGAM_h,8,frac_bidirectional,0.5516637478108581
PGAM_h,9,minimum,3.247761644047767
PGAM_h,9,maximum,547.1099061340128
PGAM_h,9,mean_range,491.98249098666
PGAM_h,9,mean_midpoint,264.4299383192966
PGAM_h,9,median_range,495.92852928283025
PGAM_h,9,median_midpoint,263.8155844727568
PGAM_h,9,std_range,28.142796266974802
PGAM_h,9,frac_fixed,0.0
PGAM_h,9,frac_variable,1.0
PGAM_h,9,frac_bidirectional,0.0
PGAM_h,10,minimum,22.076718597779518
PGAM_h,10,maximum,488.18867297294537
PGAM_h,10,mean_range,428.76447161739827
PGAM_h,10,mean_midpoint,261.7407457555118
PGAM_h,10,median_range,428.8205077430457
PGAM_h,10,median_midpoint,261.73089934412525
PGAM_h,10,std_range,21.842826924342457
PGAM_h,10,frac_fixed,0.0
PGAM_h,10,frac_variable,1.0
PGAM_h,10,frac_bidirectional,0.0
PGAM_h,11,minimum,73.59493670886702
PGAM_h,11,maximum,463.5942184154162
PGAM_h,11,mean_range,389.9992817065492
PGAM_h,11,mean_midpoint,268.59457756214164
PGAM_h,11,median_range,389.9992817065492
PGAM_h,11,median_midpoint,268.59457756214164
PGAM_h,11,std_range,0.0
PGAM_h,11,frac_fixed,0.0
PGAM_h,11,frac_variable,1.0
PGAM_h,11,frac_bidirectional,0.0
PGAM_h,12,minimum,-4.661012658228021
PGAM_h,12,maximum,626.0860780221356
PGAM_h,12,mean_range,630.7470906803636
PGAM_h,12,mean_midpoint,310.71253268195375
PGAM_h,12,median_range,630.7470906803636
PGAM_h,12,median_midpoint,310.71253268195375
PGAM_h,12,std_range,0.0
PGAM_h,12,frac_fixed,0.0
PGAM_h,12,frac_variable,1.0
PGAM_h,12,frac_bidirectional,1.0
MPCt_m,1,minimum,-1000.0
MPCt_m,1,maximum,213.82730761933152
MPCt_m,1,mean_range,1148.0020014606487
MPCt_m,1,mean_midpoint,-425.9989992696756
MPCt_m,1,median_range,1155.4213823760604
MPCt_m,1,median_midpoint,-422.28930881196976
MPCt_m,1,std_range,45.38291516213696
MPCt_m,1,frac_fixed,0.0
MPCt_m,1,frac_variable,1.0
MPCt_m,1,frac_bidirectional,1.0
MPCt_m,2,minimum,-1000.0
MPCt_m,2,maximum,53.69261293042331
MPCt_m,2,mean_range,940.9982720346798
MPCt_m,2,mean_midpoint,-529.5008639826601
MPCt_m,2,median_range,941.4489127162906
MPCt_m,2,median_midpoint,-529.2755436418547
MPCt_m,2,std_range,70.08922835817877
MPCt_m,2,frac_fixed,0.0
MPCt_m,2,frac_variable,1.0
MPCt_m,2,frac_bidirectional,0.25
MPCt_m,3,minimum,-1000.0
MPCt_m,3,maximum,213.80494597545578
MPCt_m,3,mean_range,1123.094573066779
MPCt_m,3,mean_midpoint,-438.4527134666105
MPCt_m,3,median_range,1124.8208342354235
MPCt_m,3,median_midpoint,-437.58958288228825
MPCt_m,3,std_range,53.0934407000741
MPCt_m,3,frac_fixed,0.0
MPCt_m,3,frac_variable,1.0
MPCt_m,3,frac_bidirectional,1.0
MPCt_m,4,minimum,-1000.0
MPCt_m,4,maximum,31.15334819332552
MPCt_m,4,mean_range,1004.3495258782766
MPCt_m,4,mean_midpoint,-497.8252370608617
MPCt_m,4,median_range,1007.736476682799
MPCt_m,4,median_midpoint,-496.1317616586005
MPCt_m,4,std_range,20.815112166378185
MPCt_m,4,frac_fixed,0.0
MPCt_m,4,frac_variable,1.0
MPCt_m,4,frac_bidirectional,0.6923076923076923
MPCt_m,5,minimum,-1000.0
MPCt_m,5,maximum,-72.03690631129156
MPCt_m,5,mean_range,893.3170710321152
MPCt_m,5,mean_midpoint,-553.3414644839423
MPCt_m,5,median_range,905.1495256169651
MPCt_m,5,median_midpoint,-547.4252371915175
MPCt_m,5,std_range,31.104099179840986
MPCt_m,5,frac_fixed,0.0
MPCt_m,5,frac_variable,1.0
MPCt_m,5,frac_bidirectional,0.0
MPCt_m,6,minimum,-1000.0
MPCt_m,6,maximum,3.5409878170194133
MPCt_m,6,mean_range,930.6700475228471
MPCt_m,6,mean_midpoint,-534.6649762385765
MPCt_m,6,median_range,936.0808505765974
MPCt_m,6,median_midpoint,-531.9595747117013
MPCt_m,6,std_range,47.992931854094564
MPCt_m,6,frac_fixed,0.0
MPCt_m,6,frac_variable,1.0
MPCt_m,6,frac_bidirectional,0.020942408376963352
MPCt_m,7,minimum,-1000.0
MPCt_m,7,maximum,30.95847345008379
MPCt_m,7,mean_range,1012.7991398351751
MPCt_m,7,mean_midpoint,-493.60043008241246
MPCt_m,7,median_range,1012.754357464476
MPCt_m,7,median_midpoint,-493.622821267762
MPCt_m,7,std_range,10.441692476670521
MPCt_m,7,frac_fixed,0.0
MPCt_m,7,frac_variable,1.0
MPCt_m,7,frac_bidirectional,0.9090909090909091
MPCt_m,8,minimum,-1000.0
MPCt_m,8,maximum,211.31657297768913
MPCt_m,8,mean_range,1105.4352772363573
MPCt_m,8,mean_midpoint,-447.2823613818215
MPCt_m,8,median_range,1101.1756653957254
MPCt_m,8,median_midpoint,-449.4121673021373
MPCt_m,8,std_range,43.845919058346
MPCt_m,8,frac_fixed,0.0
MPCt_m,8,frac_variable,1.0
MPCt_m,8,frac_bidirectional,1.0
MPCt_m,9,minimum,-1000.0
MPCt_m,9,maximum,60.083787048854546
MPCt_m,9,mean_range,969.5066613391482
MPCt_m,9,mean_midpoint,-515.2466693304259
MPCt_m,9,median_range,978.0953658077543
MPCt_m,9,median_midpoint,-510.95231709612284
MPCt_m,9,std_range,55.07252989863193
MPCt_m,9,frac_fixed,0.0
MPCt_m,9,frac_variable,1.0
MPCt_m,9,frac_bidirectional,0.35572139303482586
MPCt_m,10,minimum,-1000.0
MPCt_m,10,maximum,-75.81846116083875
MPCt_m,10,mean_range,860.3733538706182
MPCt_m,10,mean_midpoint,-569.813323064691
MPCt_m,10,median_range,860.5959269082189
MPCt_m,10,median_midpoint,-569.7020365458906
MPCt_m,10,std_range,38.250243449821276
MPCt_m,10,frac_fixed,0.0
MPCt_m,10,frac_variable,1.0
MPCt_m,10,frac_bidirectional,0.0
MPCt_m,11,minimum,-1000.0
MPCt_m,11,maximum,-207.73561380207968
MPCt_m,11,mean_range,792.2643861979203
MPCt_m,11,mean_midpoint,-603.8678069010398
MPCt_m,11,median_range,792.2643861979203
MPCt_m,11,median_midpoint,-603.8678069010398
MPCt_m,11,std_range,0.0
MPCt_m,11,frac_fixed,0.0
MPCt_m,11,frac_variable,1.0
MPCt_m,11,frac_bidirectional,0.0
MPCt_m,12,minimum,-1000.0
MPCt_m,12,maximum,218.48832027755932
MPCt_m,12,mean_range,1218.4883202775593
MPCt_m,12,mean_midpoint,-390.75583986122035
MPCt_m,12,median_range,1218.4883202775593
MPCt_m,12,median_midpoint,-390.75583986122035
MPCt_m,12,std_range,0.0
MPCt_m,12,frac_fixed,0.0
MPCt_m,12,frac_variable,1.0
MPCt_m,12,frac_bidirectional,1.0
ALANA1t_m,1,minimum,-1000.0
ALANA1t_m,1,maximum,221.8341089095487
ALANA1t_m,1,mean_range,1147.514762845726
ALANA1t_m,1,mean_midpoint,-426.242618577137
ALANA1t_m,1,median_range,1154.596791261215
ALANA1t_m,1,median_midpoint,-422.7016043693925
ALANA1t_m,1,std_range,50.1511690294242
ALANA1t_m,1,frac_fixed,0.0
ALANA1t_m,1,frac_variable,1.0
ALANA1t_m,1,frac_bidirectional,1.0
ALANA1t_m,2,minimum,-1000.0
ALANA1t_m,2,maximum,44.62350956716872
ALANA1t_m,2,mean_range,919.4130470549968
ALANA1t_m,2,mean_midpoint,-540.2934764725015
ALANA1t_m,2,median_range,920.9274044065062
ALANA1t_m,2,median_midpoint,-539.5362977967469
ALANA1t_m,2,std_range,76.61987172967662
ALANA1t_m,2,frac_fixed,0.0
ALANA1t_m,2,frac_variable,1.0
ALANA1t_m,2,frac_bidirectional,0.20833333333333334
ALANA1t_m,3,minimum,-1000.0
ALANA1t_m,3,maximum,222.42876397608154
ALANA1t_m,3,mean_range,1129.4148327903629
ALANA1t_m,3,mean_midpoint,-435.2925836048185
ALANA1t_m,3,median_range,1131.1849317592223
ALANA1t_m,3,median_midpoint,-434.4075341203889
ALANA1t_m,3,std_range,54.44173010579491
ALANA1t_m,3,frac_fixed,0.0
ALANA1t_m,3,frac_variable,1.0
ALANA1t_m,3,frac_bidirectional,1.0
ALANA1t_m,4,minimum,-1000.0
ALANA1t_m,4,maximum,35.138792583569874
ALANA1t_m,4,mean_range,1005.6903415183128
ALANA1t_m,4,mean_midpoint,-497.15482924084347
ALANA1t_m,4,median_range,1011.1272577896746
ALANA1t_m,4,median_midpoint,-494.4363711051627
ALANA1t_m,4,std_range,25.029811386451964
ALANA1t_m,4,frac_fixed,0.0
ALANA1t_m,4,frac_variable,1.0
ALANA1t_m,4,frac_bidirectional,0.7692307692307693
ALANA1t_m,5,minimum,-1000.0
ALANA1t_m,5,maximum,-92.24225518566959
ALANA1t_m,5,mean_range,864.16620377327
ALANA1t_m,5,mean_midpoint,-567.9168981133649
ALANA1t_m,5,median_range,878.6737037314142
ALANA1t_m,5,median_midpoint,-560.6631481342929
ALANA1t_m,5,std_range,38.81522753634139
ALANA1t_m,5,frac_fixed,0.0
ALANA1t_m,5,frac_variable,1.0
ALANA1t_m,5,frac_bidirectional,0.0
ALANA1t_m,6,minimum,-1000.0
ALANA1t_m,6,maximum,-0.10064233349069873
ALANA1t_m,6,mean_range,914.5168792080088
ALANA1t_m,6,mean_midpoint,-542.7415603959956
ALANA1t_m,6,median_range,922.2098098578668
ALANA1t_m,6,median_midpoint,-538.8950950710666
ALANA1t_m,6,std_range,59.87405415740074
ALANA1t_m,6,frac_fixed,0.0
ALANA1t_m,6,frac_variable,1.0
ALANA1t_m,6,frac_bidirectional,0.0
ALANA1t_m,7,minimum,-1000.0
ALANA1t_m,7,maximum,34.08489863211004
ALANA1t_m,7,mean_range,1013.7417406492632
ALANA1t_m,7,mean_midpoint,-493.1291296753684
ALANA1t_m,7,median_range,1013.3985961135684
ALANA1t_m,7,median_midpoint,-493.3007019432158
ALANA1t_m,7,std_range,11.207745141236007
ALANA1t_m,7,frac_fixed,0.0
ALANA1t_m,7,frac_variable,1.0
ALANA1t_m,7,frac_bidirectional,0.9454545454545454
ALANA1t_m,8,minimum,-1000.0
ALANA1t_m,8,maximum,219.46306727542645
ALANA1t_m,8,mean_range,1106.1104036471752
ALANA1t_m,8,mean_midpoint,-446.9447981764124
ALANA1t_m,8,median_range,1100.830018572823
ALANA1t_m,8,median_midpoint,-449.58499071358847
ALANA1t_m,8,std_range,45.972374995932434
ALANA1t_m,8,frac_fixed,0.0
ALANA1t_m,8,frac_variable,1.0
ALANA1t_m,8,frac_bidirectional,1.0
ALANA1t_m,9,minimum,-1000.0
ALANA1t_m,9,maximum,52.577451177468674
ALANA1t_m,9,mean_range,955.4414344515604
ALANA1t_m,9,mean_midpoint,-522.2792827742197
ALANA1t_m,9,median_range,965.8481915527689
ALANA1t_m,9,median_midpoint,-517.0759042236156
ALANA1t_m,9,std_range,61.07567218714033
ALANA1t_m,9,frac_fixed,0.0
ALANA1t_m,9,frac_variable,1.0
ALANA1t_m,9,frac_bidirectional,0.2885572139303483
ALANA1t_m,10,minimum,-1000.0
ALANA1t_m,10,maximum,-97.32723155136877
ALANA1t_m,10,mean_range,823.0117949733844
ALANA1t_m,10,mean_midpoint,-588.4941025133078
ALANA1t_m,10,median_range,823.2581106920652
ALANA1t_m,10,median_midpoint,-588.3709446539674
ALANA1t_m,10,std_range,47.519748364850194
ALANA1t_m,10,frac_fixed,0.0
ALANA1t_m,10,frac_variable,1.0
ALANA1t_m,10,frac_bidirectional,0.0
ALANA1t_m,11,minimum,-1000.0
ALANA1t_m,11,maximum,-261.54855934730597
ALANA1t_m,11,mean_range,738.451440652694
ALANA1t_m,11,mean_midpoint,-630.7742796736529
ALANA1t_m,11,median_range,738.451440652694
ALANA1t_m,11,median_midpoint,-630.7742796736529
ALANA1t_m,11,std_range,0.0
ALANA1t_m,11,frac_fixed,0.0
ALANA1t_m,11,frac_variable,1.0
ALANA1t_m,11,frac_bidirectional,0.0
ALANA1t_m,12,minimum,-1000.0
ALANA1t_m,12,maximum,227.2310709348656
ALANA1t_m,12,mean_range,1227.2310709348656
ALANA1t_m,12,mean_midpoint,-386.3844645325672
ALANA1t_m,12,median_range,1227.2310709348656
ALANA1t_m,12,median_midpoint,-386.3844645325672
ALANA1t_m,12,std_range,0.0
ALANA1t_m,12,frac_fixed,0.0
ALANA1t_m,12,frac_variable,1.0
ALANA1t_m,12,frac_bidirectional,1.0
ALATA_L_m,1,minimum,-221.8341089095493
ALATA_L_m,1,maximum,1000.0
ALATA_L_m,1,mean_range,1147.5147628457132
ALATA_L_m,1,mean_midpoint,426.24261857714345
ALATA_L_m,1,median_range,1154.596791261215
ALATA_L_m,1,median_midpoint,422.7016043693925
ALATA_L_m,1,std_range,50.15116902943426
ALATA_L_m,1,frac_fixed,0.0
ALATA_L_m,1,frac_variable,1.0
ALATA_L_m,1,frac_bidirectional,1.0
ALATA_L_m,2,minimum,-44.62350956716815
ALATA_L_m,2,maximum,1000.0
ALATA_L_m,2,mean_range,919.4130470549968
ALATA_L_m,2,mean_midpoint,540.2934764725015
ALATA_L_m,2,median_range,920.9274044065062
ALATA_L_m,2,median_midpoint,539.5362977967469
ALATA_L_m,2,std_range,76.61987172967669
ALATA_L_m,2,frac_fixed,0.0
ALATA_L_m,2,frac_variable,1.0
ALATA_L_m,2,frac_bidirectional,0.20833333333333334
ALATA_L_m,3,minimum,-222.42876397607347
ALATA_L_m,3,maximum,1000.0
ALATA_L_m,3,mean_range,1129.414832790368
ALATA_L_m,3,mean_midpoint,435.29258360481595
ALATA_L_m,3,median_range,1131.184931759236
ALATA_L_m,3,median_midpoint,434.40753412038197
ALATA_L_m,3,std_range,54.441730105785055
ALATA_L_m,3,frac_fixed,0.0
ALATA_L_m,3,frac_variable,1.0
ALATA_L_m,3,frac_bidirectional,1.0
ALATA_L_m,4,minimum,-35.138792583591965
ALATA_L_m,4,maximum,1000.0
ALATA_L_m,4,mean_range,1005.6903415182909
ALATA_L_m,4,mean_midpoint,497.15482924085455
ALATA_L_m,4,median_range,1011.1272577896854
ALATA_L_m,4,median_midpoint,494.4363711051573
ALATA_L_m,4,std_range,25.029811386479516
ALATA_L_m,4,frac_fixed,0.0
ALATA_L_m,4,frac_variable,1.0
ALATA_L_m,4,frac_bidirectional,0.7692307692307693
ALATA_L_m,5,minimum,92.2422551858391
ALATA_L_m,5,maximum,1000.0
ALATA_L_m,5,mean_range,864.166203773047
ALATA_L_m,5,mean_midpoint,567.9168981134765
ALATA_L_m,5,median_range,878.673703730992
ALATA_L_m,5,median_midpoint,560.6631481345039
ALATA_L_m,5,std_range,38.8152275363331
ALATA_L_m,5,frac_fixed,0.0
ALATA_L_m,5,frac_variable,1.0
ALATA_L_m,5,frac_bidirectional,0.0
ALATA_L_m,6,minimum,0.1006423334935107
ALATA_L_m,6,maximum,1000.0
ALATA_L_m,6,mean_range,914.5168792080049
ALATA_L_m,6,mean_midpoint,542.7415603959977
ALATA_L_m,6,median_range,922.2098098578726
ALATA_L_m,6,median_midpoint,538.8950950710637
ALATA_L_m,6,std_range,59.8740541574028
ALATA_L_m,6,frac_fixed,0.0
ALATA_L_m,6,frac_variable,1.0
ALATA_L_m,6,frac_bidirectional,0.0
ALATA_L_m,7,minimum,-34.084898632109784
ALATA_L_m,7,maximum,1000.0
ALATA_L_m,7,mean_range,1013.741740649261
ALATA_L_m,7,mean_midpoint,493.1291296753695
ALATA_L_m,7,median_range,1013.398596113578
ALATA_L_m,7,median_midpoint,493.300701943211
ALATA_L_m,7,std_range,11.207745141239782
ALATA_L_m,7,frac_fixed,0.0
ALATA_L_m,7,frac_variable,1.0
ALATA_L_m,7,frac_bidirectional,0.9454545454545454
ALATA_L_m,8,minimum,-219.463067275429
ALATA_L_m,8,maximum,1000.0
ALATA_L_m,8,mean_range,1106.110403647176
ALATA_L_m,8,mean_midpoint,446.9447981764119
ALATA_L_m,8,median_range,1100.8300185728203
ALATA_L_m,8,median_midpoint,449.5849907135899
ALATA_L_m,8,std_range,45.97237499593264
ALATA_L_m,8,frac_fixed,0.0
ALATA_L_m,8,frac_variable,1.0
ALATA_L_m,8,frac_bidirectional,1.0
ALATA_L_m,9,minimum,-52.577451177463104
ALATA_L_m,9,maximum,1000.0
ALATA_L_m,9,mean_range,955.4414344515608
ALATA_L_m,9,mean_midpoint,522.2792827742196
ALATA_L_m,9,median_range,965.8481915527746
ALATA_L_m,9,median_midpoint,517.0759042236127
ALATA_L_m,9,std_range,61.07567218714045
ALATA_L_m,9,frac_fixed,0.0
ALATA_L_m,9,frac_variable,1.0
ALATA_L_m,9,frac_bidirectional,0.2885572139303483
ALATA_L_m,10,minimum,97.32723155114006
ALATA_L_m,10,maximum,1000.0
ALATA_L_m,10,mean_range,823.0117949733306
ALATA_L_m,10,mean_midpoint,588.4941025133347
ALATA_L_m,10,median_range,823.258110692181
ALATA_L_m,10,median_midpoint,588.3709446539094
ALATA_L_m,10,std_range,47.519748364832914
ALATA_L_m,10,frac_fixed,0.0
ALATA_L_m,10,frac_variable,1.0
ALATA_L_m,10,frac_bidirectional,0.0
ALATA_L_m,11,minimum,261.5485593473013
ALATA_L_m,11,maximum,1000.0
ALATA_L_m,11,mean_range,738.4514406526987
ALATA_L_m,11,mean_midpoint,630.7742796736507
ALATA_L_m,11,median_range,738.4514406526987
ALATA_L_m,11,median_midpoint,630.7742796736507
ALATA_L_m,11,std_range,0.0
ALATA_L_m,11,frac_fixed,0.0
ALATA_L_m,11,frac_variable,1.0
ALATA_L_m,11,frac_bidirectional,0.0
ALATA_L_m,12,minimum,-227.23107093486556
ALATA_L_m,12,maximum,1000.0
ALATA_L_m,12,mean_range,1227.2310709348656
ALATA_L_m,12,mean_midpoint,386.3844645325672
ALATA_L_m,12,median_range,1227.2310709348656
ALATA_L_m,12,median_midpoint,386.3844645325672
ALATA_L_m,12,std_range,0.0
ALATA_L_m,12,frac_fixed,0.0
ALATA_L_m,12,frac_variable,1.0
ALATA_L_m,12,frac_bidirectional,1.0
ALATA_L_c,1,minimum,-1000.0
ALATA_L_c,1,maximum,221.8341089095487
ALATA_L_c,1,mean_range,1147.514762845726
ALATA_L_c,1,mean_midpoint,-426.242618577137
ALATA_L_c,1,median_range,1154.596791261215
ALATA_L_c,1,median_midpoint,-422.7016043693925
ALATA_L_c,1,std_range,50.15116902942423
ALATA_L_c,1,frac_fixed,0.0
ALATA_L_c,1,frac_variable,1.0
ALATA_L_c,1,frac_bidirectional,1.0
ALATA_L_c,2,minimum,-1000.0
ALATA_L_c,2,maximum,44.62350956716807
ALATA_L_c,2,mean_range,919.4130470549968
ALATA_L_c,2,mean_midpoint,-540.2934764725015
ALATA_L_c,2,median_range,920.9274044065061
ALATA_L_c,2,median_midpoint,-539.536297796747
ALATA_L_c,2,std_range,76.61987172967679
ALATA_L_c,2,frac_fixed,0.0
ALATA_L_c,2,frac_variable,1.0
ALATA_L_c,2,frac_bidirectional,0.20833333333333334
ALATA_L_c,3,minimum,-1000.0
ALATA_L_c,3,maximum,222.42747861557302
ALATA_L_c,3,mean_range,1129.3886518048514
ALATA_L_c,3,mean_midpoint,-435.3056740975743
ALATA_L_c,3,median_range,1131.1592245491743
ALATA_L_c,3,median_midpoint,-434.42038772541287
ALATA_L_c,3,std_range,54.456301696097285
ALATA_L_c,3,frac_fixed,0.0
ALATA_L_c,3,frac_variable,1.0
ALATA_L_c,3,frac_bidirectional,1.0
ALATA_L_c,4,minimum,-1000.0
ALATA_L_c,4,maximum,35.08737816352043
ALATA_L_c,4,mean_range,1005.632803789805
ALATA_L_c,4,mean_midpoint,-497.1835981050975
ALATA_L_c,4,median_range,1011.0694165671105
ALATA_L_c,4,median_midpoint,-494.46529171644477
ALATA_L_c,4,std_range,25.03307580121885
ALATA_L_c,4,frac_fixed,0.0
ALATA_L_c,4,frac_variable,1.0
ALATA_L_c,4,frac_bidirectional,0.7692307692307693
ALATA_L_c,5,minimum,-1000.0
ALATA_L_c,5,maximum,-92.30523785016668
ALATA_L_c,5,mean_range,864.1188596614279
ALATA_L_c,5,mean_midpoint,-567.9405701692859
ALATA_L_c,5,median_range,878.620361270589
ALATA_L_c,5,median_midpoint,-560.6898193647055
ALATA_L_c,5,std_range,38.80082062952974
ALATA_L_c,5,frac_fixed,0.0
ALATA_L_c,5,frac_variable,1.0
ALATA_L_c,5,frac_bidirectional,0.0
ALATA_L_c,6,minimum,-1000.0
ALATA_L_c,6,maximum,-0.13920314853494004
ALATA_L_c,6,mean_range,914.482268689374
ALATA_L_c,6,mean_midpoint,-542.7588656553131
ALATA_L_c,6,median_range,922.1815319268344
ALATA_L_c,6,median_midpoint,-538.9092340365828
ALATA_L_c,6,std_range,59.86420189403877
ALATA_L_c,6,frac_fixed,0.0
ALATA_L_c,6,frac_variable,1.0
ALATA_L_c,6,frac_bidirectional,0.0
ALATA_L_c,7,minimum,-1000.0
ALATA_L_c,7,maximum,34.0347695725534
ALATA_L_c,7,mean_range,1013.6906767820681
ALATA_L_c,7,mean_midpoint,-493.15466160896597
ALATA_L_c,7,median_range,1013.3420402515111
ALATA_L_c,7,median_midpoint,-493.32897987424445
ALATA_L_c,7,std_range,11.209385583013644
ALATA_L_c,7,frac_fixed,0.0
ALATA_L_c,7,frac_variable,1.0
ALATA_L_c,7,frac_bidirectional,0.9454545454545454
ALATA_L_c,8,minimum,-1000.0
ALATA_L_c,8,maximum,219.46178191492345
ALATA_L_c,8,mean_range,1106.0907698217925
ALATA_L_c,8,mean_midpoint,-446.9546150891038
ALATA_L_c,8,median_range,1100.8068820838043
ALATA_L_c,8,median_midpoint,-449.5965589580979
ALATA_L_c,8,std_range,45.98102853652659
ALATA_L_c,8,frac_fixed,0.0
ALATA_L_c,8,frac_variable,1.0
ALATA_L_c,8,frac_bidirectional,1.0
ALATA_L_c,9,minimum,-1000.0
ALATA_L_c,9,maximum,52.57616581696595
ALATA_L_c,9,mean_range,955.4268734273718
ALATA_L_c,9,mean_midpoint,-522.286563286314
ALATA_L_c,9,median_range,965.832767226752
ALATA_L_c,9,median_midpoint,-517.083616386624
ALATA_L_c,9,std_range,61.07174960025809
ALATA_L_c,9,frac_fixed,0.0
ALATA_L_c,9,frac_variable,1.0
ALATA_L_c,9,frac_bidirectional,0.2885572139303483
ALATA_L_c,10,minimum,-1000.0
ALATA_L_c,10,maximum,-97.39149957639404
ALATA_L_c,10,mean_range,822.9790655158305
ALATA_L_c,10,mean_midpoint,-588.5104672420847
ALATA_L_c,10,median_range,823.2253339992894
ALATA_L_c,10,median_midpoint,-588.3873330003553
ALATA_L_c,10,std_range,47.50130688583126
ALATA_L_c,10,frac_fixed,0.0
ALATA_L_c,10,frac_variable,1.0
ALATA_L_c,10,frac_bidirectional,0.0
ALATA_L_c,11,minimum,-1000.0
ALATA_L_c,11,maximum,-261.54855934730597
ALATA_L_c,11,mean_range,738.451440652694
ALATA_L_c,11,mean_midpoint,-630.7742796736529
ALATA_L_c,11,median_range,738.451440652694
ALATA_L_c,11,median_midpoint,-630.7742796736529
ALATA_L_c,11,std_range,0.0
ALATA_L_c,11,frac_fixed,0.0
ALATA_L_c,11,frac_variable,1.0
ALATA_L_c,11,frac_bidirectional,0.0
ALATA_L_c,12,minimum,-1000.0
ALATA_L_c,12,maximum,227.2310709348656
ALATA_L_c,12,mean_range,1227.2310709348656
ALATA_L_c,12,mean_midpoint,-386.3844645325672
ALATA_L_c,12,median_range,1227.2310709348656
ALATA_L_c,12,median_midpoint,-386.3844645325672
ALATA_L_c,12,std_range,0.0
ALATA_L_c,12,frac_fixed,0.0
ALATA_L_c,12,frac_variable,1.0
ALATA_L_c,12,frac_bidirectional,1.0
ANPRT_c,1,minimum,0.0
ANPRT_c,1,maximum,1.1039240506329029
ANPRT_c,1,mean_range,0.6942455696202611
ANPRT_c,1,mean_midpoint,0.34712278481013054
ANPRT_c,1,median_range,0.7972784810126576
ANPRT_c,1,median_midpoint,0.3986392405063288
ANPRT_c,1,std_range,0.3260455176178353
ANPRT_c,1,frac_fixed,0.0
ANPRT_c,1,frac_variable,1.0
ANPRT_c,1,frac_bidirectional,0.0
ANPRT_c,2,minimum,0.0
ANPRT_c,2,maximum,0.8410849909584067
ANPRT_c,2,mean_range,0.4380650994573321
ANPRT_c,2,mean_midpoint,0.21903254972866604
ANPRT_c,2,median_range,0.4380650994575052
ANPRT_c,2,median_midpoint,0.2190325497287526
ANPRT_c,2,std_range,0.24258946724447583
ANPRT_c,2,frac_fixed,0.0
ANPRT_c,2,frac_variable,1.0
ANPRT_c,2,frac_bidirectional,0.0
ANPRT_c,3,minimum,0.00011090115244607885
ANPRT_c,3,maximum,0.004429176935244557
ANPRT_c,3,mean_range,-1.589412497342775e-13
ANPRT_c,3,mean_midpoint,0.002258900489054755
ANPRT_c,3,median_range,-8.707357751491784e-14
ANPRT_c,3,median_midpoint,0.002218023049010573
ANPRT_c,3,std_range,6.317296219191124e-13
ANPRT_c,3,frac_fixed,1.0
ANPRT_c,3,frac_variable,0.0
ANPRT_c,3,frac_bidirectional,0.0
ANPRT_c,4,minimum,0.004436046097843154
ANPRT_c,4,maximum,0.005434156469906019
ANPRT_c,4,mean_range,-4.9771151409651644e-14
ANPRT_c,4,mean_midpoint,0.004964366333176076
ANPRT_c,4,median_range,-4.751320864526676e-14
ANPRT_c,4,median_midpoint,0.004990551860072397
ANPRT_c,4,std_range,1.3371775982142724e-13
ANPRT_c,4,frac_fixed,1.0
ANPRT_c,4,frac_variable,0.0
ANPRT_c,4,frac_bidirectional,0.0
ANPRT_c,5,minimum,0.002218023048921577
ANPRT_c,5,maximum,0.011623061292041825
ANPRT_c,5,mean_range,0.0027449817632196442
ANPRT_c,5,mean_midpoint,0.00545734999670706
ANPRT_c,5,median_range,0.0023800171272673185
ANPRT_c,5,median_midpoint,0.005435188748238195
ANPRT_c,5,std_range,0.0020165464528748957
ANPRT_c,5,frac_fixed,0.0
ANPRT_c,5,frac_variable,1.0
ANPRT_c,5,frac_bidirectional,0.0
ANPRT_c,6,minimum,0.00033270345733823657
ANPRT_c,6,maximum,0.2667367821842017
ANPRT_c,6,mean_range,0.09207929825074371
ANPRT_c,6,mean_midpoint,0.04902585136113198
ANPRT_c,6,median_range,0.08132684968564044
ANPRT_c,6,median_midpoint,0.0437067843279661
ANPRT_c,6,std_range,0.06224074848711059
ANPRT_c,6,frac_fixed,0.0
ANPRT_c,6,frac_variable,1.0
ANPRT_c,6,frac_bidirectional,0.0
ANPRT_c,7,minimum,0.003548836878274523
ANPRT_c,7,maximum,0.30606605543792786
ANPRT_c,7,mean_range,0.16253798006809408
ANPRT_c,7,mean_midpoint,0.08567479036304128
ANPRT_c,7,median_range,0.16551144050642264
ANPRT_c,7,median_midpoint,0.08741356865594663
ANPRT_c,7,std_range,0.08129182698187291
ANPRT_c,7,frac_fixed,0.0
ANPRT_c,7,frac_variable,1.0
ANPRT_c,7,frac_bidirectional,0.0
ANPRT_c,8,minimum,0.00011090115244607885
ANPRT_c,8,maximum,1.0825364717821684
ANPRT_c,8,mean_range,0.46944328926587486
ANPRT_c,8,mean_midpoint,0.2364156548809842
ANPRT_c,8,median_range,0.4533028009641475
ANPRT_c,8,median_midpoint,0.22842581892121103
ANPRT_c,8,std_range,0.2811275316447062
ANPRT_c,8,frac_fixed,0.0
ANPRT_c,8,frac_variable,1.0
ANPRT_c,8,frac_bidirectional,0.0
ANPRT_c,9,minimum,0.00011090115244607885
ANPRT_c,9,maximum,0.8534807378268963
ANPRT_c,9,mean_range,0.3886680909514592
ANPRT_c,9,mean_midpoint,0.19559037345642474
ANPRT_c,9,median_range,0.36906957745201574
ANPRT_c,9,median_midpoint,0.18639559413311868
ANPRT_c,9,std_range,0.18042865739998587
ANPRT_c,9,frac_fixed,0.0
ANPRT_c,9,frac_variable,1.0
ANPRT_c,9,frac_bidirectional,0.0
ANPRT_c,10,minimum,0.00011090115244607885
ANPRT_c,10,maximum,0.005545057622489968
ANPRT_c,10,mean_range,6.656734089836469e-15
ANPRT_c,10,mean_midpoint,0.002823903922404684
ANPRT_c,10,median_range,7.107866812489094e-15
ANPRT_c,10,median_midpoint,0.0028279793873738127
ANPRT_c,10,std_range,1.4227726752700452e-13
ANPRT_c,10,frac_fixed,1.0
ANPRT_c,10,frac_variable,0.0
ANPRT_c,10,frac_bidirectional,0.0
ANPRT_c,11,minimum,0.0
ANPRT_c,11,maximum,0.0
ANPRT_c,11,mean_range,0.0
ANPRT_c,11,mean_midpoint,0.0
ANPRT_c,11,median_range,0.0
ANPRT_c,11,median_midpoint,0.0
ANPRT_c,11,std_range,0.0
ANPRT_c,11,frac_fixed,1.0
ANPRT_c,11,frac_variable,0.0
ANPRT_c,11,frac_bidirectional,0.0
ANPRT_c,12,minimum,0.0
ANPRT_c,12,maximum,0.0
ANPRT_c,12,mean_range,0.0
ANPRT_c,12,mean_midpoint,0.0
ANPRT_c,12,median_range,0.0
ANPRT_c,12,median_midpoint,0.0
ANPRT_c,12,std_range,0.0
ANPRT_c,12,frac_fixed,1.0
ANPRT_c,12,frac_variable,0.0
ANPRT_c,12,frac_bidirectional,0.0
PRAIC_c,1,minimum,-0.22222222222222238
PRAIC_c,1,maximum,0.0
PRAIC_c,1,mean_range,0.16504303797468428
PRAIC_c,1,mean_midpoint,-0.08252151898734214
PRAIC_c,1,median_range,0.2044303797468349
PRAIC_c,1,median_midpoint,-0.10221518987341745
PRAIC_c,1,std_range,0.06877785449463426
PRAIC_c,1,frac_fixed,0.0
PRAIC_c,1,frac_variable,1.0
PRAIC_c,1,frac_bidirectional,0.0
PRAIC_c,2,minimum,-0.1962531645569618
PRAIC_c,2,maximum,0.0
PRAIC_c,2,mean_range,0.1022151898734156
PRAIC_c,2,mean_midpoint,-0.0511075949367078
PRAIC_c,2,median_range,0.1022151898734162
PRAIC_c,2,median_midpoint,-0.0511075949367081
PRAIC_c,2,std_range,0.05660420902368018
PRAIC_c,2,frac_fixed,0.0
PRAIC_c,2,frac_variable,1.0
PRAIC_c,2,frac_bidirectional,0.0
PRAIC_c,3,minimum,-0.009525335435231038
PRAIC_c,3,maximum,-0.00023850270436298615
PRAIC_c,3,mean_range,-8.497164499144257e-15
PRAIC_c,3,mean_midpoint,-0.004857964625756101
PRAIC_c,3,median_range,-7.055987738535663e-16
PRAIC_c,3,median_midpoint,-0.00477005408719889
PRAIC_c,3,std_range,5.0616412178378426e-14
PRAIC_c,3,frac_fixed,1.0
PRAIC_c,3,frac_variable,0.0
PRAIC_c,3,frac_bidirectional,0.0
PRAIC_c,4,minimum,-0.011686632513622897
PRAIC_c,4,maximum,-0.009540108174387742
PRAIC_c,4,mean_range,3.380041972807117e-16
PRAIC_c,4,mean_midpoint,-0.010676307412382242
PRAIC_c,4,median_range,-2.671474153004283e-16
PRAIC_c,4,median_midpoint,-0.01073262169620521
PRAIC_c,4,std_range,1.005245377893182e-14
PRAIC_c,4,frac_fixed,1.0
PRAIC_c,4,frac_variable,0.0
PRAIC_c,4,frac_bidirectional,0.0
PRAIC_c,5,minimum,-0.013130710305485007
PRAIC_c,5,maximum,-0.004770054087206197
PRAIC_c,5,mean_range,0.0006404957447553326
PRAIC_c,5,mean_midpoint,-0.009105097482969598
PRAIC_c,5,median_range,0.0005553373297146071
PRAIC_c,5,median_midpoint,-0.010092180112692108
PRAIC_c,5,std_range,0.00047052750565898375
PRAIC_c,5,frac_fixed,0.0
PRAIC_c,5,frac_variable,1.0
PRAIC_c,5,frac_bidirectional,0.0
PRAIC_c,6,minimum,-0.06861735557323338
PRAIC_c,6,maximum,-0.000715508113081853
PRAIC_c,6,mean_range,0.021485169591838972
PRAIC_c,6,mean_midpoint,-0.017164675940021
PRAIC_c,6,median_range,0.018976264926661712
PRAIC_c,6,median_midpoint,-0.01633512552565411
PRAIC_c,6,std_range,0.014522841313658027
PRAIC_c,6,frac_fixed,0.0
PRAIC_c,6,frac_variable,1.0
PRAIC_c,6,frac_bidirectional,0.0
PRAIC_c,7,minimum,-0.07906994061193472
PRAIC_c,7,maximum,-0.007632086539516081
PRAIC_c,7,mean_range,0.03941434003722396
PRAIC_c,7,mean_midpoint,-0.02918223200091134
PRAIC_c,7,median_range,0.042975268422733484
PRAIC_c,7,median_midpoint,-0.030817058013821272
PRAIC_c,7,std_range,0.018811138956083592
PRAIC_c,7,frac_fixed,0.0
PRAIC_c,7,frac_variable,1.0
PRAIC_c,7,frac_bidirectional,0.0
PRAIC_c,8,minimum,-0.22049178323731872
PRAIC_c,8,maximum,-0.00023850270426040154
PRAIC_c,8,mean_range,0.1163853264130666
PRAIC_c,8,mean_midpoint,-0.061835781573305944
PRAIC_c,8,median_range,0.11683652616832516
PRAIC_c,8,median_midpoint,-0.0627897602229225
PRAIC_c,8,std_range,0.06520644073077304
PRAIC_c,8,frac_fixed,0.0
PRAIC_c,8,frac_variable,1.0
PRAIC_c,8,frac_bidirectional,0.0
PRAIC_c,9,minimum,-0.1993581312617215
PRAIC_c,9,maximum,-0.00023850270433811716
PRAIC_c,9,mean_range,0.09068922122200977
PRAIC_c,9,mean_midpoint,-0.04804645467979862
PRAIC_c,9,median_range,0.08611623473883026
PRAIC_c,9,median_midpoint,-0.04672749498828521
PRAIC_c,9,std_range,0.04210002005999814
PRAIC_c,9,frac_fixed,0.0
PRAIC_c,9,frac_variable,1.0
PRAIC_c,9,frac_bidirectional,0.0
PRAIC_c,10,minimum,-0.011925135217991803
PRAIC_c,10,maximum,-0.00023850270436061768
PRAIC_c,10,mean_range,-1.7659408959072045e-15
PRAIC_c,10,mean_midpoint,-0.0060730543144960954
PRAIC_c,10,median_range,-1.941155569618047e-15
PRAIC_c,10,median_midpoint,-0.006081818961181231
PRAIC_c,10,std_range,1.6839108090123926e-14
PRAIC_c,10,frac_fixed,1.0
PRAIC_c,10,frac_variable,0.0
PRAIC_c,10,frac_bidirectional,0.0
PRAIC_c,11,minimum,0.0
PRAIC_c,11,maximum,0.0
PRAIC_c,11,mean_range,0.0
PRAIC_c,11,mean_midpoint,0.0
PRAIC_c,11,median_range,0.0
PRAIC_c,11,median_midpoint,0.0
PRAIC_c,11,std_range,0.0
PRAIC_c,11,frac_fixed,1.0
PRAIC_c,11,frac_variable,0.0
PRAIC_c,11,frac_bidirectional,0.0
PRAIC_c,12,minimum,0.0
PRAIC_c,12,maximum,0.0
PRAIC_c,12,mean_range,0.0
PRAIC_c,12,mean_midpoint,0.0
PRAIC_c,12,median_range,0.0
PRAIC_c,12,median_midpoint,0.0
PRAIC_c,12,std_range,0.0
PRAIC_c,12,frac_fixed,1.0
PRAIC_c,12,frac_variable,0.0
PRAIC_c,12,frac_bidirectional,0.0
EX_h2o_e,1,minimum,-9.199367088607609
EX_h2o_e,1,maximum,1.1864240506330646
EX_h2o_e,1,mean_range,6.185301265822802
EX_h2o_e,1,mean_midpoint,-2.7115367088607694
EX_h2o_e,1,median_range,7.258006329113936
EX_h2o_e,1,median_midpoint,-2.7492246835443037
EX_h2o_e,1,std_range,2.8000023221569053
EX_h2o_e,1,frac_fixed,0.0
EX_h2o_e,1,frac_variable,1.0
EX_h2o_e,1,frac_bidirectional,0.84
EX_h2o_e,2,minimum,-12.143164556962034
EX_h2o_e,2,maximum,-2.031374321881998
EX_h2o_e,2,mean_range,3.8649819168172477
EX_h2o_e,2,mean_midpoint,-8.800103978300251
EX_h2o_e,2,median_range,3.864981916817243
EX_h2o_e,2,median_midpoint,-8.800103978300243
EX_h2o_e,2,std_range,2.0620104715769263
EX_h2o_e,2,frac_fixed,0.0
EX_h2o_e,2,frac_variable,1.0
EX_h2o_e,2,frac_bidirectional,0.0
EX_h2o_e,3,minimum,-1.7057811465612644
EX_h2o_e,3,maximum,-0.04271066559990544
EX_h2o_e,3,mean_range,-4.0570272508354184e-14
EX_h2o_e,3,mean_midpoint,-0.869956184285324
EX_h2o_e,3,median_range,-5.3290705182007514e-14
EX_h2o_e,3,median_midpoint,-0.8542133119977944
EX_h2o_e,3,std_range,7.183502285727834e-13
EX_h2o_e,3,frac_fixed,1.0
EX_h2o_e,3,frac_variable,0.0
EX_h2o_e,3,frac_bidirectional,0.0
EX_h2o_e,4,minimum,-2.0928226143944357
EX_h2o_e,4,maximum,-1.7084266239956438
EX_h2o_e,4,mean_range,1.615801509685228e-14
EX_h2o_e,4,mean_midpoint,-1.9118952841881967
EX_h2o_e,4,median_range,-4.263256414560601e-14
EX_h2o_e,4,median_midpoint,-1.9219799519951177
EX_h2o_e,4,std_range,1.6440711084946721e-13
EX_h2o_e,4,frac_fixed,1.0
EX_h2o_e,4,frac_variable,0.0
EX_h2o_e,4,frac_bidirectional,0.0
EX_h2o_e,5,minimum,-8.212375377699939
EX_h2o_e,5,maximum,-2.20817206882407
EX_h2o_e,5,mean_range,0.04803718085698949
EX_h2o_e,5,mean_midpoint,-4.769550156329344
EX_h2o_e,5,median_range,0.04165029972973189
EX_h2o_e,5,median_midpoint,-3.8372791182289463
EX_h2o_e,5,std_range,0.035289562924653343
EX_h2o_e,5,frac_fixed,0.0
EX_h2o_e,5,frac_variable,1.0
EX_h2o_e,5,frac_bidirectional,0.0
EX_h2o_e,6,minimum,-11.65167276235113
EX_h2o_e,6,maximum,-2.0085704573390872
EX_h2o_e,6,mean_range,0.9045089524201749
EX_h2o_e,6,mean_midpoint,-6.035785118307033
EX_h2o_e,6,median_range,0.8190696881717656
EX_h2o_e,6,median_midpoint,-5.713780761608808
EX_h2o_e,6,std_range,0.5340061761009244
EX_h2o_e,6,frac_fixed,0.0
EX_h2o_e,6,frac_variable,1.0
EX_h2o_e,6,frac_bidirectional,0.0
EX_h2o_e,7,minimum,-4.897167692927562
EX_h2o_e,7,maximum,-1.2265088170789014
EX_h2o_e,7,mean_range,1.4996459503620643
EX_h2o_e,7,mean_midpoint,-2.53756267535286
EX_h2o_e,7,median_range,1.5486008869160237
EX_h2o_e,7,median_midpoint,-2.410310853356087
EX_h2o_e,7,std_range,0.7069839944171404
EX_h2o_e,7,frac_fixed,0.0
EX_h2o_e,7,frac_variable,1.0
EX_h2o_e,7,frac_bidirectional,0.0
EX_h2o_e,8,minimum,-8.953764338505225
EX_h2o_e,8,maximum,1.1218777640533233
EX_h2o_e,8,mean_range,4.210362129997265
EX_h2o_e,8,mean_midpoint,-2.4438058841339863
EX_h2o_e,8,median_range,4.110549280524309
EX_h2o_e,8,median_midpoint,-2.422217062077828
EX_h2o_e,8,std_range,2.4367046658094593
EX_h2o_e,8,frac_fixed,0.0
EX_h2o_e,8,frac_variable,1.0
EX_h2o_e,8,frac_bidirectional,0.3397548161120841
EX_h2o_e,9,minimum,-12.020220034707688
EX_h2o_e,9,maximum,-1.6819283391523214
EX_h2o_e,9,mean_range,3.4384847115650996
EX_h2o_e,9,mean_midpoint,-6.891051145277999
EX_h2o_e,9,median_range,3.271873486229426
EX_h2o_e,9,median_midpoint,-6.6137373943861375
EX_h2o_e,9,std_range,1.5346298547455772
EX_h2o_e,9,frac_fixed,0.0
EX_h2o_e,9,frac_variable,1.0
EX_h2o_e,9,frac_bidirectional,0.0
EX_h2o_e,10,minimum,-12.063216994713912
EX_h2o_e,10,maximum,-2.1355332799944495
EX_h2o_e,10,mean_range,-7.890707057945625e-15
EX_h2o_e,10,mean_midpoint,-7.106820621758859
EX_h2o_e,10,median_range,3.9968028886505635e-14
EX_h2o_e,10,median_midpoint,-7.0993751373541105
EX_h2o_e,10,std_range,5.002805955202915e-13
EX_h2o_e,10,frac_fixed,1.0
EX_h2o_e,10,frac_variable,0.0
EX_h2o_e,10,frac_bidirectional,0.0
EX_h2o_e,11,minimum,-12.265822784810108
EX_h2o_e,11,maximum,-12.26582278481013
EX_h2o_e,11,mean_range,-2.1316282072803006e-14
EX_h2o_e,11,mean_midpoint,-12.26582278481012
EX_h2o_e,11,median_range,-2.1316282072803006e-14
EX_h2o_e,11,median_midpoint,-12.26582278481012
EX_h2o_e,11,std_range,0.0
EX_h2o_e,11,frac_fixed,1.0
EX_h2o_e,11,frac_variable,0.0
EX_h2o_e,11,frac_bidirectional,0.0
EX_h2o_e,12,minimum,0.0
EX_h2o_e,12,maximum,0.0
EX_h2o_e,12,mean_range,0.0
EX_h2o_e,12,mean_midpoint,0.0
EX_h2o_e,12,median_range,0.0
EX_h2o_e,12,median_midpoint,0.0
EX_h2o_e,12,std_range,0.0
EX_h2o_e,12,frac_fixed,1.0
EX_h2o_e,12,frac_variable,0.0
EX_h2o_e,12,frac_bidirectional,0.0
O2t_e,1,minimum,-12.265822784810128
O2t_e,1,maximum,-0.24531645569623883
O2t_e,1,mean_range,5.485275949367082
O2t_e,1,mean_midpoint,-5.931751898734157
O2t_e,1,median_range,6.378227848101291
O2t_e,1,median_midpoint,-6.697139240506318
O2t_e,1,std_range,2.3465182601929993
O2t_e,1,frac_fixed,0.0
O2t_e,1,frac_variable,1.0
O2t_e,1,frac_bidirectional,0.0
O2t_e,2,minimum,-12.265822784810128
O2t_e,2,maximum,-6.378227848101264
O2t_e,2,mean_range,3.0664556962025213
O2t_e,2,mean_midpoint,-10.732594936708866
O2t_e,2,median_range,3.0664556962025253
O2t_e,2,median_midpoint,-10.732594936708864
O2t_e,2,std_range,1.69812627071047
O2t_e,2,frac_fixed,0.0
O2t_e,2,frac_variable,1.0
O2t_e,2,frac_bidirectional,0.0
O2t_e,3,minimum,-9.404499026523053
O2t_e,3,maximum,-0.23547710904560937
O2t_e,3,mean_range,-1.1896563398964508e-13
O2t_e,3,mean_midpoint,-4.796337504797752
O2t_e,3,median_range,7.638334409421077e-14
O2t_e,3,median_midpoint,-4.709542180906082
O2t_e,3,std_range,1.0187571411189254e-12
O2t_e,3,frac_fixed,1.0
O2t_e,3,frac_variable,0.0
O2t_e,3,frac_bidirectional,0.0
O2t_e,4,minimum,-11.53837834322109
O2t_e,4,maximum,-9.419084361814335
O2t_e,4,mean_range,-1.880205393088265e-13
O2t_e,4,mean_midpoint,-10.540870014425646
O2t_e,4,median_range,-1.6342482922482304e-13
O2t_e,4,median_midpoint,-10.596469907039818
O2t_e,4,std_range,5.705958017927308e-13
O2t_e,4,frac_fixed,1.0
O2t_e,4,frac_variable,0.0
O2t_e,4,frac_bidirectional,0.0
O2t_e,5,minimum,-12.06903585179261
O2t_e,5,maximum,-11.740372465161661
O2t_e,5,mean_range,0.019214872342817973
O2t_e,5,mean_midpoint,-11.893799413664789
O2t_e,5,median_range,0.016660119891762193
O2t_e,5,median_midpoint,-11.851660362346124
O2t_e,5,std_range,0.014115825169750884
O2t_e,5,frac_fixed,0.0
O2t_e,5,frac_variable,1.0
O2t_e,5,frac_bidirectional,0.0
O2t_e,6,minimum,-12.2363047448575
O2t_e,6,maximum,-10.126774152010585
O2t_e,6,mean_range,0.6445550877552592
O2t_e,6,mean_midpoint,-11.67860409001389
O2t_e,6,median_range,0.5692879477999604
O2t_e,6,median_midpoint,-11.692211710848332
O2t_e,6,std_range,0.43568523940982234
O2t_e,6,frac_fixed,0.0
O2t_e,6,frac_variable,1.0
O2t_e,6,frac_bidirectional,0.0
O2t_e,7,minimum,-11.950963691982098
O2t_e,7,maximum,-9.509591207731455
O2t_e,7,mean_range,1.2181616736290675
O2t_e,7,mean_midpoint,-10.963336458213048
O2t_e,7,median_range,1.3052373148881387
O2t_e,7,median_midpoint,-11.063814420127798
O2t_e,7,std_range,0.5663631740086178
O2t_e,7,frac_fixed,0.0
O2t_e,7,frac_variable,1.0
O2t_e,7,frac_bidirectional,0.0
O2t_e,8,minimum,-12.255983438159253
O2t_e,8,maximum,-0.3947996447298312
O2t_e,8,mean_range,3.721780369727198
O2t_e,8,mean_midpoint,-7.582106740431432
O2t_e,8,median_range,3.7077406544904807
O2t_e,8,median_midpoint,-8.398725428126514
O2t_e,8,std_range,2.087876421490259
O2t_e,8,frac_fixed,0.0
O2t_e,8,frac_variable,1.0
O2t_e,8,frac_bidirectional,0.0
O2t_e,9,minimum,-12.255983438159253
O2t_e,9,maximum,-6.282394581438573
O2t_e,9,mean_range,2.720676636660339
O2t_e,9,mean_midpoint,-10.794020823076753
O2t_e,9,median_range,2.5834870421638287
O2t_e,9,median_midpoint,-10.823196622066675
O2t_e,9,std_range,1.2630006017999973
O2t_e,9,frac_fixed,0.0
O2t_e,9,frac_variable,1.0
O2t_e,9,frac_bidirectional,0.0
O2t_e,10,minimum,-12.255983438159253
O2t_e,10,maximum,-11.77385545226633
O2t_e,10,mean_range,1.6442132208595e-14
O2t_e,10,mean_midpoint,-12.015281027682892
O2t_e,10,median_range,0.0
O2t_e,10,median_midpoint,-12.014919445212762
O2t_e,10,std_range,1.3283475545278777e-13
O2t_e,10,frac_fixed,1.0
O2t_e,10,frac_variable,0.0
O2t_e,10,frac_bidirectional,0.0
O2t_e,11,minimum,-12.265822784810126
O2t_e,11,maximum,-12.265822784810128
O2t_e,11,mean_range,-1.7763568394002505e-15
O2t_e,11,mean_midpoint,-12.265822784810126
O2t_e,11,median_range,-1.7763568394002505e-15
O2t_e,11,median_midpoint,-12.265822784810126
O2t_e,11,std_range,0.0
O2t_e,11,frac_fixed,1.0
O2t_e,11,frac_variable,0.0
O2t_e,11,frac_bidirectional,0.0
O2t_e,12,minimum,0.0
O2t_e,12,maximum,0.0
O2t_e,12,mean_range,0.0
O2t_e,12,mean_midpoint,0.0
O2t_e,12,median_range,0.0
O2t_e,12,median_midpoint,0.0
O2t_e,12,std_range,0.0
O2t_e,12,frac_fixed,1.0
O2t_e,12,frac_variable,0.0
O2t_e,12,frac_bidirectional,0.0
METS_c,1,minimum,-12.102278481012652
METS_c,1,maximum,0.0
METS_c,1,mean_range,8.334217721519003
METS_c,1,mean_midpoint,-4.167108860759502
METS_c,1,median_range,9.158481012658237
METS_c,1,median_midpoint,-4.579240506329119
METS_c,1,std_range,3.1333927728819932
METS_c,1,frac_fixed,0.0
METS_c,1,frac_variable,1.0
METS_c,1,frac_bidirectional,0.0
METS_c,2,minimum,-7.850126582278483
METS_c,2,maximum,0.0
METS_c,2,mean_range,4.088607594936706
METS_c,2,mean_midpoint,-2.044303797468353
METS_c,2,median_range,4.088607594936706
METS_c,2,median_midpoint,-2.044303797468353
METS_c,2,std_range,2.2641683609472976
METS_c,2,frac_fixed,0.0
METS_c,2,frac_variable,1.0
METS_c,2,frac_bidirectional,0.0
METS_c,3,minimum,-0.04941628251665922
METS_c,3,maximum,-0.0012373230422985252
METS_c,3,mean_range,-4.76665762023905e-13
METS_c,3,mean_midpoint,-0.02520253003500306
METS_c,3,median_range,0.0
METS_c,3,median_midpoint,-0.024746460845427937
METS_c,3,std_range,3.10802632901392e-12
METS_c,3,frac_fixed,1.0
METS_c,3,frac_variable,0.0
METS_c,3,frac_bidirectional,0.0
METS_c,4,minimum,-0.06062882907262773
METS_c,4,maximum,-0.049492921691941
METS_c,4,mean_range,1.7519842414433111e-12
METS_c,4,mean_midpoint,-0.05538738524438947
METS_c,4,median_range,0.0
METS_c,4,median_midpoint,-0.05567953690239123
METS_c,4,std_range,7.34241588120612e-12
METS_c,4,frac_fixed,1.0
METS_c,4,frac_variable,0.0
METS_c,4,frac_bidirectional,0.0
METS_c,5,minimum,-0.11839194074567891
METS_c,5,maximum,-0.024746460845970503
METS_c,5,mean_range,0.025619829789601468
METS_c,5,mean_midpoint,-0.05838464695279641
METS_c,5,median_range,0.02221349318836435
METS_c,5,median_midpoint,-0.05912162152525945
METS_c,5,std_range,0.018821100226216317
METS_c,5,frac_fixed,0.0
METS_c,5,frac_variable,1.0
METS_c,5,frac_bidirectional,0.0
METS_c,6,minimum,-2.495610668967088
METS_c,6,maximum,-0.0037119691268955755
METS_c,6,mean_range,0.8594067836733572
METS_c,6,mean_midpoint,-0.4630204201431776
METS_c,6,median_range,0.7590505970665032
METS_c,6,median_midpoint,-0.4143880687868027
METS_c,6,std_range,0.5809136525466189
METS_c,6,frac_fixed,0.0
METS_c,6,frac_variable,1.0
METS_c,6,frac_bidirectional,0.0
METS_c,7,minimum,-2.979793242780258
METS_c,7,maximum,-0.03959433735355279
METS_c,7,mean_range,1.7333293350795054
METS_c,7,mean_midpoint,-0.915820137492885
METS_c,7,median_range,1.8549749798662403
METS_c,7,median_midpoint,-0.9757430885827626
METS_c,7,std_range,0.7217595193864067
METS_c,7,frac_fixed,0.0
METS_c,7,frac_variable,1.0
METS_c,7,frac_bidirectional,0.0
METS_c,8,minimum,-11.89108575647561
METS_c,8,maximum,-0.0012373230422985247
METS_c,8,mean_range,5.67537888748552
METS_c,8,mean_midpoint,-2.8565894990403566
METS_c,8,median_range,5.786272501988531
METS_c,8,median_midpoint,-2.9199802293593624
METS_c,8,std_range,2.924118156872118
METS_c,8,frac_fixed,0.0
METS_c,8,frac_variable,1.0
METS_c,8,frac_bidirectional,0.0
METS_c,9,minimum,-7.966022465337082
METS_c,9,maximum,-0.001237323042298525
METS_c,9,mean_range,3.6275688488804336
METS_c,9,mean_midpoint,-1.8278012630835687
METS_c,9,median_range,3.4446493895517882
METS_c,9,median_midpoint,-1.7437371242978368
METS_c,9,std_range,1.6840008024000388
METS_c,9,frac_fixed,0.0
METS_c,9,frac_variable,1.0
METS_c,9,frac_bidirectional,0.0
METS_c,10,minimum,-0.06186615211527665
METS_c,10,maximum,-0.0012373230422985247
METS_c,10,mean_range,-4.531870517404803e-13
METS_c,10,mean_midpoint,-0.03150626765666938
METS_c,10,median_range,0.0
METS_c,10,median_midpoint,-0.03155173757861239
METS_c,10,std_range,2.8319281940272856e-12
METS_c,10,frac_fixed,1.0
METS_c,10,frac_variable,0.0
METS_c,10,frac_bidirectional,0.0
METS_c,11,minimum,0.0
METS_c,11,maximum,0.0
METS_c,11,mean_range,0.0
METS_c,11,mean_midpoint,0.0
METS_c,11,median_range,0.0
METS_c,11,median_midpoint,0.0
METS_c,11,std_range,0.0
METS_c,11,frac_fixed,1.0
METS_c,11,frac_variable,0.0
METS_c,11,frac_bidirectional,0.0
METS_c,12,minimum,0.0
METS_c,12,maximum,0.0
METS_c,12,mean_range,0.0
METS_c,12,mean_midpoint,0.0
METS_c,12,median_range,0.0
METS_c,12,median_midpoint,0.0
METS_c,12,std_range,0.0
METS_c,12,frac_fixed,1.0
METS_c,12,frac_variable,0.0
METS_c,12,frac_bidirectional,0.0
CHRL_h,1,minimum,0.0
CHRL_h,1,maximum,1.1039240506329144
CHRL_h,1,mean_range,0.694245569620267
CHRL_h,1,mean_midpoint,0.3471227848101335
CHRL_h,1,median_range,0.7972784810126583
CHRL_h,1,median_midpoint,0.39863924050632915
CHRL_h,1,std_range,0.3260455176178468
CHRL_h,1,frac_fixed,0.0
CHRL_h,1,frac_variable,1.0
CHRL_h,1,frac_bidirectional,0.0
CHRL_h,2,minimum,0.0
CHRL_h,2,maximum,0.8410849909584079
CHRL_h,2,mean_range,0.4380650994574707
CHRL_h,2,mean_midpoint,0.21903254972873534
CHRL_h,2,median_range,0.43806509945749994
CHRL_h,2,median_midpoint,0.21903254972874997
CHRL_h,2,std_range,0.24258946724435468
CHRL_h,2,frac_fixed,0.0
CHRL_h,2,frac_variable,1.0
CHRL_h,2,frac_bidirectional,0.0
CHRL_h,3,minimum,0.00011090115244607885
CHRL_h,3,maximum,0.0044291769354797015
CHRL_h,3,mean_range,7.123259926257793e-15
CHRL_h,3,mean_midpoint,0.002258900489137787
CHRL_h,3,median_range,-5.209835384281658e-15
CHRL_h,3,median_midpoint,0.0022180230488928762
CHRL_h,3,std_range,8.068942651843011e-14
CHRL_h,3,frac_fixed,1.0
CHRL_h,3,frac_variable,0.0
CHRL_h,3,frac_bidirectional,0.0
CHRL_h,4,minimum,0.004436046097843154
CHRL_h,4,maximum,0.00543415646985376
CHRL_h,4,mean_range,1.4670422996068476e-15
CHRL_h,4,mean_midpoint,0.004964366333201695
CHRL_h,4,median_range,-4.103488382423137e-15
CHRL_h,4,median_midpoint,0.00499055186005395
CHRL_h,4,std_range,7.02640728049819e-14
CHRL_h,4,frac_fixed,1.0
CHRL_h,4,frac_variable,0.0
CHRL_h,4,frac_bidirectional,0.0
CHRL_h,5,minimum,0.002218023048921577
CHRL_h,5,maximum,0.011623061292058066
CHRL_h,5,mean_range,0.0027449817632974466
CHRL_h,5,mean_midpoint,0.005457349996745961
CHRL_h,5,median_range,0.002380017127493533
CHRL_h,5,median_midpoint,0.005435188748353635
CHRL_h,5,std_range,0.0020165464528115505
CHRL_h,5,frac_fixed,0.0
CHRL_h,5,frac_variable,1.0
CHRL_h,5,frac_bidirectional,0.0
CHRL_h,6,minimum,0.00033270345733823657
CHRL_h,6,maximum,0.2667367821838828
CHRL_h,6,mean_range,0.09207929825074516
CHRL_h,6,mean_midpoint,0.049025851361132695
CHRL_h,6,median_range,0.08132684968563489
CHRL_h,6,median_midpoint,0.043706784327957805
CHRL_h,6,std_range,0.062240748487117144
CHRL_h,6,frac_fixed,0.0
CHRL_h,6,frac_variable,1.0
CHRL_h,6,frac_bidirectional,0.0
CHRL_h,7,minimum,0.003548836878274523
CHRL_h,7,maximum,0.3060660554380341
CHRL_h,7,mean_range,0.16253798006809592
CHRL_h,7,mean_midpoint,0.08567479036304218
CHRL_h,7,median_range,0.16551144050626707
CHRL_h,7,median_midpoint,0.08741356865586884
CHRL_h,7,std_range,0.08129182698188317
CHRL_h,7,frac_fixed,0.0
CHRL_h,7,frac_variable,1.0
CHRL_h,7,frac_bidirectional,0.0
CHRL_h,8,minimum,0.00011090115244607885
CHRL_h,8,maximum,1.0825364717823749
CHRL_h,8,mean_range,0.4694432892658602
CHRL_h,8,mean_midpoint,0.2364156548809769
CHRL_h,8,median_range,0.4533028009644711
CHRL_h,8,median_midpoint,0.22842581892137284
CHRL_h,8,std_range,0.28112753164469867
CHRL_h,8,frac_fixed,0.0
CHRL_h,8,frac_variable,1.0
CHRL_h,8,frac_bidirectional,0.0
CHRL_h,9,minimum,0.00011090115244607885
CHRL_h,9,maximum,0.8534807378268923
CHRL_h,9,mean_range,0.3886680909514759
CHRL_h,9,mean_midpoint,0.19559037345643307
CHRL_h,9,median_range,0.36906957745198465
CHRL_h,9,median_midpoint,0.1863955941330401
CHRL_h,9,std_range,0.18042865739999833
CHRL_h,9,frac_fixed,0.0
CHRL_h,9,frac_variable,1.0
CHRL_h,9,frac_bidirectional,0.0
CHRL_h,10,minimum,0.00011090115244607885
CHRL_h,10,maximum,0.005545057622376759
CHRL_h,10,mean_range,7.194952377049007e-15
CHRL_h,10,mean_midpoint,0.0028239039224049528
CHRL_h,10,median_range,1.9511302296049138e-15
CHRL_h,10,median_midpoint,0.002827979387396029
CHRL_h,10,std_range,7.787672161069289e-14
CHRL_h,10,frac_fixed,1.0
CHRL_h,10,frac_variable,0.0
CHRL_h,10,frac_bidirectional,0.0
CHRL_h,11,minimum,0.0
CHRL_h,11,maximum,0.0
CHRL_h,11,mean_range,0.0
CHRL_h,11,mean_midpoint,0.0
CHRL_h,11,median_range,0.0
CHRL_h,11,median_midpoint,0.0
CHRL_h,11,std_range,0.0
CHRL_h,11,frac_fixed,1.0
CHRL_h,11,frac_variable,0.0
CHRL_h,11,frac_bidirectional,0.0
CHRL_h,12,minimum,0.0
CHRL_h,12,maximum,0.0
CHRL_h,12,mean_range,0.0
CHRL_h,12,mean_midpoint,0.0
CHRL_h,12,median_range,0.0
CHRL_h,12,median_midpoint,0.0
CHRL_h,12,std_range,0.0
CHRL_h,12,frac_fixed,1.0
CHRL_h,12,frac_variable,0.0
CHRL_h,12,frac_bidirectional,0.0
EX_o2_e,1,minimum,0.24531645569620164
EX_o2_e,1,maximum,12.265822784810128
EX_o2_e,1,mean_range,5.485275949367108
EX_o2_e,1,mean_midpoint,5.931751898734168
EX_o2_e,1,median_range,6.378227848101262
EX_o2_e,1,median_midpoint,6.697139240506301
EX_o2_e,1,std_range,2.3465182601929575
EX_o2_e,1,frac_fixed,0.0
EX_o2_e,1,frac_variable,1.0
EX_o2_e,1,frac_bidirectional,0.0
EX_o2_e,2,minimum,6.3782278481013766
EX_o2_e,2,maximum,12.265822784810128
EX_o2_e,2,mean_range,3.0664556962025187
EX_o2_e,2,mean_midpoint,10.73259493670887
EX_o2_e,2,median_range,3.066455696202519
EX_o2_e,2,median_midpoint,10.732594936708868
EX_o2_e,2,std_range,1.6981262707104645
EX_o2_e,2,frac_fixed,0.0
EX_o2_e,2,frac_variable,1.0
EX_o2_e,2,frac_bidirectional,0.0
EX_o2_e,3,minimum,0.23547710904532626
EX_o2_e,3,maximum,9.40449902652333
EX_o2_e,3,mean_range,-8.600038919997321e-14
EX_o2_e,3,mean_midpoint,4.796337504797653
EX_o2_e,3,median_range,-3.907985046680551e-14
EX_o2_e,3,median_midpoint,4.709542180905746
EX_o2_e,3,std_range,7.993770180049835e-13
EX_o2_e,3,frac_fixed,1.0
EX_o2_e,3,frac_variable,0.0
EX_o2_e,3,frac_bidirectional,0.0
EX_o2_e,4,minimum,9.419084361812294
EX_o2_e,4,maximum,11.53837834322103
EX_o2_e,4,mean_range,1.0207219684861439e-13
EX_o2_e,4,mean_midpoint,10.540870014425506
EX_o2_e,4,median_range,-1.0658141036401503e-14
EX_o2_e,4,median_midpoint,10.59646990703993
EX_o2_e,4,std_range,8.061025301050363e-13
EX_o2_e,4,frac_fixed,1.0
EX_o2_e,4,frac_variable,0.0
EX_o2_e,4,frac_bidirectional,0.0
EX_o2_e,5,minimum,11.740372465161865
EX_o2_e,5,maximum,12.06903585179261
EX_o2_e,5,mean_range,0.019214872342270557
EX_o2_e,5,mean_midpoint,11.893799413665063
EX_o2_e,5,median_range,0.016660119891001912
EX_o2_e,5,median_midpoint,11.851660362346777
EX_o2_e,5,std_range,0.014115825169893872
EX_o2_e,5,frac_fixed,0.0
EX_o2_e,5,frac_variable,1.0
EX_o2_e,5,frac_bidirectional,0.0
EX_o2_e,6,minimum,10.126774152010727
EX_o2_e,6,maximum,12.2363047448575
EX_o2_e,6,mean_range,0.6445550877552347
EX_o2_e,6,mean_midpoint,11.678604090013899
EX_o2_e,6,median_range,0.5692879477999178
EX_o2_e,6,median_midpoint,11.692211710848337
EX_o2_e,6,std_range,0.43568523940975484
EX_o2_e,6,frac_fixed,0.0
EX_o2_e,6,frac_variable,1.0
EX_o2_e,6,frac_bidirectional,0.0
EX_o2_e,7,minimum,9.509591207740524
EX_o2_e,7,maximum,11.950963691982098
EX_o2_e,7,mean_range,1.2181616736288132
EX_o2_e,7,mean_midpoint,10.963336458213139
EX_o2_e,7,median_range,1.3052373148885685
EX_o2_e,7,median_midpoint,11.063814420127567
EX_o2_e,7,std_range,0.5663631740089083
EX_o2_e,7,frac_fixed,0.0
EX_o2_e,7,frac_variable,1.0
EX_o2_e,7,frac_bidirectional,0.0
EX_o2_e,8,minimum,0.39479964472947815
EX_o2_e,8,maximum,12.255983438159253
EX_o2_e,8,mean_range,3.721780369727246
EX_o2_e,8,mean_midpoint,7.582106740431366
EX_o2_e,8,median_range,3.707740654490772
EX_o2_e,8,median_midpoint,8.398725428126266
EX_o2_e,8,std_range,2.087876421490174
EX_o2_e,8,frac_fixed,0.0
EX_o2_e,8,frac_variable,1.0
EX_o2_e,8,frac_bidirectional,0.0
EX_o2_e,9,minimum,6.282394581437302
EX_o2_e,9,maximum,12.255983438159253
EX_o2_e,9,mean_range,2.7206766366602815
EX_o2_e,9,mean_midpoint,10.79402082307678
EX_o2_e,9,median_range,2.583487042164009
EX_o2_e,9,median_midpoint,10.823196622065709
EX_o2_e,9,std_range,1.2630006017999824
EX_o2_e,9,frac_fixed,0.0
EX_o2_e,9,frac_variable,1.0
EX_o2_e,9,frac_bidirectional,0.0
EX_o2_e,10,minimum,11.773855452266329
EX_o2_e,10,maximum,12.255983438159253
EX_o2_e,10,mean_range,1.158747894384383e-13
EX_o2_e,10,mean_midpoint,12.015281027682843
EX_o2_e,10,median_range,0.0
EX_o2_e,10,median_midpoint,12.014919445212794
EX_o2_e,10,std_range,5.825533848438889e-13
EX_o2_e,10,frac_fixed,1.0
EX_o2_e,10,frac_variable,0.0
EX_o2_e,10,frac_bidirectional,0.0
EX_o2_e,11,minimum,12.265822784810128
EX_o2_e,11,maximum,12.265822784810128
EX_o2_e,11,mean_range,0.0
EX_o2_e,11,mean_midpoint,12.265822784810128
EX_o2_e,11,median_range,0.0
EX_o2_e,11,median_midpoint,12.265822784810128
EX_o2_e,11,std_range,0.0
EX_o2_e,11,frac_fixed,1.0
EX_o2_e,11,frac_variable,0.0
EX_o2_e,11,frac_bidirectional,0.0
EX_o2_e,12,minimum,0.0
EX_o2_e,12,maximum,0.0
EX_o2_e,12,mean_range,0.0
EX_o2_e,12,mean_midpoint,0.0
EX_o2_e,12,median_range,0.0
EX_o2_e,12,median_midpoint,0.0
EX_o2_e,12,std_range,0.0
EX_o2_e,12,frac_fixed,1.0
EX_o2_e,12,frac_variable,0.0
EX_o2_e,12,frac_bidirectional,0.0
EX_pi_e,1,minimum,-0.22
EX_pi_e,1,maximum,0.0
EX_pi_e,1,mean_range,0.22
EX_pi_e,1,mean_midpoint,-0.11
EX_pi_e,1,median_range,0.22
EX_pi_e,1,median_midpoint,-0.11
EX_pi_e,1,std_range,0.0
EX_pi_e,1,frac_fixed,0.0
EX_pi_e,1,frac_variable,1.0
EX_pi_e,1,frac_bidirectional,0.0
EX_pi_e,2,minimum,-0.22
EX_pi_e,2,maximum,0.0
EX_pi_e,2,mean_range,0.22
EX_pi_e,2,mean_midpoint,-0.11
EX_pi_e,2,median_range,0.22
EX_pi_e,2,median_midpoint,-0.11
EX_pi_e,2,std_range,0.0
EX_pi_e,2,frac_fixed,0.0
EX_pi_e,2,frac_variable,1.0
EX_pi_e,2,frac_bidirectional,0.0
EX_pi_e,3,minimum,-0.035906017930898315
EX_pi_e,3,maximum,-0.0008990426045727418
EX_pi_e,3,mean_range,2.5639867587569654e-14
EX_pi_e,3,mean_midpoint,-0.018312233321998838
EX_pi_e,3,median_range,2.1316282072803006e-14
EX_pi_e,3,median_midpoint,-0.017980852091958432
EX_pi_e,3,std_range,2.3577034981142333e-13
EX_pi_e,3,frac_fixed,1.0
EX_pi_e,3,frac_variable,0.0
EX_pi_e,3,frac_bidirectional,0.0
EX_pi_e,4,minimum,-0.04405308762504134
EX_pi_e,4,maximum,-0.03596170418377653
EX_pi_e,4,mean_range,1.0603483902881495e-13
EX_pi_e,4,mean_midpoint,-0.04024463894123788
EX_pi_e,4,median_range,4.973799150320701e-14
EX_pi_e,4,median_midpoint,-0.040456917206633136
EX_pi_e,4,std_range,4.392206576301491e-13
EX_pi_e,4,frac_fixed,1.0
EX_pi_e,4,frac_variable,0.0
EX_pi_e,4,frac_bidirectional,0.0
EX_pi_e,5,minimum,-0.13069775513580595
EX_pi_e,5,maximum,-0.017980852091824318
EX_pi_e,5,mean_range,0.03842974468594503
EX_pi_e,5,mean_midpoint,-0.052329608278859574
EX_pi_e,5,median_range,0.03332023978315046
EX_pi_e,5,median_midpoint,-0.04896934099657502
EX_pi_e,5,std_range,0.028231650339195058
EX_pi_e,5,frac_fixed,0.0
EX_pi_e,5,frac_variable,1.0
EX_pi_e,5,frac_bidirectional,0.0
EX_pi_e,6,minimum,-0.22
EX_pi_e,6,maximum,-0.0026971278138034904
EX_pi_e,6,mean_range,0.18952098244931692
EX_pi_e,6,mean_midpoint,-0.11896874313786503
EX_pi_e,6,median_range,0.19392776446693574
EX_pi_e,6,median_midpoint,-0.12213707516203044
EX_pi_e,6,std_range,0.026439909349857394
EX_pi_e,6,frac_fixed,0.0
EX_pi_e,6,frac_variable,1.0
EX_pi_e,6,frac_bidirectional,0.0
EX_pi_e,7,minimum,-0.22
EX_pi_e,7,maximum,-0.028769363346953014
EX_pi_e,7,mean_range,0.18052698189386357
EX_pi_e,7,mean_midpoint,-0.12598000169307327
EX_pi_e,7,median_range,0.18403829581629452
EX_pi_e,7,median_midpoint,-0.12753133078958057
EX_pi_e,7,std_range,0.017745490319840868
EX_pi_e,7,frac_fixed,0.0
EX_pi_e,7,frac_variable,1.0
EX_pi_e,7,frac_bidirectional,0.0
EX_pi_e,8,minimum,-0.22
EX_pi_e,8,maximum,-0.0008990426041037836
EX_pi_e,8,mean_range,0.2035770317041689
EX_pi_e,8,mean_midpoint,-0.1155213522746122
EX_pi_e,8,median_range,0.20741340353566898
EX_pi_e,8,median_midpoint,-0.11584377692991467
EX_pi_e,8,std_range,0.021153414117552897
EX_pi_e,8,frac_fixed,0.0
EX_pi_e,8,frac_variable,1.0
EX_pi_e,8,frac_bidirectional,0.0
EX_pi_e,9,minimum,-0.22
EX_pi_e,9,maximum,-0.0008990426045478728
EX_pi_e,9,mean_range,0.2096981265206721
EX_pi_e,9,mean_midpoint,-0.11503373993028297
EX_pi_e,9,median_range,0.21100957395404343
EX_pi_e,9,median_midpoint,-0.11449521302297473
EX_pi_e,9,std_range,0.007144022872822594
EX_pi_e,9,frac_fixed,0.0
EX_pi_e,9,frac_variable,1.0
EX_pi_e,9,frac_bidirectional,0.0
EX_pi_e,10,minimum,-0.044952130229653164
EX_pi_e,10,maximum,-0.0008990426045514255
EX_pi_e,10,mean_range,-1.0788118366113716e-14
EX_pi_e,10,mean_midpoint,-0.02289254783671227
EX_pi_e,10,median_range,-7.105427357601002e-15
EX_pi_e,10,median_midpoint,-0.022925586417146704
EX_pi_e,10,std_range,1.1118406029168128e-13
EX_pi_e,10,frac_fixed,1.0
EX_pi_e,10,frac_variable,0.0
EX_pi_e,10,frac_bidirectional,0.0
EX_pi_e,11,minimum,0.0
EX_pi_e,11,maximum,0.0
EX_pi_e,11,mean_range,0.0
EX_pi_e,11,mean_midpoint,0.0
EX_pi_e,11,median_range,0.0
EX_pi_e,11,median_midpoint,0.0
EX_pi_e,11,std_range,0.0
EX_pi_e,11,frac_fixed,1.0
EX_pi_e,11,frac_variable,0.0
EX_pi_e,11,frac_bidirectional,0.0
EX_pi_e,12,minimum,0.0
EX_pi_e,12,maximum,0.0
EX_pi_e,12,mean_range,0.0
EX_pi_e,12,mean_midpoint,0.0
EX_pi_e,12,median_range,0.0
EX_pi_e,12,median_midpoint,0.0
EX_pi_e,12,std_range,0.0
EX_pi_e,12,frac_fixed,1.0
EX_pi_e,12,frac_variable,0.0
EX_pi_e,12,frac_bidirectional,0.0
SAHH_c,1,minimum,-18.153417721518963
SAHH_c,1,maximum,0.0
SAHH_c,1,mean_range,12.501326582278399
SAHH_c,1,mean_midpoint,-6.250663291139199
SAHH_c,1,median_range,13.737721518987444
SAHH_c,1,median_midpoint,-6.868860759493722
SAHH_c,1,std_range,4.7000891593229435
SAHH_c,1,frac_fixed,0.0
SAHH_c,1,frac_variable,1.0
SAHH_c,1,frac_bidirectional,0.0
SAHH_c,2,minimum,-11.775189873417741
SAHH_c,2,maximum,0.0
SAHH_c,2,mean_range,6.1329113924050676
SAHH_c,2,mean_midpoint,-3.0664556962025338
SAHH_c,2,median_range,6.132911392405212
SAHH_c,2,median_midpoint,-3.066455696202606
SAHH_c,2,std_range,3.3962525414209312
SAHH_c,2,frac_fixed,0.0
SAHH_c,2,frac_variable,1.0
SAHH_c,2,frac_bidirectional,0.0
SAHH_c,3,minimum,-0.04198141552160745
SAHH_c,3,maximum,-0.0010511631010704488
SAHH_c,3,mean_range,-2.7555702740564765e-13
SAHH_c,3,mean_midpoint,-0.021410713872489703
SAHH_c,3,median_range,0.0
SAHH_c,3,median_midpoint,-0.021023262021382265
SAHH_c,3,std_range,2.987001009683764e-12
SAHH_c,3,frac_fixed,1.0
SAHH_c,3,frac_variable,0.0
SAHH_c,3,frac_bidirectional,0.0
SAHH_c,4,minimum,-0.051506991952451994
SAHH_c,4,maximum,-0.04204652404280296
SAHH_c,4,mean_range,-8.995421928704471e-14
SAHH_c,4,mean_midpoint,-0.04705414321269992
SAHH_c,4,median_range,-5.033057304260069e-13
SAHH_c,4,median_midpoint,-0.04730233954784577
SAHH_c,4,std_range,1.3786381545748736e-12
SAHH_c,4,frac_fixed,1.0
SAHH_c,4,frac_variable,0.0
SAHH_c,4,frac_bidirectional,0.0
SAHH_c,5,minimum,-0.13815165946405267
SAHH_c,5,maximum,-0.021023262021408973
SAHH_c,5,mean_range,0.03842974468648424
SAHH_c,5,mean_midpoint,-0.05793271323266496
SAHH_c,5,median_range,0.03332023978391414
SAHH_c,5,median_midpoint,-0.0552823416001481
SAHH_c,5,std_range,0.028231650339140255
SAHH_c,5,frac_fixed,0.0
SAHH_c,5,frac_variable,1.0
SAHH_c,5,frac_bidirectional,0.0
SAHH_c,6,minimum,-3.71927135957955
SAHH_c,6,maximum,-0.0031534893032585387
SAHH_c,6,mean_range,1.2891101755104386
SAHH_c,6,mean_midpoint,-0.672859442879853
SAHH_c,6,median_range,1.138575895599419
SAHH_c,6,median_midpoint,-0.6013644668950682
SAHH_c,6,std_range,0.8713704788196353
SAHH_c,6,frac_fixed,0.0
SAHH_c,6,frac_variable,1.0
SAHH_c,6,frac_bidirectional,0.0
SAHH_c,7,minimum,-4.439911470063883
SAHH_c,7,maximum,-0.0336372192342651
SAHH_c,7,mean_range,2.5999940026186685
SAHH_c,7,mean_midpoint,-1.3417568445064099
SAHH_c,7,median_range,2.782462469801279
SAHH_c,7,median_midpoint,-1.432226595842432
SAHH_c,7,std_range,1.082639279080046
SAHH_c,7,frac_fixed,0.0
SAHH_c,7,frac_variable,1.0
SAHH_c,7,frac_bidirectional,0.0
SAHH_c,8,minimum,-17.835823813252606
SAHH_c,8,maximum,-0.0010511631010704482
SAHH_c,8,mean_range,8.513068331228643
SAHH_c,8,mean_midpoint,-4.272590635960273
SAHH_c,8,median_range,8.679408752985129
SAHH_c,8,median_midpoint,-4.3590449860158085
SAHH_c,8,std_range,4.386177235308606
SAHH_c,8,frac_fixed,0.0
SAHH_c,8,frac_variable,1.0
SAHH_c,8,frac_bidirectional,0.0
SAHH_c,9,minimum,-11.948228876544125
SAHH_c,9,maximum,-0.0010511631010704482
SAHH_c,9,mean_range,5.441353273320703
SAHH_c,9,mean_midpoint,-2.732584588805316
SAHH_c,9,median_range,5.166974084328112
SAHH_c,9,median_midpoint,-2.5995092571992786
SAHH_c,9,std_range,2.5260012035999897
SAHH_c,9,frac_fixed,0.0
SAHH_c,9,frac_variable,1.0
SAHH_c,9,frac_bidirectional,0.0
SAHH_c,10,minimum,-0.05255815505352244
SAHH_c,10,maximum,-0.0010511631010704486
SAHH_c,10,mean_range,6.474509434258543e-13
SAHH_c,10,mean_midpoint,-0.026766030277960904
SAHH_c,10,median_range,0.0
SAHH_c,10,median_midpoint,-0.02680465907729806
SAHH_c,10,std_range,3.765868270671404e-12
SAHH_c,10,frac_fixed,1.0
SAHH_c,10,frac_variable,0.0
SAHH_c,10,frac_bidirectional,0.0
SAHH_c,11,minimum,0.0
SAHH_c,11,maximum,0.0
SAHH_c,11,mean_range,0.0
SAHH_c,11,mean_midpoint,0.0
SAHH_c,11,median_range,0.0
SAHH_c,11,median_midpoint,0.0
SAHH_c,11,std_range,0.0
SAHH_c,11,frac_fixed,1.0
SAHH_c,11,frac_variable,0.0
SAHH_c,11,frac_bidirectional,0.0
SAHH_c,12,minimum,0.0
SAHH_c,12,maximum,0.0
SAHH_c,12,mean_range,0.0
SAHH_c,12,mean_midpoint,0.0
SAHH_c,12,median_range,0.0
SAHH_c,12,median_midpoint,0.0
SAHH_c,12,std_range,0.0
SAHH_c,12,frac_fixed,1.0
SAHH_c,12,frac_variable,0.0
SAHH_c,12,frac_bidirectional,0.0
PRAI_c,1,minimum,0.0
PRAI_c,1,maximum,1.1039240506329107
PRAI_c,1,mean_range,0.6942455696202514
PRAI_c,1,mean_midpoint,0.3471227848101257
PRAI_c,1,median_range,0.7972784810126593
PRAI_c,1,median_midpoint,0.39863924050632965
PRAI_c,1,std_range,0.3260455176178256
PRAI_c,1,frac_fixed,0.0
PRAI_c,1,frac_variable,1.0
PRAI_c,1,frac_bidirectional,0.0
PRAI_c,2,minimum,0.0
PRAI_c,2,maximum,0.8410849909584094
PRAI_c,2,mean_range,0.4380650994574862
PRAI_c,2,mean_midpoint,0.2190325497287431
PRAI_c,2,median_range,0.4380650994574649
PRAI_c,2,median_midpoint,0.21903254972873246
PRAI_c,2,std_range,0.24258946724434868
PRAI_c,2,frac_fixed,0.0
PRAI_c,2,frac_variable,1.0
PRAI_c,2,frac_bidirectional,0.0
PRAI_c,3,minimum,0.00011090115244607885
PRAI_c,3,maximum,0.004429176935555627
PRAI_c,3,mean_range,-1.3101177627283984e-14
PRAI_c,3,mean_midpoint,0.0022589004891276744
PRAI_c,3,median_range,-4.400126096815171e-15
PRAI_c,3,median_midpoint,0.0022180230489224646
PRAI_c,3,std_range,4.1357650112182483e-14
PRAI_c,3,frac_fixed,1.0
PRAI_c,3,frac_variable,0.0
PRAI_c,3,frac_bidirectional,0.0
PRAI_c,4,minimum,0.004436046097843154
PRAI_c,4,maximum,0.005434156469862228
PRAI_c,4,mean_range,-1.1422820488638818e-14
PRAI_c,4,mean_midpoint,0.0049643663331952505
PRAI_c,4,median_range,-1.1128251098391218e-15
PRAI_c,4,median_midpoint,0.004990551860029724
PRAI_c,4,std_range,4.6981743936611026e-14
PRAI_c,4,frac_fixed,1.0
PRAI_c,4,frac_variable,0.0
PRAI_c,4,frac_bidirectional,0.0
PRAI_c,5,minimum,0.002218023048921577
PRAI_c,5,maximum,0.011623061292170991
PRAI_c,5,mean_range,0.0027449817632874234
PRAI_c,5,mean_midpoint,0.0054573499967409496
PRAI_c,5,median_range,0.0023800171274234593
PRAI_c,5,median_midpoint,0.005435188748332183
PRAI_c,5,std_range,0.0020165464528493307
PRAI_c,5,frac_fixed,0.0
PRAI_c,5,frac_variable,1.0
PRAI_c,5,frac_bidirectional,0.0
PRAI_c,6,minimum,0.00033270345733823657
PRAI_c,6,maximum,0.2667367821838129
PRAI_c,6,mean_range,0.09207929825074763
PRAI_c,6,mean_midpoint,0.04902585136113393
PRAI_c,6,median_range,0.08132684968567519
PRAI_c,6,median_midpoint,0.043706784327990966
PRAI_c,6,std_range,0.062240748487130494
PRAI_c,6,frac_fixed,0.0
PRAI_c,6,frac_variable,1.0
PRAI_c,6,frac_bidirectional,0.0
PRAI_c,7,minimum,0.003548836878274523
PRAI_c,7,maximum,0.3060660554379278
PRAI_c,7,mean_range,0.1625379800680875
PRAI_c,7,mean_midpoint,0.08567479036303802
PRAI_c,7,median_range,0.1655114405063036
PRAI_c,7,median_midpoint,0.0874135686558871
PRAI_c,7,std_range,0.08129182698190754
PRAI_c,7,frac_fixed,0.0
PRAI_c,7,frac_variable,1.0
PRAI_c,7,frac_bidirectional,0.0
PRAI_c,8,minimum,0.00011090115244607885
PRAI_c,8,maximum,1.0825364717823627
PRAI_c,8,mean_range,0.4694432892658593
PRAI_c,8,mean_midpoint,0.2364156548809764
PRAI_c,8,median_range,0.45330280096438136
PRAI_c,8,median_midpoint,0.22842581892132796
PRAI_c,8,std_range,0.2811275316446982
PRAI_c,8,frac_fixed,0.0
PRAI_c,8,frac_variable,1.0
PRAI_c,8,frac_bidirectional,0.0
PRAI_c,9,minimum,0.00011090115244607885
PRAI_c,9,maximum,0.8534807378268511
PRAI_c,9,mean_range,0.3886680909514739
PRAI_c,9,mean_midpoint,0.1955903734564321
PRAI_c,9,median_range,0.36906957745199165
PRAI_c,9,median_midpoint,0.1863955941330374
PRAI_c,9,std_range,0.18042865739999622
PRAI_c,9,frac_fixed,0.0
PRAI_c,9,frac_variable,1.0
PRAI_c,9,frac_bidirectional,0.0
PRAI_c,10,minimum,0.00011090115244607885
PRAI_c,10,maximum,0.005545057622358129
PRAI_c,10,mean_range,7.678426222462934e-15
PRAI_c,10,mean_midpoint,0.0028239039224051948
PRAI_c,10,median_range,8.414059379791006e-15
PRAI_c,10,median_midpoint,0.002827979387368428
PRAI_c,10,std_range,8.440345735367541e-14
PRAI_c,10,frac_fixed,1.0
PRAI_c,10,frac_variable,0.0
PRAI_c,10,frac_bidirectional,0.0
PRAI_c,11,minimum,0.0
PRAI_c,11,maximum,0.0
PRAI_c,11,mean_range,0.0
PRAI_c,11,mean_midpoint,0.0
PRAI_c,11,median_range,0.0
PRAI_c,11,median_midpoint,0.0
PRAI_c,11,std_range,0.0
PRAI_c,11,frac_fixed,1.0
PRAI_c,11,frac_variable,0.0
PRAI_c,11,frac_bidirectional,0.0
PRAI_c,12,minimum,0.0
PRAI_c,12,maximum,0.0
PRAI_c,12,mean_range,0.0
PRAI_c,12,mean_midpoint,0.0
PRAI_c,12,median_range,0.0
PRAI_c,12,median_midpoint,0.0
PRAI_c,12,std_range,0.0
PRAI_c,12,frac_fixed,1.0
PRAI_c,12,frac_variable,0.0
PRAI_c,12,frac_bidirectional,0.0
IGPS_c,1,minimum,0.0
IGPS_c,1,maximum,1.1039240506328465
IGPS_c,1,mean_range,0.6942455696202472
IGPS_c,1,mean_midpoint,0.3471227848101236
IGPS_c,1,median_range,0.797278481012665
IGPS_c,1,median_midpoint,0.3986392405063325
IGPS_c,1,std_range,0.3260455176178286
IGPS_c,1,frac_fixed,0.0
IGPS_c,1,frac_variable,1.0
IGPS_c,1,frac_bidirectional,0.0
IGPS_c,2,minimum,0.0
IGPS_c,2,maximum,0.8410849909584268
IGPS_c,2,mean_range,0.4380650994575009
IGPS_c,2,mean_midpoint,0.21903254972875044
IGPS_c,2,median_range,0.4380650994574574
IGPS_c,2,median_midpoint,0.2190325497287287
IGPS_c,2,std_range,0.24258946724435493
IGPS_c,2,frac_fixed,0.0
IGPS_c,2,frac_variable,1.0
IGPS_c,2,frac_bidirectional,0.0
IGPS_c,3,minimum,0.00011090115244607885
IGPS_c,3,maximum,0.004429176935494841
IGPS_c,3,mean_range,7.879252621654933e-14
IGPS_c,3,mean_midpoint,0.0022589004891736216
IGPS_c,3,median_range,-7.667477763817487e-15
IGPS_c,3,median_midpoint,0.0022180230488884787
IGPS_c,3,std_range,5.085759101474992e-13
IGPS_c,3,frac_fixed,1.0
IGPS_c,3,frac_variable,0.0
IGPS_c,3,frac_bidirectional,0.0
IGPS_c,4,minimum,0.004436046097843154
IGPS_c,4,maximum,0.00543415646992193
IGPS_c,4,mean_range,4.16673239714923e-14
IGPS_c,4,mean_midpoint,0.004964366333221794
IGPS_c,4,median_range,3.3905170337966695e-15
IGPS_c,4,median_midpoint,0.0049905518600841655
IGPS_c,4,std_range,1.3567423195622916e-13
IGPS_c,4,frac_fixed,1.0
IGPS_c,4,frac_variable,0.0
IGPS_c,4,frac_bidirectional,0.0
IGPS_c,5,minimum,0.002218023048921577
IGPS_c,5,maximum,0.01162306129197833
IGPS_c,5,mean_range,0.002744981763260057
IGPS_c,5,mean_midpoint,0.005457349996727266
IGPS_c,5,median_range,0.002380017127353064
IGPS_c,5,median_midpoint,0.0054351887483269235
IGPS_c,5,std_range,0.0020165464527933438
IGPS_c,5,frac_fixed,0.0
IGPS_c,5,frac_variable,1.0
IGPS_c,5,frac_bidirectional,0.0
IGPS_c,6,minimum,0.00033270345733823657
IGPS_c,6,maximum,0.26673678218384456
IGPS_c,6,mean_range,0.09207929825075087
IGPS_c,6,mean_midpoint,0.049025851361135554
IGPS_c,6,median_range,0.08132684968555484
IGPS_c,6,median_midpoint,0.04370678432796726
IGPS_c,6,std_range,0.06224074848712199
IGPS_c,6,frac_fixed,0.0
IGPS_c,6,frac_variable,1.0
IGPS_c,6,frac_bidirectional,0.0
IGPS_c,7,minimum,0.003548836878274523
IGPS_c,7,maximum,0.30606605543801385
IGPS_c,7,mean_range,0.16253798006813658
IGPS_c,7,mean_midpoint,0.0856747903630625
IGPS_c,7,median_range,0.16551144050637373
IGPS_c,7,median_midpoint,0.08741356865592217
IGPS_c,7,std_range,0.08129182698191394
IGPS_c,7,frac_fixed,0.0
IGPS_c,7,frac_variable,1.0
IGPS_c,7,frac_bidirectional,0.0
IGPS_c,8,minimum,0.00011090115244607885
IGPS_c,8,maximum,1.0825364717825667
IGPS_c,8,mean_range,0.4694432892658627
IGPS_c,8,mean_midpoint,0.23641565488097813
IGPS_c,8,median_range,0.45330280096429876
IGPS_c,8,median_midpoint,0.22842581892128666
IGPS_c,8,std_range,0.28112753164470955
IGPS_c,8,frac_fixed,0.0
IGPS_c,8,frac_variable,1.0
IGPS_c,8,frac_bidirectional,0.0
IGPS_c,9,minimum,0.00011090115244607885
IGPS_c,9,maximum,0.8534807378269266
IGPS_c,9,mean_range,0.38866809095147176
IGPS_c,9,mean_midpoint,0.195590373456431
IGPS_c,9,median_range,0.3690695774520569
IGPS_c,9,median_midpoint,0.18639559413297044
IGPS_c,9,std_range,0.18042865739999447
IGPS_c,9,frac_fixed,0.0
IGPS_c,9,frac_variable,1.0
IGPS_c,9,frac_bidirectional,0.0
IGPS_c,10,minimum,0.00011090115244607885
IGPS_c,10,maximum,0.005545057622510476
IGPS_c,10,mean_range,-1.3535614263276918e-14
IGPS_c,10,mean_midpoint,0.0028239039223945882
IGPS_c,10,median_range,-7.796064141474268e-15
IGPS_c,10,median_midpoint,0.0028279793873096687
IGPS_c,10,std_range,1.159850497540749e-13
IGPS_c,10,frac_fixed,1.0
IGPS_c,10,frac_variable,0.0
IGPS_c,10,frac_bidirectional,0.0
IGPS_c,11,minimum,0.0
IGPS_c,11,maximum,0.0
IGPS_c,11,mean_range,0.0
IGPS_c,11,mean_midpoint,0.0
IGPS_c,11,median_range,0.0
IGPS_c,11,median_midpoint,0.0
IGPS_c,11,std_range,0.0
IGPS_c,11,frac_fixed,1.0
IGPS_c,11,frac_variable,0.0
IGPS_c,11,frac_bidirectional,0.0
IGPS_c,12,minimum,0.0
IGPS_c,12,maximum,0.0
IGPS_c,12,mean_range,0.0
IGPS_c,12,mean_midpoint,0.0
IGPS_c,12,median_range,0.0
IGPS_c,12,median_midpoint,0.0
IGPS_c,12,std_range,0.0
IGPS_c,12,frac_fixed,1.0
IGPS_c,12,frac_variable,0.0
IGPS_c,12,frac_bidirectional,0.0
SO3R_h,1,minimum,0.0
SO3R_h,1,maximum,1.5165017261219782
SO3R_h,1,mean_range,0.9973228998849109
SO3R_h,1,mean_midpoint,0.4986614499424554
SO3R_h,1,median_range,1.159677790563845
SO3R_h,1,median_midpoint,0.5798388952819225
SO3R_h,1,std_range,0.42663968367139743
SO3R_h,1,frac_fixed,0.0
SO3R_h,1,frac_variable,1.0
SO3R_h,1,frac_bidirectional,0.0
SO3R_h,2,minimum,0.0
SO3R_h,2,maximum,1.0704718066743681
SO3R_h,2,mean_range,0.557537399309535
SO3R_h,2,mean_midpoint,0.2787686996547675
SO3R_h,2,median_range,0.5575373993094594
SO3R_h,2,median_midpoint,0.2787686996547297
SO3R_h,2,std_range,0.30875023103826643
SO3R_h,2,frac_fixed,0.0
SO3R_h,2,frac_variable,1.0
SO3R_h,2,frac_bidirectional,0.0
SO3R_h,3,minimum,0.00023335192099236524
SO3R_h,3,maximum,0.009319623136455001
SO3R_h,3,mean_range,-5.77979811384314e-14
SO3R_h,3,mean_midpoint,0.004753050413278166
SO3R_h,3,median_range,-2.3363689455324632e-14
SO3R_h,3,median_midpoint,0.004667038419794118
SO3R_h,3,std_range,5.249829384549871e-13
SO3R_h,3,frac_fixed,1.0
SO3R_h,3,frac_variable,0.0
SO3R_h,3,frac_bidirectional,0.0
SO3R_h,4,minimum,0.00933407683969461
SO3R_h,4,maximum,0.011434244128720305
SO3R_h,4,mean_range,-9.708366589277463e-14
SO3R_h,4,mean_midpoint,0.010445738342711373
SO3R_h,4,median_range,-9.059419880941277e-14
SO3R_h,4,median_midpoint,0.010500836444235046
SO3R_h,4,std_range,5.24830020418698e-13
SO3R_h,4,frac_fixed,1.0
SO3R_h,4,frac_variable,0.0
SO3R_h,4,frac_bidirectional,0.0
SO3R_h,5,minimum,0.004667038419847294
SO3R_h,5,maximum,0.019311032084229074
SO3R_h,5,mean_range,0.0034936131530905294
SO3R_h,5,mean_midpoint,0.010341935666430739
SO3R_h,5,median_range,0.0030291127069422873
SO3R_h,5,median_midpoint,0.01074402043962937
SO3R_h,5,std_range,0.0025665136673694903
SO3R_h,5,frac_fixed,0.0
SO3R_h,5,frac_variable,1.0
SO3R_h,5,frac_bidirectional,0.0
SO3R_h,6,minimum,0.0007000557629770945
SO3R_h,6,maximum,0.34224932731583835
SO3R_h,6,mean_range,0.11719183413732423
SO3R_h,6,mean_midpoint,0.06487931460616857
SO3R_h,6,median_range,0.10350689960038723
SO3R_h,6,median_midpoint,0.05820831415762629
SO3R_h,6,std_range,0.07921549807455144
SO3R_h,6,frac_fixed,0.0
SO3R_h,6,frac_variable,1.0
SO3R_h,6,frac_bidirectional,0.0
SO3R_h,7,minimum,0.007467261471755688
SO3R_h,7,maximum,0.4040759036329049
SO3R_h,7,mean_range,0.22148394065974375
SO3R_h,7,mean_midpoint,0.12001240573656861
SO3R_h,7,median_range,0.23731587543439714
SO3R_h,7,median_midpoint,0.12752531071490844
SO3R_h,7,std_range,0.10297512254717209
SO3R_h,7,frac_fixed,0.0
SO3R_h,7,frac_variable,1.0
SO3R_h,7,frac_bidirectional,0.0
SO3R_h,8,minimum,0.00023335192099236437
SO3R_h,8,maximum,1.4877673442817976
SO3R_h,8,mean_range,0.6766873399503821
SO3R_h,8,mean_midpoint,0.34190811035154034
SO3R_h,8,median_range,0.6741346644530051
SO3R_h,8,median_midpoint,0.34128303510576247
SO3R_h,8,std_range,0.37961389481638713
SO3R_h,8,frac_fixed,0.0
SO3R_h,8,frac_variable,1.0
SO3R_h,8,frac_bidirectional,0.0
SO3R_h,9,minimum,0.00023335192099236502
SO3R_h,9,maximum,1.086340416778532
SO3R_h,9,mean_range,0.4946684793927987
SO3R_h,9,mean_midpoint,0.24997773384614871
SO3R_h,9,median_range,0.4697249167570626
SO3R_h,9,median_midpoint,0.23879432537649006
SO3R_h,9,std_range,0.2296364730545338
SO3R_h,9,frac_fixed,0.0
SO3R_h,9,frac_variable,1.0
SO3R_h,9,frac_bidirectional,0.0
SO3R_h,10,minimum,0.00023335192099236524
SO3R_h,10,maximum,0.011667596048309766
SO3R_h,10,mean_range,-2.001115202363013e-13
SO3R_h,10,mean_midpoint,0.005941898622735498
SO3R_h,10,median_range,-1.792396526340001e-13
SO3R_h,10,median_midpoint,0.005950473984935221
SO3R_h,10,std_range,2.103527879088938e-12
SO3R_h,10,frac_fixed,1.0
SO3R_h,10,frac_variable,0.0
SO3R_h,10,frac_bidirectional,0.0
SO3R_h,11,minimum,0.0
SO3R_h,11,maximum,0.0
SO3R_h,11,mean_range,0.0
SO3R_h,11,mean_midpoint,0.0
SO3R_h,11,median_range,0.0
SO3R_h,11,median_midpoint,0.0
SO3R_h,11,std_range,0.0
SO3R_h,11,frac_fixed,1.0
SO3R_h,11,frac_variable,0.0
SO3R_h,11,frac_bidirectional,0.0
SO3R_h,12,minimum,0.0
SO3R_h,12,maximum,0.0
SO3R_h,12,mean_range,0.0
SO3R_h,12,mean_midpoint,0.0
SO3R_h,12,median_range,0.0
SO3R_h,12,median_midpoint,0.0
SO3R_h,12,std_range,0.0
SO3R_h,12,frac_fixed,1.0
SO3R_h,12,frac_variable,0.0
SO3R_h,12,frac_bidirectional,0.0
NO3t_e,1,minimum,0.0
NO3t_e,1,maximum,2.0
NO3t_e,1,mean_range,2.0
NO3t_e,1,mean_midpoint,1.0
NO3t_e,1,median_range,2.0
NO3t_e,1,median_midpoint,1.0
NO3t_e,1,std_range,0.0
NO3t_e,1,frac_fixed,0.0
NO3t_e,1,frac_variable,1.0
NO3t_e,1,frac_bidirectional,0.0
NO3t_e,2,minimum,0.0
NO3t_e,2,maximum,2.0
NO3t_e,2,mean_range,2.0
NO3t_e,2,mean_midpoint,1.0
NO3t_e,2,median_range,2.0
NO3t_e,2,median_midpoint,1.0
NO3t_e,2,std_range,0.0
NO3t_e,2,frac_fixed,0.0
NO3t_e,2,frac_variable,1.0
NO3t_e,2,frac_bidirectional,0.0
NO3t_e,3,minimum,0.01772047520351799
NO3t_e,3,maximum,2.0
NO3t_e,3,mean_range,1.6390588445487912
NO3t_e,3,mean_midpoint,1.1804705777256044
NO3t_e,3,median_range,1.6455904959310677
NO3t_e,3,median_midpoint,1.1772047520344662
NO3t_e,3,std_range,0.20088955925815416
NO3t_e,3,frac_fixed,0.0
NO3t_e,3,frac_variable,1.0
NO3t_e,3,frac_bidirectional,0.0
NO3t_e,4,minimum,0.708819008137736
NO3t_e,4,maximum,2.0
NO3t_e,4,mean_range,1.2067627020281626
NO3t_e,4,mean_midpoint,1.3966186489859187
NO3t_e,4,median_range,1.2025786158449667
NO3t_e,4,median_midpoint,1.3987106920775165
NO3t_e,4,std_range,0.04958653299803038
NO3t_e,4,frac_fixed,0.0
NO3t_e,4,frac_variable,1.0
NO3t_e,4,frac_bidirectional,0.0
NO3t_e,5,minimum,0.3544095040688897
NO3t_e,5,maximum,2.0
NO3t_e,5,mean_range,1.3472958300064317
NO3t_e,5,mean_midpoint,1.3263520849967843
NO3t_e,5,median_range,1.2646002790570923
NO3t_e,5,median_midpoint,1.3676998604714539
NO3t_e,5,std_range,0.1987583002084919
NO3t_e,5,frac_fixed,0.0
NO3t_e,5,frac_variable,1.0
NO3t_e,5,frac_bidirectional,0.0
NO3t_e,6,minimum,0.05316142561018886
NO3t_e,6,maximum,2.0
NO3t_e,6,mean_range,1.522846052506283
NO3t_e,6,mean_midpoint,1.2385769737468586
NO3t_e,6,median_range,1.5038266943037262
NO3t_e,6,median_midpoint,1.248086652848137
NO3t_e,6,std_range,0.18318526759868445
NO3t_e,6,frac_fixed,0.0
NO3t_e,6,frac_variable,1.0
NO3t_e,6,frac_bidirectional,0.0
NO3t_e,7,minimum,0.5670552065101071
NO3t_e,7,maximum,2.0
NO3t_e,7,mean_range,1.296013848735929
NO3t_e,7,mean_midpoint,1.3519930756320357
NO3t_e,7,median_range,1.2911809918623305
NO3t_e,7,median_midpoint,1.3544095040688346
NO3t_e,7,std_range,0.06719814785538271
NO3t_e,7,frac_fixed,0.0
NO3t_e,7,frac_variable,1.0
NO3t_e,7,frac_bidirectional,0.0
NO3t_e,8,minimum,0.01772047520241847
NO3t_e,8,maximum,2.0
NO3t_e,8,mean_range,1.7293205171200956
NO3t_e,8,mean_midpoint,1.1353397414399522
NO3t_e,8,median_range,1.7519133471517865
NO3t_e,8,median_midpoint,1.1240433264241068
NO3t_e,8,std_range,0.17657648846101956
NO3t_e,8,frac_fixed,0.0
NO3t_e,8,frac_variable,1.0
NO3t_e,8,frac_bidirectional,0.0
NO3t_e,9,minimum,0.01772047520318431
NO3t_e,9,maximum,2.0
NO3t_e,9,mean_range,1.799256109262524
NO3t_e,9,mean_midpoint,1.100371945368738
NO3t_e,9,median_range,1.8227952479656515
NO3t_e,9,median_midpoint,1.0886023760171744
NO3t_e,9,std_range,0.1361383902018283
NO3t_e,9,frac_fixed,0.0
NO3t_e,9,frac_variable,1.0
NO3t_e,9,frac_bidirectional,0.0
NO3t_e,10,minimum,0.017720475203324936
NO3t_e,10,maximum,2.0
NO3t_e,10,mean_range,1.5487790854279786
NO3t_e,10,mean_midpoint,1.2256104572860107
NO3t_e,10,median_range,1.5481278823123525
NO3t_e,10,median_midpoint,1.2259360588438237
NO3t_e,10,std_range,0.2542483840324695
NO3t_e,10,frac_fixed,0.0
NO3t_e,10,frac_variable,1.0
NO3t_e,10,frac_bidirectional,0.0
NO3t_e,11,minimum,0.0
NO3t_e,11,maximum,2.0
NO3t_e,11,mean_range,2.0
NO3t_e,11,mean_midpoint,1.0
NO3t_e,11,median_range,2.0
NO3t_e,11,median_midpoint,1.0
NO3t_e,11,std_range,0.0
NO3t_e,11,frac_fixed,0.0
NO3t_e,11,frac_variable,1.0
NO3t_e,11,frac_bidirectional,0.0
NO3t_e,12,minimum,0.0
NO3t_e,12,maximum,2.0
NO3t_e,12,mean_range,2.0
NO3t_e,12,mean_midpoint,1.0
NO3t_e,12,median_range,2.0
NO3t_e,12,median_midpoint,1.0
NO3t_e,12,std_range,0.0
NO3t_e,12,frac_fixed,0.0
NO3t_e,12,frac_variable,1.0
NO3t_e,12,frac_bidirectional,0.0
PHOt_e,1,minimum,2.6030769230770447
PHOt_e,1,maximum,100.0
PHOt_e,1,mean_range,73.54461538461506
PHOt_e,1,mean_midpoint,63.22769230769248
PHOt_e,1,median_range,73.54461538461607
PHOt_e,1,median_midpoint,63.22769230769197
PHOt_e,1,std_range,14.333453070459987
PHOt_e,1,frac_fixed,0.0
PHOt_e,1,frac_variable,1.0
PHOt_e,1,frac_bidirectional,0.0
PHOt_e,2,minimum,52.29538461538392
PHOt_e,2,maximum,100.0
PHOt_e,2,mean_range,24.84615384615414
PHOt_e,2,mean_midpoint,87.57692307692292
PHOt_e,2,median_range,24.846153846153783
PHOt_e,2,median_midpoint,87.57692307692311
PHOt_e,2,std_range,13.759176962680328
PHOt_e,2,frac_fixed,0.0
PHOt_e,2,frac_variable,1.0
PHOt_e,2,frac_bidirectional,0.0
PHOt_e,3,minimum,2.6030769230772233
PHOt_e,3,maximum,100.0
PHOt_e,3,mean_range,58.89811883285015
PHOt_e,3,mean_midpoint,70.55094058357493
PHOt_e,3,median_range,59.63076923075798
PHOt_e,3,median_midpoint,70.18461538462101
PHOt_e,3,std_range,22.533629998565758
PHOt_e,3,frac_fixed,0.0
PHOt_e,3,frac_variable,1.0
PHOt_e,3,frac_bidirectional,0.0
PHOt_e,4,minimum,80.12307692307883
PHOt_e,4,maximum,100.0
PHOt_e,4,mean_range,10.407787322638452
PHOt_e,4,mean_midpoint,94.79610633868077
PHOt_e,4,median_range,9.938461538463102
PHOt_e,4,median_midpoint,95.03076923076844
PHOt_e,4,std_range,5.562083921209145
PHOt_e,4,frac_fixed,0.0
PHOt_e,4,frac_variable,1.0
PHOt_e,4,frac_bidirectional,0.0
PHOt_e,5,minimum,99.64897801367317
PHOt_e,5,maximum,100.0
PHOt_e,5,mean_range,0.15568973487979085
PHOt_e,5,mean_midpoint,99.92215513256012
PHOt_e,5,median_range,0.13498968937317102
PHOt_e,5,median_midpoint,99.93250515531341
PHOt_e,5,std_range,0.11437437829720773
PHOt_e,5,frac_fixed,0.0
PHOt_e,5,frac_variable,1.0
PHOt_e,5,frac_bidirectional,0.0
PHOt_e,6,minimum,85.05993944321881
PHOt_e,6,maximum,100.0
PHOt_e,6,mean_range,5.222548916175664
PHOt_e,6,mean_midpoint,97.38872554191218
PHOt_e,6,median_range,4.612692089862776
PHOt_e,6,median_midpoint,97.69365395506861
PHOt_e,6,std_range,3.530167580859027
PHOt_e,6,frac_fixed,0.0
PHOt_e,6,frac_variable,1.0
PHOt_e,6,frac_bidirectional,0.0
PHOt_e,7,minimum,80.77669050696613
PHOt_e,7,maximum,100.0
PHOt_e,7,mean_range,12.321380891151337
PHOt_e,7,mean_midpoint,93.83930955442432
PHOt_e,7,median_range,12.666082760921498
PHOt_e,7,median_midpoint,93.66695861953926
PHOt_e,7,std_range,3.807981633819719
PHOt_e,7,frac_fixed,0.0
PHOt_e,7,frac_variable,1.0
PHOt_e,7,frac_bidirectional,0.0
PHOt_e,8,minimum,3.893997981461355
PHOt_e,8,maximum,100.0
PHOt_e,8,mean_range,51.81031185185878
PHOt_e,8,mean_midpoint,74.09484407407061
PHOt_e,8,median_range,50.79956470280811
PHOt_e,8,median_midpoint,74.60021764859594
PHOt_e,8,std_range,17.99123596687246
PHOt_e,8,frac_fixed,0.0
PHOt_e,8,frac_variable,1.0
PHOt_e,8,frac_bidirectional,0.0
PHOt_e,9,minimum,51.59861336605594
PHOt_e,9,maximum,100.0
PHOt_e,9,mean_range,22.04445685089342
PHOt_e,9,mean_midpoint,88.97777157455329
PHOt_e,9,median_range,20.93286936729769
PHOt_e,9,median_midpoint,89.53356531635114
PHOt_e,9,std_range,10.233543337659171
PHOt_e,9,frac_fixed,0.0
PHOt_e,9,frac_variable,1.0
PHOt_e,9,frac_bidirectional,0.0
PHOt_e,10,minimum,99.99999999994489
PHOt_e,10,maximum,100.0
PHOt_e,10,mean_range,-5.729400693714369e-13
PHOt_e,10,mean_midpoint,100.00000000000028
PHOt_e,10,median_range,-8.455458555545192e-13
PHOt_e,10,median_midpoint,100.00000000000043
PHOt_e,10,std_range,1.2059546461357787e-11
PHOt_e,10,frac_fixed,1.0
PHOt_e,10,frac_variable,0.0
PHOt_e,10,frac_bidirectional,0.0
PHOt_e,11,minimum,100.00000000000006
PHOt_e,11,maximum,100.0
PHOt_e,11,mean_range,-5.684341886080802e-14
PHOt_e,11,mean_midpoint,100.00000000000003
PHOt_e,11,median_range,-5.684341886080802e-14
PHOt_e,11,median_midpoint,100.00000000000003
PHOt_e,11,std_range,0.0
PHOt_e,11,frac_fixed,1.0
PHOt_e,11,frac_variable,0.0
PHOt_e,11,frac_bidirectional,0.0
PHOt_e,12,minimum,0.6153846153843306
PHOt_e,12,maximum,100.0
PHOt_e,12,mean_range,99.38461538461567
PHOt_e,12,mean_midpoint,50.307692307692164
PHOt_e,12,median_range,99.38461538461567
PHOt_e,12,median_midpoint,50.307692307692164
PHOt_e,12,std_range,0.0
PHOt_e,12,frac_fixed,0.0
PHOt_e,12,frac_variable,1.0
PHOt_e,12,frac_bidirectional,0.0
CA_h,1,minimum,-1000.0
CA_h,1,maximum,6.132911392405062
CA_h,1,mean_range,998.5194657451059
CA_h,1,mean_midpoint,-496.07061894850233
CA_h,1,median_range,999.2682215924029
CA_h,1,median_midpoint,-496.44499687215085
CA_h,1,std_range,2.4957519601877323
CA_h,1,frac_fixed,0.0
CA_h,1,frac_variable,1.0
CA_h,1,frac_bidirectional,1.0
CA_h,2,minimum,-986.1765664929108
CA_h,2,maximum,12.020506329113921
CA_h,2,mean_range,912.3060788254425
CA_h,2,mean_midpoint,-446.9536723241137
CA_h,2,median_range,921.0689331309466
CA_h,2,median_midpoint,-451.3350994768657
CA_h,2,std_range,67.31796524661785
CA_h,2,frac_fixed,0.0
CA_h,2,frac_variable,1.0
CA_h,2,frac_bidirectional,1.0
CA_h,3,minimum,-1000.0
CA_h,3,maximum,2.3029263035504637
CA_h,3,mean_range,999.7026974091253
CA_h,3,mean_midpoint,-498.6768457598175
CA_h,3,median_range,1000.1153248943458
CA_h,3,median_midpoint,-499.03990542364517
CA_h,3,std_range,1.0292110909207264
CA_h,3,frac_fixed,0.0
CA_h,3,frac_variable,1.0
CA_h,3,frac_bidirectional,1.0
CA_h,4,minimum,-995.0921979360113
CA_h,4,maximum,2.8254599114726897
CA_h,4,mean_range,989.6921037753683
CA_h,4,mean_midpoint,-492.26485678626835
CA_h,4,median_range,996.5371763704944
CA_h,4,median_midpoint,-495.67377806246617
CA_h,4,std_range,15.309545099237033
CA_h,4,frac_fixed,0.0
CA_h,4,frac_variable,1.0
CA_h,4,frac_bidirectional,1.0
CA_h,5,minimum,-904.9709896238425
CA_h,5,maximum,8.510079403976581
CA_h,5,mean_range,864.3471372571036
CA_h,5,mean_midpoint,-426.8388833633591
CA_h,5,median_range,878.8775609143042
CA_h,5,median_midpoint,-434.97225809896406
CA_h,5,std_range,38.87028602223953
CA_h,5,frac_fixed,0.0
CA_h,5,frac_variable,1.0
CA_h,5,frac_bidirectional,1.0
CA_h,6,minimum,-991.1870153016195
CA_h,6,maximum,11.690195454900282
CA_h,6,mean_range,914.4383875874074
CA_h,6,mean_midpoint,-450.65082958269744
CA_h,6,median_range,922.3653479538774
CA_h,6,median_midpoint,-455.0157323323082
CA_h,6,std_range,59.625886222006976
CA_h,6,frac_fixed,0.0
CA_h,6,frac_variable,1.0
CA_h,6,frac_bidirectional,1.0
CA_h,7,minimum,-994.4881829029305
CA_h,7,maximum,4.490354894463797
CA_h,7,mean_range,995.0366935279387
CA_h,7,mean_midpoint,-494.22818270968367
CA_h,7,median_range,995.629150848338
CA_h,7,median_midpoint,-494.5221565654175
CA_h,7,std_range,2.6065997842558675
CA_h,7,frac_fixed,0.0
CA_h,7,frac_variable,1.0
CA_h,7,frac_bidirectional,1.0
CA_h,8,minimum,-1000.0
CA_h,8,maximum,5.8592634638697145
CA_h,8,mean_range,997.969937602845
CA_h,8,mean_midpoint,-495.97986342072556
CA_h,8,median_range,998.0061889965536
CA_h,8,median_midpoint,-496.071536852853
CA_h,8,std_range,2.041711446256253
CA_h,8,frac_fixed,0.0
CA_h,8,frac_variable,1.0
CA_h,8,frac_bidirectional,1.0
CA_h,9,minimum,-989.8885063820097
CA_h,9,maximum,11.992174856274776
CA_h,9,mean_range,946.4210773767762
CA_h,9,mean_midpoint,-465.7912043681364
CA_h,9,median_range,965.9330305142373
CA_h,9,median_midpoint,-475.8243410324458
CA_h,9,std_range,51.76538108281147
CA_h,9,frac_fixed,0.0
CA_h,9,frac_variable,1.0
CA_h,9,frac_bidirectional,1.0
CA_h,10,minimum,-900.0352571543394
CA_h,10,maximum,12.078168776286834
CA_h,10,mean_range,823.136876098681
CA_h,10,mean_midpoint,-404.08089645489855
CA_h,10,median_range,823.3833723347989
CA_h,10,median_midpoint,-404.21104059993326
CA_h,10,std_range,47.59022558144194
CA_h,10,frac_fixed,0.0
CA_h,10,frac_variable,1.0
CA_h,10,frac_bidirectional,1.0
CA_h,11,minimum,-726.1856178678838
CA_h,11,maximum,12.265822784810124
CA_h,11,mean_range,738.4514406526939
CA_h,11,mean_midpoint,-356.95989754153686
CA_h,11,median_range,738.4514406526939
CA_h,11,median_midpoint,-356.95989754153686
CA_h,11,std_range,0.0
CA_h,11,frac_fixed,0.0
CA_h,11,frac_variable,1.0
CA_h,11,frac_bidirectional,1.0
CA_h,12,minimum,-1000.0
CA_h,12,maximum,0.0
CA_h,12,mean_range,1000.0
CA_h,12,mean_midpoint,-500.0
CA_h,12,median_range,1000.0
CA_h,12,median_midpoint,-500.0
CA_h,12,std_range,0.0
CA_h,12,frac_fixed,0.0
CA_h,12,frac_variable,1.0
CA_h,12,frac_bidirectional,0.0
CA_m,1,minimum,-301.5541868661437
CA_m,1,maximum,999.8773417721519
CA_m,1,mean_range,1283.5665432062588
CA_m,1,mean_midpoint,355.9471560271329
CA_m,1,median_range,1286.1126478887404
CA_m,1,median_midpoint,355.3491190936045
CA_m,1,std_range,12.83593208565054
CA_m,1,frac_fixed,0.0
CA_m,1,frac_variable,1.0
CA_m,1,frac_bidirectional,1.0
CA_m,2,minimum,-263.0749573089747
CA_m,2,maximum,992.554794341012
CA_m,2,mean_range,1142.8889325545222
CA_m,2,mean_midpoint,333.0749203606914
CA_m,2,median_range,1151.7217178447768
CA_m,2,median_midpoint,336.060300347591
CA_m,2,std_range,85.97961862763349
CA_m,2,frac_fixed,0.0
CA_m,2,frac_variable,1.0
CA_m,2,frac_bidirectional,1.0
CA_m,3,minimum,-301.4956039694445
CA_m,3,maximum,999.9139557304655
CA_m,3,mean_range,1277.7895486572204
CA_m,3,mean_midpoint,359.35262492511924
CA_m,3,median_range,1278.239048604788
CA_m,3,median_midpoint,359.1595903069111
CA_m,3,std_range,13.824964173527842
CA_m,3,frac_fixed,0.0
CA_m,3,frac_variable,1.0
CA_m,3,frac_bidirectional,1.0
CA_m,4,minimum,-257.29080770710556
CA_m,4,maximum,996.5582292186102
CA_m,4,mean_range,1239.709208432309
CA_m,4,mean_midpoint,369.3619658870315
CA_m,4,median_range,1247.7515340059504
CA_m,4,median_midpoint,371.0952585793319
CA_m,4,std_range,20.58466665918429
CA_m,4,frac_fixed,0.0
CA_m,4,frac_variable,1.0
CA_m,4,frac_bidirectional,1.0
CA_m,5,minimum,-227.15145166804223
CA_m,5,maximum,907.6947621496828
CA_m,5,mean_range,1081.1467776614454
CA_m,5,mean_midpoint,323.54547083049766
CA_m,5,median_range,1098.7541630006608
CA_m,5,median_midpoint,329.2432797697029
CA_m,5,std_range,47.583200949116126
CA_m,5,frac_fixed,0.0
CA_m,5,frac_variable,1.0
CA_m,5,frac_bidirectional,1.0
CA_m,6,minimum,-250.33671509592224
CA_m,6,maximum,994.5391000421309
CA_m,6,mean_range,1143.751471165999
CA_m,6,mean_midpoint,340.7336316217781
CA_m,6,median_range,1153.0062893012423
CA_m,6,median_midpoint,342.96562333169294
CA_m,6,std_range,73.60615934058552
CA_m,6,frac_fixed,0.0
CA_m,6,frac_variable,1.0
CA_m,6,frac_bidirectional,1.0
CA_m,7,minimum,-257.3449373430723
CA_m,7,maximum,996.4812815106577
CA_m,7,mean_range,1247.8264818872212
CA_m,7,mean_midpoint,370.9516378018582
CA_m,7,median_range,1248.2374663981598
CA_m,7,median_midpoint,370.91838013563586
CA_m,7,std_range,4.745250500342316
CA_m,7,frac_fixed,0.0
CA_m,7,frac_variable,1.0
CA_m,7,frac_bidirectional,1.0
CA_m,8,minimum,-300.93221540138234
CA_m,8,maximum,999.8342944626232
CA_m,8,mean_range,1272.6885497575918
CA_m,8,mean_midpoint,360.8284536131435
CA_m,8,median_range,1271.718516572361
CA_m,8,median_midpoint,361.32203217424194
CA_m,8,std_range,11.87738605968549
CA_m,8,frac_fixed,0.0
CA_m,8,frac_variable,1.0
CA_m,8,frac_bidirectional,1.0
CA_m,9,minimum,-264.5824384426771
CA_m,9,maximum,994.1878267959065
CA_m,9,mean_range,1186.0019903573093
CA_m,9,mean_midpoint,348.56205344938303
CA_m,9,median_range,1207.571058316982
CA_m,9,median_midpoint,357.2256309442057
CA_m,9,std_range,66.8825520705941
CA_m,9,frac_fixed,0.0
CA_m,9,frac_variable,1.0
CA_m,9,frac_bidirectional,1.0
CA_m,10,minimum,-225.88453442291905
CA_m,10,maximum,902.6085004227136
CA_m,10,mean_range,1030.6995022242702
CA_m,10,mean_midpoint,307.6293144036826
CA_m,10,median_range,1030.9730254786728
CA_m,10,median_midpoint,307.73882125985756
CA_m,10,std_range,58.124469726896855
CA_m,10,frac_fixed,0.0
CA_m,10,frac_variable,1.0
CA_m,10,frac_bidirectional,1.0
CA_m,11,minimum,-188.8667294611615
CA_m,11,maximum,738.4514406527032
CA_m,11,mean_range,927.3181701138648
CA_m,11,mean_midpoint,274.79235559577086
CA_m,11,median_range,927.3181701138648
CA_m,11,median_midpoint,274.79235559577086
CA_m,11,std_range,0.0
CA_m,11,frac_fixed,0.0
CA_m,11,frac_variable,1.0
CA_m,11,frac_bidirectional,1.0
CA_m,12,minimum,-302.62906028386465
CA_m,12,maximum,1000.0
CA_m,12,mean_range,1302.6290602838646
CA_m,12,mean_midpoint,348.6854698580677
CA_m,12,median_range,1302.6290602838646
CA_m,12,median_midpoint,348.6854698580677
CA_m,12,std_range,0.0
CA_m,12,frac_fixed,0.0
CA_m,12,frac_variable,1.0
CA_m,12,frac_bidirectional,1.0
CO2t_e,1,minimum,0.24531645569620153
CO2t_e,1,maximum,6.132911392405062
CO2t_e,1,mean_range,0.0
CO2t_e,1,mean_midpoint,3.189113924050632
CO2t_e,1,median_range,0.0
CO2t_e,1,median_midpoint,3.1891139240506323
CO2t_e,1,std_range,0.0
CO2t_e,1,frac_fixed,1.0
CO2t_e,1,frac_variable,0.0
CO2t_e,1,frac_bidirectional,0.0
CO2t_e,2,minimum,6.378227848101265
CO2t_e,2,maximum,12.020506329113921
CO2t_e,2,mean_range,0.0
CO2t_e,2,mean_midpoint,9.199367088607593
CO2t_e,2,median_range,0.0
CO2t_e,2,median_midpoint,9.199367088607593
CO2t_e,2,std_range,0.0
CO2t_e,2,frac_fixed,1.0
CO2t_e,2,frac_variable,0.0
CO2t_e,2,frac_bidirectional,0.0
CO2t_e,3,minimum,0.08599392001205758
CO2t_e,3,maximum,3.434430379746834
CO2t_e,3,mean_range,0.0
CO2t_e,3,mean_midpoint,1.7515751973114373
CO2t_e,3,median_range,0.0
CO2t_e,3,median_midpoint,1.7198784002411514
CO2t_e,3,std_range,0.0
CO2t_e,3,frac_fixed,1.0
CO2t_e,3,frac_variable,0.0
CO2t_e,3,frac_bidirectional,0.0
CO2t_e,4,minimum,3.4397568004823027
CO2t_e,4,maximum,4.213702080590821
CO2t_e,4,mean_range,0.0
CO2t_e,4,mean_midpoint,3.849421867598718
CO2t_e,4,median_range,0.0
CO2t_e,4,median_midpoint,3.8697264005425906
CO2t_e,4,std_range,0.0
CO2t_e,4,frac_fixed,1.0
CO2t_e,4,frac_variable,0.0
CO2t_e,4,frac_bidirectional,0.0
CO2t_e,5,minimum,4.415696202531644
CO2t_e,5,maximum,9.076708860759492
CO2t_e,5,mean_range,0.0
CO2t_e,5,mean_midpoint,6.378227848101265
CO2t_e,5,median_range,0.0
CO2t_e,5,median_midpoint,5.6422784810126565
CO2t_e,5,std_range,0.0
CO2t_e,5,frac_fixed,1.0
CO2t_e,5,frac_variable,0.0
CO2t_e,5,frac_bidirectional,0.0
CO2t_e,6,minimum,4.415696202531644
CO2t_e,6,maximum,11.77518987341772
CO2t_e,6,mean_range,0.0
CO2t_e,6,mean_midpoint,7.331237325203787
CO2t_e,6,median_range,0.0
CO2t_e,6,median_midpoint,7.114177215189872
CO2t_e,6,std_range,0.0
CO2t_e,6,frac_fixed,1.0
CO2t_e,6,frac_variable,0.0
CO2t_e,6,frac_bidirectional,0.0
CO2t_e,7,minimum,3.679746835443037
CO2t_e,7,maximum,5.396962025316454
CO2t_e,7,mean_range,0.0
CO2t_e,7,mean_midpoint,4.415696202531644
CO2t_e,7,median_range,0.0
CO2t_e,7,median_midpoint,4.415696202531644
CO2t_e,7,std_range,0.0
CO2t_e,7,frac_fixed,1.0
CO2t_e,7,frac_variable,0.0
CO2t_e,7,frac_bidirectional,0.0
CO2t_e,8,minimum,0.24531645569620153
CO2t_e,8,maximum,5.88759493670886
CO2t_e,8,mean_range,0.0
CO2t_e,8,mean_midpoint,3.437867387882683
CO2t_e,8,median_range,0.0
CO2t_e,8,median_midpoint,3.434430379746834
CO2t_e,8,std_range,0.0
CO2t_e,8,frac_fixed,1.0
CO2t_e,8,frac_variable,0.0
CO2t_e,8,frac_bidirectional,0.0
CO2t_e,9,minimum,5.151645569620252
CO2t_e,9,maximum,12.020506329113921
CO2t_e,9,mean_range,0.0
CO2t_e,9,mean_midpoint,7.7402833931607775
CO2t_e,9,median_range,0.0
CO2t_e,9,median_midpoint,7.482151898734175
CO2t_e,9,std_range,0.0
CO2t_e,9,frac_fixed,1.0
CO2t_e,9,frac_variable,0.0
CO2t_e,9,frac_bidirectional,0.0
CO2t_e,10,minimum,4.299696000602879
CO2t_e,10,maximum,12.106500249125979
CO2t_e,10,mean_range,0.0
CO2t_e,10,mean_midpoint,8.208953009140862
CO2t_e,10,median_range,0.0
CO2t_e,10,median_midpoint,8.203098124864429
CO2t_e,10,std_range,0.0
CO2t_e,10,frac_fixed,1.0
CO2t_e,10,frac_variable,0.0
CO2t_e,10,frac_bidirectional,0.0
CO2t_e,11,minimum,12.265822784810124
CO2t_e,11,maximum,12.265822784810124
CO2t_e,11,mean_range,0.0
CO2t_e,11,mean_midpoint,12.265822784810124
CO2t_e,11,median_range,0.0
CO2t_e,11,median_midpoint,12.265822784810124
CO2t_e,11,std_range,0.0
CO2t_e,11,frac_fixed,1.0
CO2t_e,11,frac_variable,0.0
CO2t_e,11,frac_bidirectional,0.0
CO2t_e,12,minimum,0.0
CO2t_e,12,maximum,0.0
CO2t_e,12,mean_range,0.0
CO2t_e,12,mean_midpoint,0.0
CO2t_e,12,median_range,0.0
CO2t_e,12,median_midpoint,0.0
CO2t_e,12,std_range,0.0
CO2t_e,12,frac_fixed,1.0
CO2t_e,12,frac_variable,0.0
CO2t_e,12,frac_bidirectional,0.0
NAHCO3CLt_e,1,minimum,0.24531645569620153
NAHCO3CLt_e,1,maximum,6.132911392405062
NAHCO3CLt_e,1,mean_range,0.0
NAHCO3CLt_e,1,mean_midpoint,3.189113924050632
NAHCO3CLt_e,1,median_range,0.0
NAHCO3CLt_e,1,median_midpoint,3.1891139240506323
NAHCO3CLt_e,1,std_range,0.0
NAHCO3CLt_e,1,frac_fixed,1.0
NAHCO3CLt_e,1,frac_variable,0.0
NAHCO3CLt_e,1,frac_bidirectional,0.0
NAHCO3CLt_e,2,minimum,6.378227848101265
NAHCO3CLt_e,2,maximum,12.020506329113921
NAHCO3CLt_e,2,mean_range,0.0
NAHCO3CLt_e,2,mean_midpoint,9.199367088607593
NAHCO3CLt_e,2,median_range,0.0
NAHCO3CLt_e,2,median_midpoint,9.199367088607593
NAHCO3CLt_e,2,std_range,0.0
NAHCO3CLt_e,2,frac_fixed,1.0
NAHCO3CLt_e,2,frac_variable,0.0
NAHCO3CLt_e,2,frac_bidirectional,0.0
NAHCO3CLt_e,3,minimum,0.08599392001205758
NAHCO3CLt_e,3,maximum,3.434430379746834
NAHCO3CLt_e,3,mean_range,0.0
NAHCO3CLt_e,3,mean_midpoint,1.7515751973114373
NAHCO3CLt_e,3,median_range,0.0
NAHCO3CLt_e,3,median_midpoint,1.7198784002411514
NAHCO3CLt_e,3,std_range,0.0
NAHCO3CLt_e,3,frac_fixed,1.0
NAHCO3CLt_e,3,frac_variable,0.0
NAHCO3CLt_e,3,frac_bidirectional,0.0
NAHCO3CLt_e,4,minimum,3.4397568004823027
NAHCO3CLt_e,4,maximum,4.213702080590821
NAHCO3CLt_e,4,mean_range,0.0
NAHCO3CLt_e,4,mean_midpoint,3.849421867598718
NAHCO3CLt_e,4,median_range,0.0
NAHCO3CLt_e,4,median_midpoint,3.8697264005425906
NAHCO3CLt_e,4,std_range,0.0
NAHCO3CLt_e,4,frac_fixed,1.0
NAHCO3CLt_e,4,frac_variable,0.0
NAHCO3CLt_e,4,frac_bidirectional,0.0
NAHCO3CLt_e,5,minimum,4.415696202531644
NAHCO3CLt_e,5,maximum,9.076708860759492
NAHCO3CLt_e,5,mean_range,0.0
NAHCO3CLt_e,5,mean_midpoint,6.378227848101265
NAHCO3CLt_e,5,median_range,0.0
NAHCO3CLt_e,5,median_midpoint,5.6422784810126565
NAHCO3CLt_e,5,std_range,0.0
NAHCO3CLt_e,5,frac_fixed,1.0
NAHCO3CLt_e,5,frac_variable,0.0
NAHCO3CLt_e,5,frac_bidirectional,0.0
NAHCO3CLt_e,6,minimum,4.415696202531644
NAHCO3CLt_e,6,maximum,11.77518987341772
NAHCO3CLt_e,6,mean_range,0.0
NAHCO3CLt_e,6,mean_midpoint,7.331237325203787
NAHCO3CLt_e,6,median_range,0.0
NAHCO3CLt_e,6,median_midpoint,7.114177215189872
NAHCO3CLt_e,6,std_range,0.0
NAHCO3CLt_e,6,frac_fixed,1.0
NAHCO3CLt_e,6,frac_variable,0.0
NAHCO3CLt_e,6,frac_bidirectional,0.0
NAHCO3CLt_e,7,minimum,3.679746835443037
NAHCO3CLt_e,7,maximum,5.396962025316454
NAHCO3CLt_e,7,mean_range,0.0
NAHCO3CLt_e,7,mean_midpoint,4.415696202531644
NAHCO3CLt_e,7,median_range,0.0
NAHCO3CLt_e,7,median_midpoint,4.415696202531644
NAHCO3CLt_e,7,std_range,0.0
NAHCO3CLt_e,7,frac_fixed,1.0
NAHCO3CLt_e,7,frac_variable,0.0
NAHCO3CLt_e,7,frac_bidirectional,0.0
NAHCO3CLt_e,8,minimum,0.24531645569620153
NAHCO3CLt_e,8,maximum,5.88759493670886
NAHCO3CLt_e,8,mean_range,0.0
NAHCO3CLt_e,8,mean_midpoint,3.437867387882683
NAHCO3CLt_e,8,median_range,0.0
NAHCO3CLt_e,8,median_midpoint,3.434430379746834
NAHCO3CLt_e,8,std_range,0.0
NAHCO3CLt_e,8,frac_fixed,1.0
NAHCO3CLt_e,8,frac_variable,0.0
NAHCO3CLt_e,8,frac_bidirectional,0.0
NAHCO3CLt_e,9,minimum,5.151645569620252
NAHCO3CLt_e,9,maximum,12.020506329113921
NAHCO3CLt_e,9,mean_range,0.0
NAHCO3CLt_e,9,mean_midpoint,7.7402833931607775
NAHCO3CLt_e,9,median_range,0.0
NAHCO3CLt_e,9,median_midpoint,7.482151898734175
NAHCO3CLt_e,9,std_range,0.0
NAHCO3CLt_e,9,frac_fixed,1.0
NAHCO3CLt_e,9,frac_variable,0.0
NAHCO3CLt_e,9,frac_bidirectional,0.0
NAHCO3CLt_e,10,minimum,4.299696000602879
NAHCO3CLt_e,10,maximum,12.106500249125979
NAHCO3CLt_e,10,mean_range,0.0
NAHCO3CLt_e,10,mean_midpoint,8.208953009140862
NAHCO3CLt_e,10,median_range,0.0
NAHCO3CLt_e,10,median_midpoint,8.203098124864429
NAHCO3CLt_e,10,std_range,0.0
NAHCO3CLt_e,10,frac_fixed,1.0
NAHCO3CLt_e,10,frac_variable,0.0
NAHCO3CLt_e,10,frac_bidirectional,0.0
NAHCO3CLt_e,11,minimum,12.265822784810124
NAHCO3CLt_e,11,maximum,12.265822784810124
NAHCO3CLt_e,11,mean_range,0.0
NAHCO3CLt_e,11,mean_midpoint,12.265822784810124
NAHCO3CLt_e,11,median_range,0.0
NAHCO3CLt_e,11,median_midpoint,12.265822784810124
NAHCO3CLt_e,11,std_range,0.0
NAHCO3CLt_e,11,frac_fixed,1.0
NAHCO3CLt_e,11,frac_variable,0.0
NAHCO3CLt_e,11,frac_bidirectional,0.0
NAHCO3CLt_e,12,minimum,0.0
NAHCO3CLt_e,12,maximum,0.0
NAHCO3CLt_e,12,mean_range,0.0
NAHCO3CLt_e,12,mean_midpoint,0.0
NAHCO3CLt_e,12,median_range,0.0
NAHCO3CLt_e,12,median_midpoint,0.0
NAHCO3CLt_e,12,std_range,0.0
NAHCO3CLt_e,12,frac_fixed,1.0
NAHCO3CLt_e,12,frac_variable,0.0
NAHCO3CLt_e,12,frac_bidirectional,0.0
