reaction_id,cluster,metric,value
EX_h_e,1,minimum,-3.0757974683545095
EX_h_e,1,maximum,12.265822784810211
EX_h_e,1,mean_range,8.025614770489723
EX_h_e,1,mean_midpoint,2.3654204628564117
EX_h_e,1,median_range,9.061518987341968
EX_h_e,1,median_midpoint,1.8474683544303057
EX_h_e,1,std_range,3.754013972212323
EX_h_e,1,frac_fixed,0.0
EX_h_e,1,frac_variable,1.0
EX_h_e,1,frac_bidirectional,0.96
EX_h_e,2,minimum,0.9812658227848345
EX_h_e,2,maximum,24.04101265822803
EX_h_e,2,mean_range,6.13291139240506
EX_h_e,2,mean_midpoint,15.33227848101266
EX_h_e,2,median_range,6.132911392405074
EX_h_e,2,median_midpoint,15.332278481012677
EX_h_e,2,std_range,3.3962525414209206
EX_h_e,2,frac_fixed,0.0
EX_h_e,2,frac_variable,1.0
EX_h_e,2,frac_bidirectional,0.0
EX_h_e,3,minimum,-0.7736488924457205
EX_h_e,3,maximum,-0.019371218401659007
EX_h_e,3,mean_range,-2.6297936574713035e-13
EX_h_e,3,mean_midpoint,-0.3945644725914619
EX_h_e,3,median_range,-1.5631940186722204e-13
EX_h_e,3,median_midpoint,-0.387424368050862
EX_h_e,3,std_range,8.093962889390129e-13
EX_h_e,3,frac_fixed,1.0
EX_h_e,3,frac_variable,0.0
EX_h_e,3,frac_bidirectional,0.0
EX_h_e,4,minimum,-0.9491897017248903
EX_h_e,4,maximum,-0.774848736102868
EX_h_e,4,mean_range,-3.078050634887684e-13
EX_h_e,4,mean_midpoint,-0.8671309751943427
EX_h_e,4,median_range,-1.7763568394002505e-13
EX_h_e,4,median_midpoint,-0.8717048281149111
EX_h_e,4,std_range,8.358699029020736e-13
EX_h_e,4,frac_fixed,1.0
EX_h_e,4,frac_variable,0.0
EX_h_e,4,frac_bidirectional,0.0
EX_h_e,5,minimum,-0.8864181512367111
EX_h_e,5,maximum,-0.16248334099046247
EX_h_e,5,mean_range,0.4052897388780181
EX_h_e,5,mean_midpoint,-0.5564872688564707
EX_h_e,5,median_range,0.4052897388787926
EX_h_e,5,median_midpoint,-0.5564872688565998
EX_h_e,5,std_range,0.26017261130194763
EX_h_e,5,frac_fixed,0.0
EX_h_e,5,frac_variable,1.0
EX_h_e,5,frac_bidirectional,0.0
EX_h_e,6,minimum,-0.4142963802189925
EX_h_e,6,maximum,22.976302571555436
EX_h_e,6,mean_range,1.3021776513462369
EX_h_e,6,mean_midpoint,8.78250980380329
EX_h_e,6,median_range,1.148577989571462
EX_h_e,6,median_midpoint,8.067558394369998
EX_h_e,6,std_range,0.9156048721110389
EX_h_e,6,frac_fixed,0.0
EX_h_e,6,frac_variable,1.0
EX_h_e,6,frac_bidirectional,0.020202020202020204
EX_h_e,7,minimum,1.002068932835849
EX_h_e,7,maximum,23.84965359980157
EX_h_e,7,mean_range,4.856701639974339
EX_h_e,7,mean_midpoint,11.798331469310874
EX_h_e,7,median_range,4.6436716806508205
EX_h_e,7,median_midpoint,11.124374348313028
EX_h_e,7,std_range,2.2004911755793994
EX_h_e,7,frac_fixed,0.0
EX_h_e,7,frac_variable,1.0
EX_h_e,7,frac_bidirectional,0.0
EX_h_e,8,minimum,-0.7835646973056907
EX_h_e,8,maximum,13.055729549168664
EX_h_e,8,mean_range,7.439289351630619
EX_h_e,8,mean_midpoint,4.423128543359998
EX_h_e,8,median_range,7.731463169982131
EX_h_e,8,median_midpoint,4.804286354580003
EX_h_e,8,std_range,2.656042220824149
EX_h_e,8,frac_fixed,0.0
EX_h_e,8,frac_variable,1.0
EX_h_e,8,frac_bidirectional,0.2261904761904762
EX_h_e,9,minimum,-3.0360056970841782
EX_h_e,9,maximum,11.583830814990904
EX_h_e,9,mean_range,5.41464551466787
EX_h_e,9,mean_midpoint,1.2380331476234316
EX_h_e,9,median_range,5.23744169063714
EX_h_e,9,median_midpoint,0.8692866639547421
EX_h_e,9,std_range,3.208382747041708
EX_h_e,9,frac_fixed,0.0
EX_h_e,9,frac_variable,1.0
EX_h_e,9,frac_bidirectional,0.9472759226713533
EX_h_e,10,minimum,-1.6196601001835318
EX_h_e,10,maximum,2.6244582715225526
EX_h_e,10,mean_range,2.242218498811757
EX_h_e,10,mean_midpoint,-0.0832708393119681
EX_h_e,10,median_range,2.1561672272781465
EX_h_e,10,median_midpoint,-0.2300819835065322
EX_h_e,10,std_range,0.7310584569635167
EX_h_e,10,frac_fixed,0.0
EX_h_e,10,frac_variable,1.0
EX_h_e,10,frac_bidirectional,1.0
EX_h_e,11,minimum,-1.238980876017074
EX_h_e,11,maximum,-0.07903907710329855
EX_h_e,11,mean_range,0.5996724262337053
EX_h_e,11,mean_midpoint,-0.7434476430005295
EX_h_e,11,median_range,0.6439782788415327
EX_h_e,11,median_midpoint,-0.7213781549688072
EX_h_e,11,std_range,0.32224317068766317
EX_h_e,11,frac_fixed,0.0
EX_h_e,11,frac_variable,1.0
EX_h_e,11,frac_bidirectional,0.0
EX_h_e,12,minimum,-0.9685609201277074
EX_h_e,12,maximum,24.021641439826055
EX_h_e,12,mean_range,-4.2148398592428017e-13
EX_h_e,12,mean_midpoint,11.545282210870516
EX_h_e,12,median_range,-5.186961971048731e-13
EX_h_e,12,median_midpoint,11.526540259848813
EX_h_e,12,std_range,1.3465317609305396e-12
EX_h_e,12,frac_fixed,1.0
EX_h_e,12,frac_variable,0.0
EX_h_e,12,frac_bidirectional,0.0
EX_h_e,13,minimum,24.531645569620245
EX_h_e,13,maximum,24.531645569619783
EX_h_e,13,mean_range,-4.618527782440651e-13
EX_h_e,13,mean_midpoint,24.531645569620014
EX_h_e,13,median_range,-4.618527782440651e-13
EX_h_e,13,median_midpoint,24.531645569620014
EX_h_e,13,std_range,0.0
EX_h_e,13,frac_fixed,1.0
EX_h_e,13,frac_variable,0.0
EX_h_e,13,frac_bidirectional,0.0
EX_h_e,14,minimum,0.0
EX_h_e,14,maximum,0.0
EX_h_e,14,mean_range,0.0
EX_h_e,14,mean_midpoint,0.0
EX_h_e,14,median_range,0.0
EX_h_e,14,median_midpoint,0.0
EX_h_e,14,std_range,0.0
EX_h_e,14,frac_fixed,1.0
EX_h_e,14,frac_variable,0.0
EX_h_e,14,frac_bidirectional,0.0
DM_for_c,1,minimum,0.0
DM_for_c,1,maximum,12.26582278481011
DM_for_c,1,mean_range,6.378227848101319
DM_for_c,1,mean_midpoint,3.1891139240506594
DM_for_c,1,median_range,6.378227848100925
DM_for_c,1,median_midpoint,3.1891139240504627
DM_for_c,1,std_range,3.5380042389109367
DM_for_c,1,frac_fixed,0.0
DM_for_c,1,frac_variable,1.0
DM_for_c,1,frac_bidirectional,0.0
DM_for_c,2,minimum,0.981265822784799
DM_for_c,2,maximum,24.041012658227835
DM_for_c,2,mean_range,6.132911392405096
DM_for_c,2,mean_midpoint,15.33227848101265
DM_for_c,2,median_range,6.1329113924050755
DM_for_c,2,median_midpoint,15.332278481012665
DM_for_c,2,std_range,3.396252541420905
DM_for_c,2,frac_fixed,0.0
DM_for_c,2,frac_variable,1.0
DM_for_c,2,frac_bidirectional,0.0
DM_for_c,3,minimum,0.0
DM_for_c,3,maximum,1.174809381720987e-12
DM_for_c,3,mean_range,-1.7011331334017565e-13
DM_for_c,3,mean_midpoint,-8.505665667008783e-14
DM_for_c,3,median_range,0.0
DM_for_c,3,median_midpoint,0.0
DM_for_c,3,std_range,9.905655531410416e-13
DM_for_c,3,frac_fixed,1.0
DM_for_c,3,frac_variable,0.0
DM_for_c,3,frac_bidirectional,0.0
DM_for_c,4,minimum,0.0
DM_for_c,4,maximum,4.817579061372479e-12
DM_for_c,4,mean_range,3.705830047209599e-13
DM_for_c,4,mean_midpoint,1.8529150236047996e-13
DM_for_c,4,median_range,0.0
DM_for_c,4,median_midpoint,0.0
DM_for_c,4,std_range,1.2837371851964794e-12
DM_for_c,4,frac_fixed,1.0
DM_for_c,4,frac_variable,0.0
DM_for_c,4,frac_bidirectional,0.0
DM_for_c,5,minimum,0.024029113683740416
DM_for_c,5,maximum,0.7479639239295928
DM_for_c,5,mean_range,0.40528973887896697
DM_for_c,5,mean_midpoint,0.37333121446595996
DM_for_c,5,median_range,0.40528973887808206
DM_for_c,5,median_midpoint,0.3733312144661429
DM_for_c,5,std_range,0.26017261130017194
DM_for_c,5,frac_fixed,0.0
DM_for_c,5,frac_variable,1.0
DM_for_c,5,frac_bidirectional,0.0
DM_for_c,6,minimum,0.41866601109060697
DM_for_c,6,maximum,23.034416226762932
DM_for_c,6,mean_range,1.3021776513463006
DM_for_c,6,mean_midpoint,9.3065110450361
DM_for_c,6,median_range,1.1485779895718042
DM_for_c,6,median_midpoint,8.677751774050414
DM_for_c,6,std_range,0.9156048721110437
DM_for_c,6,frac_fixed,0.0
DM_for_c,6,frac_variable,1.0
DM_for_c,6,frac_bidirectional,0.0
DM_for_c,7,minimum,1.602576703315127
DM_for_c,7,maximum,23.869024818203947
DM_for_c,7,mean_range,4.856701639974494
DM_for_c,7,mean_midpoint,12.005269923303183
DM_for_c,7,median_range,4.643671680650512
DM_for_c,7,median_midpoint,11.22123044032481
DM_for_c,7,std_range,2.20049117557943
DM_for_c,7,frac_fixed,0.0
DM_for_c,7,frac_variable,1.0
DM_for_c,7,frac_bidirectional,0.0
DM_for_c,8,minimum,0.0
DM_for_c,8,maximum,13.075100767570657
DM_for_c,8,mean_range,7.439133709466217
DM_for_c,8,mean_midpoint,4.763125125458413
DM_for_c,8,median_range,7.731463169981579
DM_for_c,8,median_midpoint,5.162653895027184
DM_for_c,8,std_range,2.6562388639214585
DM_for_c,8,frac_fixed,0.0
DM_for_c,8,frac_variable,1.0
DM_for_c,8,frac_bidirectional,0.0
DM_for_c,9,minimum,0.0
DM_for_c,9,maximum,11.603202033393474
DM_for_c,9,mean_range,4.24069038587529
DM_for_c,9,mean_midpoint,2.120345192937645
DM_for_c,9,median_range,3.849071465099144
DM_for_c,9,median_midpoint,1.924535732549572
DM_for_c,9,std_range,2.8463777313151737
DM_for_c,9,frac_fixed,0.0
DM_for_c,9,frac_variable,1.0
DM_for_c,9,frac_bidirectional,0.0
DM_for_c,10,minimum,0.0
DM_for_c,10,maximum,3.302450915611406
DM_for_c,10,mean_range,1.8083824309953367
DM_for_c,10,mean_midpoint,0.9041912154976683
DM_for_c,10,median_range,1.6332337327301576
DM_for_c,10,median_midpoint,0.8166168663650788
DM_for_c,10,std_range,0.7265443560794308
DM_for_c,10,frac_fixed,0.0
DM_for_c,10,frac_variable,1.0
DM_for_c,10,frac_bidirectional,0.0
DM_for_c,11,minimum,0.0
DM_for_c,11,maximum,0.7732945326094842
DM_for_c,11,mean_range,0.39978161748911495
DM_for_c,11,mean_midpoint,0.19989080874455747
DM_for_c,11,median_range,0.4293188525611274
DM_for_c,11,median_midpoint,0.2146594262805637
DM_for_c,11,std_range,0.2148287804585796
DM_for_c,11,frac_fixed,0.0
DM_for_c,11,frac_variable,1.0
DM_for_c,11,frac_bidirectional,0.0
DM_for_c,12,minimum,0.0
DM_for_c,12,maximum,24.041012658228084
DM_for_c,12,mean_range,-3.78152793631471e-13
DM_for_c,12,mean_midpoint,12.038536414475526
DM_for_c,12,median_range,-3.7569947153315297e-13
DM_for_c,12,median_midpoint,12.020506329114038
DM_for_c,12,std_range,6.734695923135179e-13
DM_for_c,12,frac_fixed,1.0
DM_for_c,12,frac_variable,0.0
DM_for_c,12,frac_bidirectional,0.0
DM_for_c,13,minimum,24.53164556962023
DM_for_c,13,maximum,24.531645569620242
DM_for_c,13,mean_range,1.0658141036401503e-14
DM_for_c,13,mean_midpoint,24.53164556962024
DM_for_c,13,median_range,1.0658141036401503e-14
DM_for_c,13,median_midpoint,24.53164556962024
DM_for_c,13,std_range,0.0
DM_for_c,13,frac_fixed,1.0
DM_for_c,13,frac_variable,0.0
DM_for_c,13,frac_bidirectional,0.0
DM_for_c,14,minimum,0.0
DM_for_c,14,maximum,0.0
DM_for_c,14,mean_range,0.0
DM_for_c,14,mean_midpoint,0.0
DM_for_c,14,median_range,0.0
DM_for_c,14,median_midpoint,0.0
DM_for_c,14,std_range,0.0
DM_for_c,14,frac_fixed,1.0
DM_for_c,14,frac_variable,0.0
DM_for_c,14,frac_bidirectional,0.0
MTOBTA_c,1,minimum,-1.5165017261219804
MTOBTA_c,1,maximum,0.0
MTOBTA_c,1,mean_range,0.9973228998849228
MTOBTA_c,1,mean_midpoint,-0.4986614499424614
MTOBTA_c,1,median_range,1.1596777905638747
MTOBTA_c,1,median_midpoint,-0.5798388952819373
MTOBTA_c,1,std_range,0.42663968367144484
MTOBTA_c,1,frac_fixed,0.0
MTOBTA_c,1,frac_variable,1.0
MTOBTA_c,1,frac_bidirectional,0.0
MTOBTA_c,2,minimum,-1.0704718066743384
MTOBTA_c,2,maximum,0.0
MTOBTA_c,2,mean_range,0.5575373993095484
MTOBTA_c,2,mean_midpoint,-0.2787686996547742
MTOBTA_c,2,median_range,0.557537399309544
MTOBTA_c,2,median_midpoint,-0.278768699654772
MTOBTA_c,2,std_range,0.30875023103826643
MTOBTA_c,2,frac_fixed,0.0
MTOBTA_c,2,frac_variable,1.0
MTOBTA_c,2,frac_bidirectional,0.0
MTOBTA_c,3,minimum,7.37838413222352e-05
MTOBTA_c,3,maximum,0.0029467835183693367
MTOBTA_c,3,mean_range,-8.540549974191727e-15
MTOBTA_c,3,mean_midpoint,0.0015028730682894267
MTOBTA_c,3,median_range,0.0
MTOBTA_c,3,median_midpoint,0.0014756768264446909
MTOBTA_c,3,std_range,4.959551226718227e-14
MTOBTA_c,3,frac_fixed,1.0
MTOBTA_c,3,frac_variable,0.0
MTOBTA_c,3,frac_bidirectional,0.0
MTOBTA_c,4,minimum,0.002951353652889406
MTOBTA_c,4,maximum,0.0036154082247895247
MTOBTA_c,4,mean_range,2.0016040107424697e-17
MTOBTA_c,4,mean_midpoint,0.003302851320435466
MTOBTA_c,4,median_range,0.0
MTOBTA_c,4,median_midpoint,0.003320272859500568
MTOBTA_c,4,std_range,4.839316669699249e-17
MTOBTA_c,4,frac_fixed,1.0
MTOBTA_c,4,frac_variable,0.0
MTOBTA_c,4,frac_bidirectional,0.0
MTOBTA_c,5,minimum,-0.06234441493496298
MTOBTA_c,5,maximum,0.0036154082247895247
MTOBTA_c,5,mean_range,0.03684452171633768
MTOBTA_c,5,mean_midpoint,-0.014880636474701553
MTOBTA_c,5,median_range,0.03684452171641894
MTOBTA_c,5,median_midpoint,-0.014880636474742184
MTOBTA_c,5,std_range,0.023652055572926826
MTOBTA_c,5,frac_fixed,0.0
MTOBTA_c,5,frac_variable,1.0
MTOBTA_c,5,frac_bidirectional,1.0
MTOBTA_c,6,minimum,-0.3330352544463249
MTOBTA_c,6,maximum,0.003467840542145054
MTOBTA_c,6,mean_range,0.11837978648602322
MTOBTA_c,6,mean_midpoint,-0.057194003070678824
MTOBTA_c,6,median_range,0.10441618087023698
MTOBTA_c,6,median_midpoint,-0.05003146711608982
MTOBTA_c,6,std_range,0.08323680655553367
MTOBTA_c,6,frac_fixed,0.0
MTOBTA_c,6,frac_variable,1.0
MTOBTA_c,6,frac_bidirectional,0.98989898989899
MTOBTA_c,7,minimum,-0.9522243051827535
MTOBTA_c,7,maximum,0.0022872990809892912
MTOBTA_c,7,mean_range,0.44151833090677683
MTOBTA_c,7,mean_midpoint,-0.21997094894911223
MTOBTA_c,7,median_range,0.4221519709681852
MTOBTA_c,7,median_midpoint,-0.21031738856146506
MTOBTA_c,7,std_range,0.2000446523254002
MTOBTA_c,7,frac_fixed,0.0
MTOBTA_c,7,frac_variable,1.0
MTOBTA_c,7,frac_bidirectional,1.0
MTOBTA_c,8,minimum,-1.0860332810170887
MTOBTA_c,8,maximum,0.003098921335533878
MTOBTA_c,8,mean_range,0.6763194698263929
MTOBTA_c,8,mean_midpoint,-0.33686500417380383
MTOBTA_c,8,median_range,0.7028602881801709
MTOBTA_c,8,median_midpoint,-0.3503233864702519
MTOBTA_c,8,std_range,0.24143262640701435
MTOBTA_c,8,frac_fixed,0.0
MTOBTA_c,8,frac_variable,1.0
MTOBTA_c,8,frac_bidirectional,1.0
MTOBTA_c,9,minimum,-1.4874602085199586
MTOBTA_c,9,maximum,0.0028775698115672543
MTOBTA_c,9,mean_range,0.6769904816478426
MTOBTA_c,9,mean_midpoint,-0.3373703290076289
MTOBTA_c,9,median_range,0.6756885483307475
MTOBTA_c,9,median_midpoint,-0.3359258942909956
MTOBTA_c,9,std_range,0.380217063116628
MTOBTA_c,9,frac_fixed,0.0
MTOBTA_c,9,frac_variable,1.0
MTOBTA_c,9,frac_bidirectional,1.0
MTOBTA_c,10,minimum,-0.3927118804267318
MTOBTA_c,10,maximum,0.003394056700822819
MTOBTA_c,10,mean_range,0.2622691857408934
MTOBTA_c,10,mean_midpoint,-0.12819963562674003
MTOBTA_c,10,median_range,0.26291773227254395
MTOBTA_c,10,median_midpoint,-0.12865508016602703
MTOBTA_c,10,std_range,0.08024891868814918
MTOBTA_c,10,frac_fixed,0.0
MTOBTA_c,10,frac_variable,1.0
MTOBTA_c,10,frac_bidirectional,1.0
MTOBTA_c,11,minimum,-0.15141241750368847
MTOBTA_c,11,maximum,0.003541624383467289
MTOBTA_c,11,mean_range,0.07995632349778783
MTOBTA_c,11,mean_midpoint,-0.03676572681132584
MTOBTA_c,11,median_range,0.08586377051218332
MTOBTA_c,11,median_midpoint,-0.03953782855526888
MTOBTA_c,11,std_range,0.04296575609176941
MTOBTA_c,11,frac_fixed,0.0
MTOBTA_c,11,frac_variable,1.0
MTOBTA_c,11,frac_bidirectional,1.0
MTOBTA_c,12,minimum,7.37838413222352e-05
MTOBTA_c,12,maximum,0.0036891920661117628
MTOBTA_c,12,mean_range,-1.2136288068259615e-14
MTOBTA_c,12,mean_midpoint,0.0018787764989334698
MTOBTA_c,12,median_range,0.0
MTOBTA_c,12,median_midpoint,0.0018814879537169973
MTOBTA_c,12,std_range,6.414297682714816e-14
MTOBTA_c,12,frac_fixed,1.0
MTOBTA_c,12,frac_variable,0.0
MTOBTA_c,12,frac_bidirectional,0.0
MTOBTA_c,13,minimum,0.0
MTOBTA_c,13,maximum,0.0
MTOBTA_c,13,mean_range,0.0
MTOBTA_c,13,mean_midpoint,0.0
MTOBTA_c,13,median_range,0.0
MTOBTA_c,13,median_midpoint,0.0
MTOBTA_c,13,std_range,0.0
MTOBTA_c,13,frac_fixed,1.0
MTOBTA_c,13,frac_variable,0.0
MTOBTA_c,13,frac_bidirectional,0.0
MTOBTA_c,14,minimum,0.0
MTOBTA_c,14,maximum,0.0
MTOBTA_c,14,mean_range,0.0
MTOBTA_c,14,mean_midpoint,0.0
MTOBTA_c,14,median_range,0.0
MTOBTA_c,14,median_midpoint,0.0
MTOBTA_c,14,std_range,0.0
MTOBTA_c,14,frac_fixed,1.0
MTOBTA_c,14,frac_variable,0.0
MTOBTA_c,14,frac_bidirectional,0.0
PIt_m,1,minimum,-12.020506329113793
PIt_m,1,maximum,654.9448772395847
PIt_m,1,mean_range,644.1701228922902
PIt_m,1,mean_midpoint,313.0083525853856
PIt_m,1,median_range,644.4065987585718
PIt_m,1,median_midpoint,313.1265905185264
PIt_m,1,std_range,13.89431820653383
PIt_m,1,frac_fixed,0.0
PIt_m,1,frac_variable,1.0
PIt_m,1,frac_bidirectional,1.0
PIt_m,2,minimum,-5.887594936708872
PIt_m,2,maximum,612.22351044771
PIt_m,2,mean_range,593.5820420932793
PIt_m,2,mean_midpoint,293.7245653504371
PIt_m,2,median_range,593.5820420932794
PIt_m,2,median_midpoint,293.72456535043716
PIt_m,2,std_range,14.764761048492897
PIt_m,2,frac_fixed,0.0
PIt_m,2,frac_variable,1.0
PIt_m,2,frac_bidirectional,1.0
PIt_m,3,minimum,-11.95860626293944
PIt_m,3,maximum,655.4418413918106
PIt_m,3,mean_range,639.4160327289443
PIt_m,3,mean_midpoint,313.6997620198271
PIt_m,3,median_range,639.9485893403354
PIt_m,3,median_midpoint,313.85280232277677
PIt_m,3,std_range,16.379481494198533
PIt_m,3,frac_fixed,0.0
PIt_m,3,frac_variable,1.0
PIt_m,3,frac_bidirectional,0.9811320754716981
PIt_m,4,minimum,0.022838090031683578
PIt_m,4,maximum,611.074734467822
PIt_m,4,mean_range,603.9180222261991
PIt_m,4,mean_midpoint,303.4453931029067
PIt_m,4,median_range,603.8277231371598
PIt_m,4,median_midpoint,303.47278226796385
PIt_m,4,std_range,4.416176630644136
PIt_m,4,frac_fixed,0.0
PIt_m,4,frac_variable,1.0
PIt_m,4,frac_bidirectional,0.0
PIt_m,5,minimum,2.5438678645488153
PIt_m,5,maximum,599.319572230758
PIt_m,5,mean_range,595.0961631173304
PIt_m,5,mean_midpoint,300.3130982412318
PIt_m,5,median_range,595.0961631173354
PIt_m,5,median_midpoint,300.31309824123434
PIt_m,5,std_range,1.3713396872385426
PIt_m,5,frac_fixed,0.0
PIt_m,5,frac_variable,1.0
PIt_m,5,frac_bidirectional,0.0
PIt_m,6,minimum,0.0036400789098820496
PIt_m,6,maximum,602.047102820277
PIt_m,6,mean_range,588.3906079612009
PIt_m,6,mean_midpoint,295.2166473174423
PIt_m,6,median_range,589.4924302554975
PIt_m,6,median_midpoint,295.97777088650525
PIt_m,6,std_range,8.005135411232931
PIt_m,6,frac_fixed,0.0
PIt_m,6,frac_variable,1.0
PIt_m,6,frac_bidirectional,0.0
PIt_m,7,minimum,-5.175813207298916
PIt_m,7,maximum,607.8906210364275
PIt_m,7,mean_range,594.5101508780265
PIt_m,7,mean_midpoint,295.48720115779065
PIt_m,7,median_range,595.9339982624529
PIt_m,7,median_midpoint,296.22227368959227
PIt_m,7,std_range,9.8904347362041
PIt_m,7,frac_fixed,0.0
PIt_m,7,frac_variable,1.0
PIt_m,7,frac_bidirectional,1.0
PIt_m,8,minimum,-5.911762574387767
PIt_m,8,maximum,613.5535577452899
PIt_m,8,mean_range,609.8760180408271
PIt_m,8,mean_midpoint,302.3031559858866
PIt_m,8,median_range,610.3064495391548
PIt_m,8,median_midpoint,302.18986783867933
PIt_m,8,std_range,4.833235613536924
PIt_m,8,frac_fixed,0.0
PIt_m,8,frac_variable,1.0
PIt_m,8,frac_bidirectional,0.8690476190476191
PIt_m,9,minimum,-11.799357511095991
PIt_m,9,maximum,654.3802649371218
PIt_m,9,mean_range,630.465435538249
PIt_m,9,mean_midpoint,309.76995239589405
PIt_m,9,median_range,628.6913763490173
PIt_m,9,median_midpoint,309.153642619916
PIt_m,9,std_range,13.751011587764799
PIt_m,9,frac_fixed,0.0
PIt_m,9,frac_variable,1.0
PIt_m,9,frac_bidirectional,1.0
PIt_m,10,minimum,0.06289559099829489
PIt_m,10,maximum,608.9708755688865
PIt_m,10,mean_range,604.4161804258086
PIt_m,10,mean_midpoint,303.06391422299424
PIt_m,10,median_range,604.6707978822778
PIt_m,10,median_midpoint,302.9635939574437
PIt_m,10,std_range,2.5873060506712844
PIt_m,10,frac_fixed,0.0
PIt_m,10,frac_variable,1.0
PIt_m,10,frac_bidirectional,0.0
PIt_m,11,minimum,0.03872795331983525
PIt_m,11,maximum,610.0408455449093
PIt_m,11,mean_range,604.3622433663181
PIt_m,11,mean_midpoint,303.487711993616
PIt_m,11,median_range,604.1934132550219
PIt_m,11,median_midpoint,303.486495126615
PIt_m,11,std_range,3.559865036425846
PIt_m,11,frac_fixed,0.0
PIt_m,11,frac_variable,1.0
PIt_m,11,frac_bidirectional,0.0
PIt_m,12,minimum,0.06182628233368774
PIt_m,12,maximum,596.4516597248848
PIt_m,12,mean_range,579.8419127690628
PIt_m,12,mean_midpoint,291.4952995432553
PIt_m,12,median_range,579.862214303929
PIt_m,12,median_midpoint,291.50767735146735
PIt_m,12,std_range,7.90513095404984
PIt_m,12,frac_fixed,0.0
PIt_m,12,frac_variable,1.0
PIt_m,12,frac_bidirectional,0.0
PIt_m,13,minimum,0.0
PIt_m,13,maximum,565.8123709104739
PIt_m,13,mean_range,565.8123709104739
PIt_m,13,mean_midpoint,282.90618545523694
PIt_m,13,median_range,565.8123709104739
PIt_m,13,median_midpoint,282.90618545523694
PIt_m,13,std_range,0.0
PIt_m,13,frac_fixed,0.0
PIt_m,13,frac_variable,1.0
PIt_m,13,frac_bidirectional,0.0
PIt_m,14,minimum,-12.265822784810133
PIt_m,14,maximum,656.579459518066
PIt_m,14,mean_range,668.8452823028761
PIt_m,14,mean_midpoint,322.15681836662793
PIt_m,14,median_range,668.8452823028761
PIt_m,14,median_midpoint,322.15681836662793
PIt_m,14,std_range,0.0
PIt_m,14,frac_fixed,0.0
PIt_m,14,frac_variable,1.0
PIt_m,14,frac_bidirectional,1.0
ATP2t_m,1,minimum,0.0
ATP2t_m,1,maximum,654.9448772395847
ATP2t_m,1,mean_range,635.0934140315308
ATP2t_m,1,mean_midpoint,317.5467070157654
ATP2t_m,1,median_range,635.3298898978127
ATP2t_m,1,median_midpoint,317.66494494890634
ATP2t_m,1,std_range,12.125860422491945
ATP2t_m,1,frac_fixed,0.0
ATP2t_m,1,frac_variable,1.0
ATP2t_m,1,frac_bidirectional,0.0
ATP2t_m,2,minimum,0.0
ATP2t_m,2,maximum,612.2235104477096
ATP2t_m,2,mean_range,590.5155863970773
ATP2t_m,2,mean_midpoint,295.25779319853865
ATP2t_m,2,median_range,590.5155863970772
ATP2t_m,2,median_midpoint,295.2577931985386
ATP2t_m,2,std_range,13.066634777782403
ATP2t_m,2,frac_fixed,0.0
ATP2t_m,2,frac_variable,1.0
ATP2t_m,2,frac_bidirectional,0.0
ATP2t_m,3,minimum,0.0
ATP2t_m,3,maximum,655.4419406158607
ATP2t_m,3,mean_range,633.4097994388571
ATP2t_m,3,mean_midpoint,316.70489971942857
ATP2t_m,3,median_range,633.8290814741637
ATP2t_m,3,median_midpoint,316.91454073708184
ATP2t_m,3,std_range,12.895572397822935
ATP2t_m,3,frac_fixed,0.0
ATP2t_m,3,frac_variable,1.0
ATP2t_m,3,frac_bidirectional,0.0
ATP2t_m,4,minimum,0.015027184339746053
ATP2t_m,4,maximum,611.0787034302621
ATP2t_m,4,mean_range,603.9312050424596
ATP2t_m,4,mean_midpoint,303.44324334911647
ATP2t_m,4,median_range,603.8409754887884
ATP2t_m,4,median_midpoint,303.47062117488304
ATP2t_m,4,std_range,4.415356016801452
ATP2t_m,4,frac_fixed,0.0
ATP2t_m,4,frac_variable,1.0
ATP2t_m,4,frac_bidirectional,0.0
ATP2t_m,5,minimum,2.5346900503666854
ATP2t_m,5,maximum,599.3242357616127
ATP2t_m,5,mean_range,595.1102989590906
ATP2t_m,5,mean_midpoint,300.3107930752837
ATP2t_m,5,median_range,595.1102989590868
ATP2t_m,5,median_midpoint,300.310793075285
ATP2t_m,5,std_range,1.3710992316673354
ATP2t_m,5,frac_fixed,0.0
ATP2t_m,5,frac_variable,1.0
ATP2t_m,5,frac_bidirectional,0.0
ATP2t_m,6,minimum,0.0016873524883123416
ATP2t_m,6,maximum,602.0505756623952
ATP2t_m,6,mean_range,588.3985742457508
ATP2t_m,6,mean_midpoint,295.2153482361238
ATP2t_m,6,median_range,589.5030321368204
ATP2t_m,6,median_midpoint,295.9762341092083
ATP2t_m,6,std_range,8.007589082430878
ATP2t_m,6,frac_fixed,0.0
ATP2t_m,6,frac_variable,1.0
ATP2t_m,6,frac_bidirectional,0.0
ATP2t_m,7,minimum,0.0
ATP2t_m,7,maximum,607.8907202604847
ATP2t_m,7,mean_range,592.7433365855613
ATP2t_m,7,mean_midpoint,296.37166829278067
ATP2t_m,7,median_range,594.2076484542323
ATP2t_m,7,median_midpoint,297.10382422711615
ATP2t_m,7,std_range,9.078223710256909
ATP2t_m,7,frac_fixed,0.0
ATP2t_m,7,frac_variable,1.0
ATP2t_m,7,frac_bidirectional,0.0
ATP2t_m,8,minimum,0.0
ATP2t_m,8,maximum,613.5536569693434
ATP2t_m,8,mean_range,607.1337364710931
ATP2t_m,8,mean_midpoint,303.67603791677396
ATP2t_m,8,median_range,607.3575663432938
ATP2t_m,8,median_midpoint,303.6787831716469
ATP2t_m,8,std_range,3.081528948974196
ATP2t_m,8,frac_fixed,0.0
ATP2t_m,8,frac_variable,1.0
ATP2t_m,8,frac_bidirectional,0.0
ATP2t_m,9,minimum,0.0
ATP2t_m,9,maximum,654.3803641611794
ATP2t_m,9,mean_range,625.0041829395833
ATP2t_m,9,mean_midpoint,312.50209146979165
ATP2t_m,9,median_range,623.4161582947156
ATP2t_m,9,median_midpoint,311.7080791473578
ATP2t_m,9,std_range,11.184817259704914
ATP2t_m,9,frac_fixed,0.0
ATP2t_m,9,frac_variable,1.0
ATP2t_m,9,frac_bidirectional,0.0
ATP2t_m,10,minimum,0.05547523059613674
ATP2t_m,10,maximum,608.9746460832022
ATP2t_m,10,mean_range,604.4278948502186
ATP2t_m,10,mean_midpoint,303.06200392343277
ATP2t_m,10,median_range,604.6828722471023
ATP2t_m,10,median_midpoint,302.9615289129419
ATP2t_m,10,std_range,2.586714061979548
ATP2t_m,10,frac_fixed,0.0
ATP2t_m,10,frac_variable,1.0
ATP2t_m,10,frac_bidirectional,0.0
ATP2t_m,11,minimum,0.031112320274338856
ATP2t_m,11,maximum,610.044715283292
ATP2t_m,11,mean_range,604.3750652996977
ATP2t_m,11,mean_midpoint,303.48562108988443
ATP2t_m,11,median_range,604.2063711099607
ATP2t_m,11,median_midpoint,303.48438205782855
ATP2t_m,11,std_range,3.5591180627368226
ATP2t_m,11,frac_fixed,0.0
ATP2t_m,11,frac_variable,1.0
ATP2t_m,11,frac_bidirectional,0.0
ATP2t_m,12,minimum,0.06163100969136764
ATP2t_m,12,maximum,596.4566209278842
ATP2t_m,12,mean_range,579.8494116126527
ATP2t_m,12,mean_midpoint,291.4940766886764
ATP2t_m,12,median_range,579.8697239698272
ATP2t_m,12,median_midpoint,291.506452732041
ATP2t_m,12,std_range,7.909356309736708
ATP2t_m,12,frac_fixed,0.0
ATP2t_m,12,frac_variable,1.0
ATP2t_m,12,frac_bidirectional,0.0
ATP2t_m,13,minimum,0.0
ATP2t_m,13,maximum,565.8123709104711
ATP2t_m,13,mean_range,565.8123709104711
ATP2t_m,13,mean_midpoint,282.9061854552356
ATP2t_m,13,median_range,565.8123709104711
ATP2t_m,13,median_midpoint,282.9061854552356
ATP2t_m,13,std_range,0.0
ATP2t_m,13,frac_fixed,0.0
ATP2t_m,13,frac_variable,1.0
ATP2t_m,13,frac_bidirectional,0.0
ATP2t_m,14,minimum,0.0
ATP2t_m,14,maximum,656.5794595180657
ATP2t_m,14,mean_range,656.5794595180657
ATP2t_m,14,mean_midpoint,328.28972975903287
ATP2t_m,14,median_range,656.5794595180657
ATP2t_m,14,median_midpoint,328.28972975903287
ATP2t_m,14,std_range,0.0
ATP2t_m,14,frac_fixed,0.0
ATP2t_m,14,frac_variable,1.0
ATP2t_m,14,frac_bidirectional,0.0
ATPS_m,1,minimum,-7.725750955465786
ATPS_m,1,maximum,458.67083202775683
ATPS_m,1,mean_range,450.0422044502266
ATPS_m,1,mean_midpoint,221.4812092486077
ATPS_m,1,median_range,451.07110779822796
ATPS_m,1,median_midpoint,221.24423332339504
ATPS_m,1,std_range,10.77989199755389
ATPS_m,1,frac_fixed,0.0
ATPS_m,1,frac_variable,1.0
ATPS_m,1,frac_bidirectional,0.84
ATPS_m,2,minimum,6.480789203695921
ATPS_m,2,maximum,432.42877456427965
ATPS_m,2,mean_range,380.8428642224176
ATPS_m,2,mean_midpoint,229.2578700802635
ATPS_m,2,median_range,380.9014352549819
ATPS_m,2,median_midpoint,229.28293035451048
ATPS_m,2,std_range,27.247408014466945
ATPS_m,2,frac_fixed,0.0
ATPS_m,2,frac_variable,1.0
ATPS_m,2,frac_bidirectional,0.0
ATPS_m,3,minimum,-7.8115185003757075
ATPS_m,3,maximum,458.40372741450676
ATPS_m,3,mean_range,438.62906613954533
ATPS_m,3,mean_midpoint,215.38515834390168
ATPS_m,3,median_range,439.15404414824906
ATPS_m,3,median_midpoint,215.5737683216955
ATPS_m,3,std_range,16.146391565588072
ATPS_m,3,frac_fixed,0.0
ATPS_m,3,frac_variable,1.0
ATPS_m,3,frac_bidirectional,1.0
ATPS_m,4,minimum,0.005445982255825044
ATPS_m,4,maximum,410.6740145866831
ATPS_m,4,mean_range,402.12516649862494
ATPS_m,4,mean_midpoint,203.78120519854104
ATPS_m,4,median_range,403.547199718426
ATPS_m,4,median_midpoint,203.80462457885233
ATPS_m,4,std_range,7.048464731979403
ATPS_m,4,frac_fixed,0.0
ATPS_m,4,frac_variable,1.0
ATPS_m,4,frac_bidirectional,0.0
ATPS_m,5,minimum,11.134117645501076
ATPS_m,5,maximum,400.6493069699384
ATPS_m,5,mean_range,382.20662507029897
ATPS_m,5,mean_midpoint,208.65754668911666
ATPS_m,5,median_range,382.2066250703001
ATPS_m,5,median_midpoint,208.65754668911507
ATPS_m,5,std_range,5.967417724995008
ATPS_m,5,frac_fixed,0.0
ATPS_m,5,frac_variable,1.0
ATPS_m,5,frac_bidirectional,0.0
ATPS_m,6,minimum,2.513479285354337
ATPS_m,6,maximum,409.90710892493263
ATPS_m,6,mean_range,375.64317146380625
ATPS_m,6,mean_midpoint,217.13948063598855
ATPS_m,6,median_range,376.94917244478586
ATPS_m,6,median_midpoint,215.85037788207603
ATPS_m,6,std_range,17.54034383353755
ATPS_m,6,frac_fixed,0.0
ATPS_m,6,frac_variable,1.0
ATPS_m,6,frac_bidirectional,0.0
ATPS_m,7,minimum,5.581176024069716
ATPS_m,7,maximum,429.3598118699547
ATPS_m,7,mean_range,385.28261934022913
ATPS_m,7,mean_midpoint,222.67287267992214
ATPS_m,7,median_range,388.31757257967826
ATPS_m,7,median_midpoint,222.29933562168554
ATPS_m,7,std_range,18.848385163674802
ATPS_m,7,frac_fixed,0.0
ATPS_m,7,frac_variable,1.0
ATPS_m,7,frac_bidirectional,0.0
ATPS_m,8,minimum,1.4959643446818571
ATPS_m,8,maximum,432.6715840218573
ATPS_m,8,mean_range,414.80845370666003
ATPS_m,8,mean_midpoint,212.73955676739973
ATPS_m,8,median_range,415.1800942869262
ATPS_m,8,median_midpoint,213.22092334398354
ATPS_m,8,std_range,6.360012904143083
ATPS_m,8,frac_fixed,0.0
ATPS_m,8,frac_variable,1.0
ATPS_m,8,frac_bidirectional,0.0
ATPS_m,9,minimum,-7.6619369139288045
ATPS_m,9,maximum,457.7823842821067
ATPS_m,9,mean_range,434.77093443667
ATPS_m,9,mean_midpoint,214.91916574245423
ATPS_m,9,median_range,434.15137531798786
ATPS_m,9,median_midpoint,215.23384773588066
ATPS_m,9,std_range,12.935734263488373
ATPS_m,9,frac_fixed,0.0
ATPS_m,9,frac_variable,1.0
ATPS_m,9,frac_bidirectional,0.8681898066783831
ATPS_m,10,minimum,0.04043574093286484
ATPS_m,10,maximum,410.55880503511725
ATPS_m,10,mean_range,406.5093951740883
ATPS_m,10,mean_midpoint,204.09197180848545
ATPS_m,10,median_range,407.2923724762832
ATPS_m,10,median_midpoint,204.1815150998482
ATPS_m,10,std_range,3.1650960396097267
ATPS_m,10,frac_fixed,0.0
ATPS_m,10,frac_variable,1.0
ATPS_m,10,frac_bidirectional,0.0
ATPS_m,11,minimum,0.019935657326930922
ATPS_m,11,maximum,410.62709146669397
ATPS_m,11,mean_range,404.3194892825073
ATPS_m,11,mean_midpoint,203.40483178898
ATPS_m,11,median_range,404.329417499173
ATPS_m,11,median_midpoint,203.37097706886223
ATPS_m,11,std_range,4.240720276257633
ATPS_m,11,frac_fixed,0.0
ATPS_m,11,frac_variable,1.0
ATPS_m,11,frac_bidirectional,0.0
ATPS_m,12,minimum,24.94614687228671
ATPS_m,12,maximum,405.37691427263286
ATPS_m,12,mean_range,351.0749348193573
ATPS_m,12,mean_midpoint,226.68626456360244
ATPS_m,12,median_range,351.1489331330787
ATPS_m,12,median_midpoint,226.68396962973466
ATPS_m,12,std_range,13.29004904874113
ATPS_m,12,frac_fixed,0.0
ATPS_m,12,frac_variable,1.0
ATPS_m,12,frac_bidirectional,0.0
ATPS_m,13,minimum,78.34459111484583
ATPS_m,13,maximum,405.4596319084922
ATPS_m,13,mean_range,327.11504079364636
ATPS_m,13,mean_midpoint,241.90211151166903
ATPS_m,13,median_range,327.11504079364636
ATPS_m,13,median_midpoint,241.90211151166903
ATPS_m,13,std_range,0.0
ATPS_m,13,frac_fixed,0.0
ATPS_m,13,frac_variable,1.0
ATPS_m,13,frac_bidirectional,0.0
ATPS_m,14,minimum,-8.011953487111372
ATPS_m,14,maximum,459.62756620497555
ATPS_m,14,mean_range,467.63951969208694
ATPS_m,14,mean_midpoint,225.80780635893208
ATPS_m,14,median_range,467.63951969208694
ATPS_m,14,median_midpoint,225.80780635893208
ATPS_m,14,std_range,0.0
ATPS_m,14,frac_fixed,0.0
ATPS_m,14,frac_variable,1.0
ATPS_m,14,frac_bidirectional,1.0
ATPt_m,1,minimum,0.0
ATPt_m,1,maximum,688.8195228092054
ATPt_m,1,mean_range,664.3525412279898
ATPt_m,1,mean_midpoint,332.1762706139949
ATPt_m,1,median_range,665.0048940178353
ATPt_m,1,median_midpoint,332.50244700891767
ATPt_m,1,std_range,15.25458951767476
ATPt_m,1,frac_fixed,0.0
ATPt_m,1,frac_variable,1.0
ATPt_m,1,frac_bidirectional,0.0
ATPt_m,2,minimum,0.0
ATPt_m,2,maximum,635.2630082757106
ATPt_m,2,mean_range,607.5267551111532
ATPt_m,2,mean_midpoint,303.7633775555766
ATPt_m,2,median_range,607.5267551111529
ATPt_m,2,median_midpoint,303.7633775555764
ATPt_m,2,std_range,16.695262493090052
ATPt_m,2,frac_fixed,0.0
ATPt_m,2,frac_variable,1.0
ATPt_m,2,frac_bidirectional,0.0
ATPt_m,3,minimum,0.0
ATPt_m,3,maximum,689.4319433179187
ATPt_m,3,mean_range,663.3447084514551
ATPt_m,3,mean_midpoint,331.67235422572753
ATPt_m,3,median_range,663.8411608317484
ATPt_m,3,median_midpoint,331.9205804158742
ATPt_m,3,std_range,15.269048213554418
ATPt_m,3,frac_fixed,0.0
ATPt_m,3,frac_variable,1.0
ATPt_m,3,frac_bidirectional,0.0
ATPt_m,4,minimum,0.01502718434411321
ATPt_m,4,maximum,636.9034950568365
ATPt_m,4,mean_range,628.4945622250381
ATPt_m,4,mean_midpoint,315.7249219404057
ATPt_m,4,median_range,628.6189451825921
ATPt_m,4,median_midpoint,315.85960602178534
ATPt_m,4,std_range,5.419906992131993
ATPt_m,4,frac_fixed,0.0
ATPt_m,4,frac_variable,1.0
ATPt_m,4,frac_bidirectional,0.0
ATPt_m,5,minimum,2.534690050366926
ATPt_m,5,maximum,622.1002432854301
ATPt_m,5,mean_range,616.7846486844218
ATPt_m,5,mean_midpoint,311.14796793795205
ATPt_m,5,median_range,616.7846486844369
ATPt_m,5,median_midpoint,311.1479679379577
ATPt_m,5,std_range,2.270599057491203
ATPt_m,5,frac_fixed,0.0
ATPt_m,5,frac_variable,1.0
ATPt_m,5,frac_bidirectional,0.0
ATPt_m,6,minimum,0.001687352488062288
ATPt_m,6,maximum,626.3458974441845
ATPt_m,6,mean_range,607.8591416775455
ATPt_m,6,mean_midpoint,304.9456319520212
ATPt_m,6,median_range,609.4164847357612
ATPt_m,6,median_midpoint,305.82025687327564
ATPt_m,6,std_range,11.273903151890417
ATPt_m,6,frac_fixed,0.0
ATPt_m,6,frac_variable,1.0
ATPt_m,6,frac_bidirectional,0.0
ATPt_m,7,minimum,0.0
ATPt_m,7,maximum,629.843160119186
ATPt_m,7,mean_range,611.6145941210877
ATPt_m,7,mean_midpoint,305.8072970605439
ATPt_m,7,median_range,613.6380962202993
ATPt_m,7,median_midpoint,306.81904811014965
ATPt_m,7,std_range,11.948095561048191
ATPt_m,7,frac_fixed,0.0
ATPt_m,7,frac_variable,1.0
ATPt_m,7,frac_bidirectional,0.0
ATPt_m,8,minimum,0.0
ATPt_m,8,maximum,637.0787044229766
ATPt_m,8,mean_range,630.8248814098179
ATPt_m,8,mean_midpoint,315.5216103861364
ATPt_m,8,median_range,630.5978328669682
ATPt_m,8,median_midpoint,315.2989164334841
ATPt_m,8,std_range,2.743468896658421
ATPt_m,8,frac_fixed,0.0
ATPt_m,8,frac_variable,1.0
ATPt_m,8,frac_bidirectional,0.0
ATPt_m,9,minimum,0.0
ATPt_m,9,maximum,688.1899884718672
ATPt_m,9,mean_range,653.1639467295523
ATPt_m,9,mean_midpoint,326.58197336477616
ATPt_m,9,median_range,651.3257477274192
ATPt_m,9,median_midpoint,325.6628738637096
ATPt_m,9,std_range,13.427561003107792
ATPt_m,9,frac_fixed,0.0
ATPt_m,9,frac_variable,1.0
ATPt_m,9,frac_bidirectional,0.0
ATPt_m,10,minimum,0.05547523059560408
ATPt_m,10,maximum,634.8415777662298
ATPt_m,10,mean_range,629.6889667928299
ATPt_m,10,mean_midpoint,315.692539894738
ATPt_m,10,median_range,629.9290153921143
ATPt_m,10,median_midpoint,315.66073502626153
ATPt_m,10,std_range,3.013384027634444
ATPt_m,10,frac_fixed,0.0
ATPt_m,10,frac_variable,1.0
ATPt_m,10,frac_bidirectional,0.0
ATPt_m,11,minimum,0.03111232027414701
ATPt_m,11,maximum,635.8923630232653
ATPt_m,11,mean_range,629.2931384357759
ATPt_m,11,mean_midpoint,315.94465765792415
ATPt_m,11,median_range,629.1131940713914
ATPt_m,11,median_midpoint,315.9377935385441
ATPt_m,11,std_range,4.1643619236190075
ATPt_m,11,frac_fixed,0.0
ATPt_m,11,frac_variable,1.0
ATPt_m,11,frac_bidirectional,0.0
ATPt_m,12,minimum,0.061631009690607357
ATPt_m,12,maximum,616.7680109117109
ATPt_m,12,mean_range,595.4712057822388
ATPt_m,12,mean_midpoint,299.30497377346927
ATPt_m,12,median_range,595.5152794050039
ATPt_m,12,median_midpoint,299.3292304496292
ATPt_m,12,std_range,10.879280781307873
ATPt_m,12,frac_fixed,0.0
ATPt_m,12,frac_variable,1.0
ATPt_m,12,frac_bidirectional,0.0
ATPt_m,13,minimum,0.0
ATPt_m,13,maximum,576.1325522456832
ATPt_m,13,mean_range,576.1325522456832
ATPt_m,13,mean_midpoint,288.0662761228416
ATPt_m,13,median_range,576.1325522456832
ATPt_m,13,median_midpoint,288.0662761228416
ATPt_m,13,std_range,0.0
ATPt_m,13,frac_fixed,0.0
ATPt_m,13,frac_variable,1.0
ATPt_m,13,frac_bidirectional,0.0
ATPt_m,14,minimum,0.0
ATPt_m,14,maximum,690.7788266066731
ATPt_m,14,mean_range,690.7788266066731
ATPt_m,14,mean_midpoint,345.38941330333654
ATPt_m,14,median_range,690.7788266066731
ATPt_m,14,median_midpoint,345.38941330333654
ATPt_m,14,std_range,0.0
ATPt_m,14,frac_fixed,0.0
ATPt_m,14,frac_variable,1.0
ATPt_m,14,frac_bidirectional,0.0
ALANA1t_m,1,minimum,-1000.0
ALANA1t_m,1,maximum,220.85284308676393
ALANA1t_m,1,mean_range,1134.7583071495233
ALANA1t_m,1,mean_midpoint,-432.62084642523837
ALANA1t_m,1,median_range,1141.840335565012
ALANA1t_m,1,median_midpoint,-429.0798322174939
ALANA1t_m,1,std_range,57.191032934233284
ALANA1t_m,1,frac_fixed,0.0
ALANA1t_m,1,frac_variable,1.0
ALANA1t_m,1,frac_bidirectional,1.0
ALANA1t_m,2,minimum,-1000.0
ALANA1t_m,2,maximum,20.11149262090794
ALANA1t_m,2,mean_range,904.5047112444995
ALANA1t_m,2,mean_midpoint,-547.7476443777502
ALANA1t_m,2,median_range,906.3453407221739
ALANA1t_m,2,median_midpoint,-546.827329638913
ALANA1t_m,2,std_range,70.97583982092488
ALANA1t_m,2,frac_fixed,0.0
ALANA1t_m,2,frac_variable,1.0
ALANA1t_m,2,frac_bidirectional,0.125
ALANA1t_m,3,minimum,-1000.0
ALANA1t_m,3,maximum,222.42876397607392
ALANA1t_m,3,mean_range,1129.4148327903606
ALANA1t_m,3,mean_midpoint,-435.29258360481975
ALANA1t_m,3,median_range,1131.1849317592282
ALANA1t_m,3,median_midpoint,-434.40753412038595
ALANA1t_m,3,std_range,54.441730105793425
ALANA1t_m,3,frac_fixed,0.0
ALANA1t_m,3,frac_variable,1.0
ALANA1t_m,3,frac_bidirectional,1.0
ALANA1t_m,4,minimum,-1000.0
ALANA1t_m,4,maximum,35.138792583583516
ALANA1t_m,4,mean_range,1005.6903415182873
ALANA1t_m,4,mean_midpoint,-497.1548292408564
ALANA1t_m,4,median_range,1011.1272577896973
ALANA1t_m,4,median_midpoint,-494.43637110515135
ALANA1t_m,4,std_range,25.029811386471575
ALANA1t_m,4,frac_fixed,0.0
ALANA1t_m,4,frac_variable,1.0
ALANA1t_m,4,frac_bidirectional,0.7692307692307693
ALANA1t_m,5,minimum,-1000.0
ALANA1t_m,5,maximum,-39.18174127760551
ALANA1t_m,5,mean_range,934.2880017684237
ALANA1t_m,5,mean_midpoint,-532.8559991157882
ALANA1t_m,5,median_range,934.2880017684558
ALANA1t_m,5,median_midpoint,-532.8559991157721
ALANA1t_m,5,std_range,21.661864094064338
ALANA1t_m,5,frac_fixed,0.0
ALANA1t_m,5,frac_variable,1.0
ALANA1t_m,5,frac_bidirectional,0.0
ALANA1t_m,6,minimum,-1000.0
ALANA1t_m,6,maximum,-0.356493061755988
ALANA1t_m,6,mean_range,911.834824107622
ALANA1t_m,6,mean_midpoint,-544.0825879461889
ALANA1t_m,6,median_range,918.7283011239806
ALANA1t_m,6,median_midpoint,-540.6358494380097
ALANA1t_m,6,std_range,59.69372639674516
ALANA1t_m,6,frac_fixed,0.0
ALANA1t_m,6,frac_variable,1.0
ALANA1t_m,6,frac_bidirectional,0.0
ALANA1t_m,7,minimum,-1000.0
ALANA1t_m,7,maximum,-1.1286735160950911
ALANA1t_m,7,mean_range,927.3804839822792
ALANA1t_m,7,mean_midpoint,-536.3097580088604
ALANA1t_m,7,median_range,937.2544889705312
ALANA1t_m,7,median_midpoint,-531.3727555147344
ALANA1t_m,7,std_range,52.45471286792314
ALANA1t_m,7,frac_fixed,0.0
ALANA1t_m,7,frac_variable,1.0
ALANA1t_m,7,frac_bidirectional,0.0
ALANA1t_m,8,minimum,-1000.0
ALANA1t_m,8,maximum,28.045805607847214
ALANA1t_m,8,mean_range,1010.6570689428738
ALANA1t_m,8,mean_midpoint,-494.6714655285631
ALANA1t_m,8,median_range,1009.3842679421055
ALANA1t_m,8,median_midpoint,-495.3078660289473
ALANA1t_m,8,std_range,7.210012009983003
ALANA1t_m,8,frac_fixed,0.0
ALANA1t_m,8,frac_variable,1.0
ALANA1t_m,8,frac_bidirectional,1.0
ALANA1t_m,9,minimum,-1000.0
ALANA1t_m,9,maximum,218.48180145264462
ALANA1t_m,9,mean_range,1096.2282148806382
ALANA1t_m,9,mean_midpoint,-451.885892559681
ALANA1t_m,9,median_range,1090.5150483790228
ALANA1t_m,9,median_midpoint,-454.7424758104886
ALANA1t_m,9,std_range,48.527047770111814
ALANA1t_m,9,frac_fixed,0.0
ALANA1t_m,9,frac_variable,1.0
ALANA1t_m,9,frac_bidirectional,1.0
ALANA1t_m,10,minimum,-1000.0
ALANA1t_m,10,maximum,32.92332369274967
ALANA1t_m,10,mean_range,1016.9402702948233
ALANA1t_m,10,mean_midpoint,-491.52986485258833
ALANA1t_m,10,median_range,1017.7969246597595
ALANA1t_m,10,median_midpoint,-491.10153767012025
ALANA1t_m,10,std_range,9.925549330953633
ALANA1t_m,10,frac_fixed,0.0
ALANA1t_m,10,frac_variable,1.0
ALANA1t_m,10,frac_bidirectional,0.9629629629629629
ALANA1t_m,11,minimum,-1000.0
ALANA1t_m,11,maximum,34.08489863210605
ALANA1t_m,11,mean_range,1013.2578043730466
ALANA1t_m,11,mean_midpoint,-493.3710978134767
ALANA1t_m,11,median_range,1013.3985961135476
ALANA1t_m,11,median_midpoint,-493.3007019432262
ALANA1t_m,11,std_range,14.399537086462173
ALANA1t_m,11,frac_fixed,0.0
ALANA1t_m,11,frac_variable,1.0
ALANA1t_m,11,frac_bidirectional,0.8461538461538461
ALANA1t_m,12,minimum,-1000.0000000000019
ALANA1t_m,12,maximum,-97.32723155129062
ALANA1t_m,12,mean_range,823.0117949706853
ALANA1t_m,12,mean_midpoint,-588.4941025146571
ALANA1t_m,12,median_range,823.2581106920147
ALANA1t_m,12,median_midpoint,-588.3709446539926
ALANA1t_m,12,std_range,47.51974836400939
ALANA1t_m,12,frac_fixed,0.0
ALANA1t_m,12,frac_variable,1.0
ALANA1t_m,12,frac_bidirectional,0.0
ALANA1t_m,13,minimum,-1000.0
ALANA1t_m,13,maximum,-261.5485593473012
ALANA1t_m,13,mean_range,738.4514406526988
ALANA1t_m,13,mean_midpoint,-630.7742796736507
ALANA1t_m,13,median_range,738.4514406526988
ALANA1t_m,13,median_midpoint,-630.7742796736507
ALANA1t_m,13,std_range,0.0
ALANA1t_m,13,frac_fixed,0.0
ALANA1t_m,13,frac_variable,1.0
ALANA1t_m,13,frac_bidirectional,0.0
ALANA1t_m,14,minimum,-1000.0
ALANA1t_m,14,maximum,227.2310709348656
ALANA1t_m,14,mean_range,1227.2310709348656
ALANA1t_m,14,mean_midpoint,-386.3844645325672
ALANA1t_m,14,median_range,1227.2310709348656
ALANA1t_m,14,median_midpoint,-386.3844645325672
ALANA1t_m,14,std_range,0.0
ALANA1t_m,14,frac_fixed,0.0
ALANA1t_m,14,frac_variable,1.0
ALANA1t_m,14,frac_bidirectional,1.0
GCS_m,1,minimum,-8.177215189873081
GCS_m,1,maximum,2.3550379746835435
GCS_m,1,mean_range,7.310430379746882
GCS_m,1,mean_midpoint,-2.4776962025316647
GCS_m,1,median_range,7.392202531645884
GCS_m,1,median_midpoint,-2.5185822784811673
GCS_m,1,std_range,0.6194206771851123
GCS_m,1,frac_fixed,0.0
GCS_m,1,frac_variable,1.0
GCS_m,1,frac_bidirectional,0.96
GCS_m,2,minimum,-12.102278481013656
GCS_m,2,maximum,-0.4906329113920833
GCS_m,2,mean_range,4.08860759493676
GCS_m,2,mean_midpoint,-8.177215189873438
GCS_m,2,median_range,4.0886075949367555
GCS_m,2,median_midpoint,-8.177215189873433
GCS_m,2,std_range,2.264168360947303
GCS_m,2,frac_fixed,0.0
GCS_m,2,frac_variable,1.0
GCS_m,2,frac_bidirectional,0.0
GCS_m,3,minimum,-3.0052993351996413
GCS_m,3,maximum,2.404405930690098
GCS_m,3,mean_range,3.2808065614908006
GCS_m,3,mean_midpoint,-0.1803833602989092
GCS_m,3,median_range,3.321320507664863
GCS_m,3,median_midpoint,-0.1826682223092777
GCS_m,3,std_range,1.2460598881262381
GCS_m,3,frac_fixed,0.0
GCS_m,3,frac_variable,1.0
GCS_m,3,frac_bidirectional,1.0
GCS_m,4,minimum,-0.6202012560798853
GCS_m,4,maximum,0.5028195060840018
GCS_m,4,mean_range,0.5959174507848275
GCS_m,4,mean_midpoint,-0.030900715690964472
GCS_m,4,median_range,0.5734458257903623
GCS_m,4,median_midpoint,-0.027696538170944612
GCS_m,4,std_range,0.3121253872580614
GCS_m,4,frac_fixed,0.0
GCS_m,4,frac_variable,1.0
GCS_m,4,frac_bidirectional,1.0
GCS_m,5,minimum,-0.501355490235784
GCS_m,5,maximum,-0.018732283403589157
GCS_m,5,mean_range,0.27019315925288295
GCS_m,5,mean_midpoint,-0.22730040905472046
GCS_m,5,median_range,0.2701931592535518
GCS_m,5,median_midpoint,-0.22730040905484478
GCS_m,5,std_range,0.17344840753509536
GCS_m,5,frac_fixed,0.0
GCS_m,5,frac_variable,1.0
GCS_m,5,frac_bidirectional,0.0
GCS_m,6,minimum,-11.521858672552078
GCS_m,6,maximum,-0.2154790106977407
GCS_m,6,mean_range,0.8681184342310408
GCS_m,6,mean_midpoint,-4.765636665015982
GCS_m,6,median_range,0.765718659714874
GCS_m,6,median_midpoint,-4.365542475720594
GCS_m,6,std_range,0.6104032480740971
GCS_m,6,frac_fixed,0.0
GCS_m,6,frac_variable,1.0
GCS_m,6,frac_bidirectional,0.0
GCS_m,7,minimum,-11.963319979458467
GCS_m,7,maximum,-0.8057191925816342
GCS_m,7,mean_range,3.2378010933163073
GCS_m,7,mean_midpoint,-6.4088869917483
GCS_m,7,median_range,3.0957811204338466
GCS_m,7,median_midpoint,-6.149023503747067
GCS_m,7,std_range,1.4669941170528351
GCS_m,7,frac_fixed,0.0
GCS_m,7,frac_variable,1.0
GCS_m,7,frac_bidirectional,0.0
GCS_m,8,minimum,-8.365345295914112
GCS_m,8,maximum,-0.001674957995997901
GCS_m,8,mean_range,4.9595281559285285
GCS_m,8,mean_midpoint,-3.004009027520513
GCS_m,8,median_range,5.1543087799870815
GCS_m,8,median_midpoint,-3.155764648690065
GCS_m,8,std_range,1.7706923887174348
GCS_m,8,frac_fixed,0.0
GCS_m,8,frac_variable,1.0
GCS_m,8,frac_bidirectional,0.0
GCS_m,9,minimum,-7.874712384520301
GCS_m,9,maximum,2.3406769164138646
GCS_m,9,mean_range,5.04803212658246
GCS_m,9,mean_midpoint,-1.6625778801857196
GCS_m,9,median_range,5.180310972625077
GCS_m,9,median_midpoint,-1.569368146657425
GCS_m,9,std_range,1.5248451566726509
GCS_m,9,frac_fixed,0.0
GCS_m,9,frac_variable,1.0
GCS_m,9,frac_bidirectional,1.0
GCS_m,10,minimum,-2.332401812684786
GCS_m,10,maximum,0.3374190263555776
GCS_m,10,mean_range,1.590495989019853
GCS_m,10,mean_midpoint,-0.6491247092481538
GCS_m,10,median_range,1.6089928631621615
GCS_m,10,median_midpoint,-0.6122739065310566
GCS_m,10,std_range,0.4440979305413353
GCS_m,10,frac_fixed,0.0
GCS_m,10,frac_variable,1.0
GCS_m,10,frac_bidirectional,1.0
GCS_m,11,minimum,-1.1223905912771888
GCS_m,11,maximum,0.42118455036690744
GCS_m,11,mean_range,0.8976402689442202
GCS_m,11,mean_midpoint,-0.20168897249358733
GCS_m,11,median_range,0.9036431337215433
GCS_m,11,median_midpoint,-0.1987883168400976
GCS_m,11,std_range,0.35090116104444613
GCS_m,11,frac_fixed,0.0
GCS_m,11,frac_variable,1.0
GCS_m,11,frac_bidirectional,1.0
GCS_m,12,minimum,-12.020649259466625
GCS_m,12,maximum,-0.007146517619353866
GCS_m,12,mean_range,-2.2300167513740848e-13
GCS_m,12,mean_midpoint,-6.022907678729508
GCS_m,12,median_range,-2.6556534749033744e-13
GCS_m,12,median_midpoint,-6.013897888542821
GCS_m,12,std_range,1.1812761484198098e-12
GCS_m,12,frac_fixed,1.0
GCS_m,12,frac_variable,0.0
GCS_m,12,frac_bidirectional,0.0
GCS_m,13,minimum,-12.265822784810013
GCS_m,13,maximum,-12.265822784810155
GCS_m,13,mean_range,-1.4210854715202004e-13
GCS_m,13,mean_midpoint,-12.265822784810084
GCS_m,13,median_range,-1.4210854715202004e-13
GCS_m,13,median_midpoint,-12.265822784810084
GCS_m,13,std_range,0.0
GCS_m,13,frac_fixed,1.0
GCS_m,13,frac_variable,0.0
GCS_m,13,frac_bidirectional,0.0
GCS_m,14,minimum,-3.0664556962025245
GCS_m,14,maximum,2.453164556962029
GCS_m,14,mean_range,5.519620253164554
GCS_m,14,mean_midpoint,-0.3066455696202477
GCS_m,14,median_range,5.519620253164554
GCS_m,14,median_midpoint,-0.3066455696202477
GCS_m,14,std_range,0.0
GCS_m,14,frac_fixed,0.0
GCS_m,14,frac_variable,1.0
GCS_m,14,frac_bidirectional,1.0
CO2t_m,1,minimum,-999.5257215189873
CO2t_m,1,maximum,1.9625316455696034
CO2t_m,1,mean_range,994.8043397181858
CO2t_m,1,mean_midpoint,-496.3816534033968
CO2t_m,1,median_range,995.4289367088608
CO2t_m,1,median_midpoint,-496.1199113924051
CO2t_m,1,std_range,3.4113502349371077
CO2t_m,1,frac_fixed,0.0
CO2t_m,1,frac_variable,1.0
CO2t_m,1,frac_bidirectional,0.96
CO2t_m,2,minimum,-987.3953697617874
CO2t_m,2,maximum,-0.4906329113924581
CO2t_m,2,mean_range,909.4706768225655
CO2t_m,2,mean_midpoint,-460.86824980368783
CO2t_m,2,median_range,924.1353888271498
CO2t_m,2,median_midpoint,-468.20060580597993
CO2t_m,2,std_range,63.35622111638442
CO2t_m,2,frac_fixed,0.0
CO2t_m,2,frac_variable,1.0
CO2t_m,2,frac_bidirectional,0.0
CO2t_m,3,minimum,-999.8253011078052
CO2t_m,3,maximum,0.1774452057284152
CO2t_m,3,mean_range,996.5321271521206
CO2t_m,3,mean_midpoint,-498.17556570978564
CO2t_m,3,median_range,996.5948823578883
CO2t_m,3,median_midpoint,-498.2085809771597
CO2t_m,3,std_range,1.9301191827326134
CO2t_m,3,frac_fixed,0.0
CO2t_m,3,frac_variable,1.0
CO2t_m,3,frac_bidirectional,1.0
CO2t_m,4,minimum,-993.0120443122079
CO2t_m,4,maximum,0.21770749437176043
CO2t_m,4,mean_range,986.5145212579063
CO2t_m,4,mean_midpoint,-493.0583742403224
CO2t_m,4,median_range,992.3384853052488
CO2t_m,4,median_midpoint,-495.96930719860956
CO2t_m,4,std_range,13.764064045571363
CO2t_m,4,frac_fixed,0.0
CO2t_m,4,frac_variable,1.0
CO2t_m,4,frac_bidirectional,1.0
CO2t_m,5,minimum,-961.4483224009884
CO2t_m,5,maximum,0.12668366626868743
CO2t_m,5,mean_range,934.8938261507168
CO2t_m,5,mean_midpoint,-467.39060699873806
CO2t_m,5,median_range,934.8938261507694
CO2t_m,5,median_midpoint,-467.39060699876416
CO2t_m,5,std_range,21.78509217699435
CO2t_m,5,frac_fixed,0.0
CO2t_m,5,frac_variable,1.0
CO2t_m,5,frac_bidirectional,0.6666666666666666
CO2t_m,6,minimum,-990.567922443919
CO2t_m,6,maximum,-0.0824388865303927
CO2t_m,6,mean_range,914.2259990351896
CO2t_m,6,mean_midpoint,-461.36088388292
CO2t_m,6,median_range,921.0986563747458
CO2t_m,6,median_midpoint,-465.02150092560254
CO2t_m,6,std_range,59.983761783295115
CO2t_m,6,frac_fixed,0.0
CO2t_m,6,frac_variable,1.0
CO2t_m,6,frac_bidirectional,0.0
CO2t_m,7,minimum,-989.1661296781159
CO2t_m,7,maximum,-0.7098065449252697
CO2t_m,7,mean_range,934.1335148210273
CO2t_m,7,mean_midpoint,-471.8236918019918
CO2t_m,7,median_range,948.9208138945476
CO2t_m,7,median_midpoint,-478.8191666370007
CO2t_m,7,std_range,48.81496885015507
CO2t_m,7,frac_fixed,0.0
CO2t_m,7,frac_variable,1.0
CO2t_m,7,frac_bidirectional,0.0
CO2t_m,8,minimum,-990.592237486805
CO2t_m,8,maximum,0.12336746168033431
CO2t_m,8,mean_range,988.0737310795968
CO2t_m,8,mean_midpoint,-494.5067660800426
CO2t_m,8,median_range,988.0689221168692
CO2t_m,8,median_midpoint,-494.4629643145895
CO2t_m,8,std_range,1.2867587376147194
CO2t_m,8,frac_fixed,0.0
CO2t_m,8,frac_variable,1.0
CO2t_m,8,frac_bidirectional,0.05952380952380952
CO2t_m,9,minimum,-999.517277538816
CO2t_m,9,maximum,1.928818363757228
CO2t_m,9,mean_range,993.9803128458334
CO2t_m,9,mean_midpoint,-496.2169784119176
CO2t_m,9,median_range,994.0677251812953
CO2t_m,9,median_midpoint,-496.01978918434173
CO2t_m,9,std_range,2.498735986477842
CO2t_m,9,frac_fixed,0.0
CO2t_m,9,frac_variable,1.0
CO2t_m,9,frac_bidirectional,1.0
CO2t_m,10,minimum,-992.0906730572807
CO2t_m,10,maximum,0.6586937264956348
CO2t_m,10,mean_range,991.5495705343276
CO2t_m,10,mean_midpoint,-495.39082085385155
CO2t_m,10,median_range,991.5441446158119
CO2t_m,10,median_midpoint,-495.400021834316
CO2t_m,10,std_range,0.8618747307057699
CO2t_m,10,frac_fixed,0.0
CO2t_m,10,frac_variable,1.0
CO2t_m,10,frac_bidirectional,1.0
CO2t_m,11,minimum,-992.5565075581217
CO2t_m,11,maximum,0.38881607707806315
CO2t_m,11,mean_range,991.3603850981078
CO2t_m,11,mean_midpoint,-495.3868053207972
CO2t_m,11,median_range,992.3061670254817
CO2t_m,11,median_midpoint,-495.8718706786383
CO2t_m,11,std_range,3.4252522165368977
CO2t_m,11,frac_fixed,0.0
CO2t_m,11,frac_variable,1.0
CO2t_m,11,frac_bidirectional,1.0
CO2t_m,12,minimum,-902.9451958067705
CO2t_m,12,maximum,0.1475513011821786
CO2t_m,12,mean_range,823.2256754167548
CO2t_m,12,mean_midpoint,-417.5569631981644
CO2t_m,12,median_range,823.4722998082625
CO2t_m,12,median_midpoint,-417.6711519050858
CO2t_m,12,std_range,47.64025974282789
CO2t_m,12,frac_fixed,0.0
CO2t_m,12,frac_variable,1.0
CO2t_m,12,frac_bidirectional,0.012195121951219513
CO2t_m,13,minimum,-750.7172634375119
CO2t_m,13,maximum,-12.265822784810117
CO2t_m,13,mean_range,738.4514406527018
CO2t_m,13,mean_midpoint,-381.491543111161
CO2t_m,13,median_range,738.4514406527018
CO2t_m,13,median_midpoint,-381.491543111161
CO2t_m,13,std_range,0.0
CO2t_m,13,frac_fixed,0.0
CO2t_m,13,frac_variable,1.0
CO2t_m,13,frac_bidirectional,0.0
CO2t_m,14,minimum,-1000.0
CO2t_m,14,maximum,0.0
CO2t_m,14,mean_range,1000.0
CO2t_m,14,mean_midpoint,-500.0
CO2t_m,14,median_range,1000.0
CO2t_m,14,median_midpoint,-500.0
CO2t_m,14,std_range,0.0
CO2t_m,14,frac_fixed,0.0
CO2t_m,14,frac_variable,1.0
CO2t_m,14,frac_bidirectional,0.0
FTHDF_c,1,minimum,0.0
FTHDF_c,1,maximum,303.70214336052874
FTHDF_c,1,mean_range,289.59182864545704
FTHDF_c,1,mean_midpoint,144.79591432272852
FTHDF_c,1,median_range,291.83831173935476
FTHDF_c,1,median_midpoint,145.91915586967738
FTHDF_c,1,std_range,10.258894013549169
FTHDF_c,1,frac_fixed,0.0
FTHDF_c,1,frac_variable,1.0
FTHDF_c,1,frac_bidirectional,0.0
FTHDF_c,2,minimum,0.9812658227848061
FTHDF_c,2,maximum,267.7843288514294
FTHDF_c,2,mean_range,232.2590892035298
FTHDF_c,2,mean_midpoint,128.3953673865751
FTHDF_c,2,median_range,232.7192465729487
FTHDF_c,2,median_midpoint,128.62544607128447
FTHDF_c,2,std_range,21.139074262922712
FTHDF_c,2,frac_fixed,0.0
FTHDF_c,2,frac_variable,1.0
FTHDF_c,2,frac_bidirectional,0.0
FTHDF_c,3,minimum,0.0
FTHDF_c,3,maximum,303.4512364938632
FTHDF_c,3,mean_range,280.7736432666945
FTHDF_c,3,mean_midpoint,140.38682163334724
FTHDF_c,3,median_range,281.20520855886025
FTHDF_c,3,median_midpoint,140.60260427943012
FTHDF_c,3,std_range,13.273360175018546
FTHDF_c,3,frac_fixed,0.0
FTHDF_c,3,frac_variable,1.0
FTHDF_c,3,frac_bidirectional,0.0
FTHDF_c,4,minimum,0.0
FTHDF_c,4,maximum,257.7883370483311
FTHDF_c,4,mean_range,250.73588857848034
FTHDF_c,4,mean_midpoint,125.36794428924017
FTHDF_c,4,median_range,251.9341191706998
FTHDF_c,4,median_midpoint,125.9670595853499
FTHDF_c,4,std_range,5.91830450788562
FTHDF_c,4,frac_fixed,0.0
FTHDF_c,4,frac_variable,1.0
FTHDF_c,4,frac_bidirectional,0.0
FTHDF_c,5,minimum,0.0
FTHDF_c,5,maximum,240.9339577780992
FTHDF_c,5,mean_range,234.06607103023453
FTHDF_c,5,mean_midpoint,117.09597506047233
FTHDF_c,5,median_range,234.1063875470227
FTHDF_c,5,median_midpoint,117.07581680208507
FTHDF_c,5,std_range,5.624137449386714
FTHDF_c,5,frac_fixed,0.0
FTHDF_c,5,frac_variable,1.0
FTHDF_c,5,frac_bidirectional,0.0
FTHDF_c,6,minimum,0.2860259567677187
FTHDF_c,6,maximum,254.47049882052144
FTHDF_c,6,mean_range,229.33141855069786
FTHDF_c,6,mean_midpoint,123.23769008868024
FTHDF_c,6,median_range,230.92020438443953
FTHDF_c,6,median_midpoint,124.65789368057611
FTHDF_c,6,std_range,15.623124319527085
FTHDF_c,6,frac_fixed,0.0
FTHDF_c,6,frac_variable,1.0
FTHDF_c,6,frac_bidirectional,0.0
FTHDF_c,7,minimum,1.506952478105808
FTHDF_c,7,maximum,263.15725831138957
FTHDF_c,7,mean_range,236.73055427491775
FTHDF_c,7,mean_midpoint,127.90924357920758
FTHDF_c,7,median_range,239.35354813278812
FTHDF_c,7,median_midpoint,128.11592177426758
FTHDF_c,7,std_range,14.897148673957917
FTHDF_c,7,frac_fixed,0.0
FTHDF_c,7,frac_variable,1.0
FTHDF_c,7,frac_bidirectional,0.0
FTHDF_c,8,minimum,0.0
FTHDF_c,8,maximum,269.1048912227817
FTHDF_c,8,mean_range,260.1423162231969
FTHDF_c,8,mean_midpoint,131.0636793080571
FTHDF_c,8,median_range,260.11538439623916
FTHDF_c,8,median_midpoint,131.2460024058896
FTHDF_c,8,std_range,3.9220923749011862
FTHDF_c,8,frac_fixed,0.0
FTHDF_c,8,frac_variable,1.0
FTHDF_c,8,frac_bidirectional,0.0
FTHDF_c,9,minimum,0.0
FTHDF_c,9,maximum,302.90239807625187
FTHDF_c,9,mean_range,277.8071245998015
FTHDF_c,9,mean_midpoint,138.90356229990076
FTHDF_c,9,median_range,276.908380017817
FTHDF_c,9,median_midpoint,138.4541900089085
FTHDF_c,9,std_range,10.757957480533697
FTHDF_c,9,frac_fixed,0.0
FTHDF_c,9,frac_variable,1.0
FTHDF_c,9,frac_bidirectional,0.0
FTHDF_c,10,minimum,0.0
FTHDF_c,10,maximum,259.33635428260544
FTHDF_c,10,mean_range,255.69925606960453
FTHDF_c,10,mean_midpoint,127.84962803480227
FTHDF_c,10,median_range,256.3337260100225
FTHDF_c,10,median_midpoint,128.16686300501124
FTHDF_c,10,std_range,2.6315015946775855
FTHDF_c,10,frac_fixed,0.0
FTHDF_c,10,frac_variable,1.0
FTHDF_c,10,frac_bidirectional,0.0
FTHDF_c,11,minimum,0.0
FTHDF_c,11,maximum,258.38870870265515
FTHDF_c,11,mean_range,253.02426239425242
FTHDF_c,11,mean_midpoint,126.51213119712621
FTHDF_c,11,median_range,252.85763382765862
FTHDF_c,11,median_midpoint,126.42881691382931
FTHDF_c,11,std_range,3.510986269656084
FTHDF_c,11,frac_fixed,0.0
FTHDF_c,11,frac_variable,1.0
FTHDF_c,11,frac_bidirectional,0.0
FTHDF_c,12,minimum,0.0
FTHDF_c,12,maximum,225.65212510590425
FTHDF_c,12,mean_range,205.81959698709397
FTHDF_c,12,mean_midpoint,114.87167051352125
FTHDF_c,12,median_range,205.88311064870425
FTHDF_c,12,median_midpoint,114.88340301660025
FTHDF_c,12,std_range,11.915457827998923
FTHDF_c,12,frac_fixed,0.0
FTHDF_c,12,frac_variable,1.0
FTHDF_c,12,frac_bidirectional,0.0
FTHDF_c,13,minimum,24.531645569620228
FTHDF_c,13,maximum,209.1445057327946
FTHDF_c,13,mean_range,184.6128601631744
FTHDF_c,13,mean_midpoint,116.83807565120742
FTHDF_c,13,median_range,184.6128601631744
FTHDF_c,13,median_midpoint,116.83807565120742
FTHDF_c,13,std_range,0.0
FTHDF_c,13,frac_fixed,0.0
FTHDF_c,13,frac_variable,1.0
FTHDF_c,13,frac_bidirectional,0.0
FTHDF_c,14,minimum,0.0
FTHDF_c,14,maximum,304.62208006938954
FTHDF_c,14,mean_range,304.62208006938954
FTHDF_c,14,mean_midpoint,152.31104003469477
FTHDF_c,14,median_range,304.62208006938954
FTHDF_c,14,median_midpoint,152.31104003469477
FTHDF_c,14,std_range,0.0
FTHDF_c,14,frac_fixed,0.0
FTHDF_c,14,frac_variable,1.0
FTHDF_c,14,frac_bidirectional,0.0
MPCt_m,1,minimum,-1000.0
MPCt_m,1,maximum,212.8460417965466
MPCt_m,1,mean_range,1135.2455457644464
MPCt_m,1,mean_midpoint,-432.3772271177768
MPCt_m,1,median_range,1142.664926679858
MPCt_m,1,median_midpoint,-428.66753666007105
MPCt_m,1,std_range,52.409217538341686
MPCt_m,1,frac_fixed,0.0
MPCt_m,1,frac_variable,1.0
MPCt_m,1,frac_bidirectional,1.0
MPCt_m,2,minimum,-1000.0
MPCt_m,2,maximum,28.179701538016644
MPCt_m,2,mean_range,919.610385082322
MPCt_m,2,mean_midpoint,-540.194807458839
MPCt_m,2,median_range,919.610385082322
MPCt_m,2,median_midpoint,-540.194807458839
MPCt_m,2,std_range,65.35104890228897
MPCt_m,2,frac_fixed,0.0
MPCt_m,2,frac_variable,1.0
MPCt_m,2,frac_bidirectional,0.125
MPCt_m,3,minimum,-1000.0
MPCt_m,3,maximum,213.8049459754525
MPCt_m,3,mean_range,1123.0945730667765
MPCt_m,3,mean_midpoint,-438.45271346661167
MPCt_m,3,median_range,1124.8208342354478
MPCt_m,3,median_midpoint,-437.58958288227603
MPCt_m,3,std_range,53.09344070007491
MPCt_m,3,frac_fixed,0.0
MPCt_m,3,frac_variable,1.0
MPCt_m,3,frac_bidirectional,1.0
MPCt_m,4,minimum,-1000.0
MPCt_m,4,maximum,31.153348193320653
MPCt_m,4,mean_range,1004.3495258782311
MPCt_m,4,mean_midpoint,-497.82523706088443
MPCt_m,4,median_range,1007.7364766828027
MPCt_m,4,median_midpoint,-496.13176165859863
MPCt_m,4,std_range,20.81511216645742
MPCt_m,4,frac_fixed,0.0
MPCt_m,4,frac_variable,1.0
MPCt_m,4,frac_bidirectional,0.6923076923076923
MPCt_m,5,minimum,-1000.0
MPCt_m,5,maximum,-32.02325360884174
MPCt_m,5,mean_range,947.9699200400042
MPCt_m,5,mean_midpoint,-526.0150399799978
MPCt_m,5,median_range,947.9699200401183
MPCt_m,5,median_midpoint,-526.0150399799409
MPCt_m,5,std_range,16.33550531097854
MPCt_m,5,frac_fixed,0.0
MPCt_m,5,frac_variable,1.0
MPCt_m,5,frac_bidirectional,0.0
MPCt_m,6,minimum,-1000.0
MPCt_m,6,maximum,1.2656605557801237
MPCt_m,6,mean_range,926.3422754376439
MPCt_m,6,mean_midpoint,-536.8288622811781
MPCt_m,6,median_range,930.2555719353387
MPCt_m,6,median_midpoint,-534.8722140323306
MPCt_m,6,std_range,48.549115764142016
MPCt_m,6,frac_fixed,0.0
MPCt_m,6,frac_variable,1.0
MPCt_m,6,frac_bidirectional,0.005050505050505051
MPCt_m,7,minimum,-1000.0
MPCt_m,7,maximum,7.22971109948584
MPCt_m,7,mean_range,938.4315873928077
MPCt_m,7,mean_midpoint,-530.7842063035962
MPCt_m,7,median_range,946.7143985541101
MPCt_m,7,median_midpoint,-526.6428007229449
MPCt_m,7,std_range,47.68810563983427
MPCt_m,7,frac_fixed,0.0
MPCt_m,7,frac_variable,1.0
MPCt_m,7,frac_bidirectional,0.05740181268882175
MPCt_m,8,minimum,-1000.0
MPCt_m,8,maximum,35.55214147923512
MPCt_m,8,mean_range,1015.5402461501809
MPCt_m,8,mean_midpoint,-492.22987692490955
MPCt_m,8,median_range,1014.5867904533552
MPCt_m,8,median_midpoint,-492.7066047733224
MPCt_m,8,std_range,8.263162685905545
MPCt_m,8,frac_fixed,0.0
MPCt_m,8,frac_variable,1.0
MPCt_m,8,frac_bidirectional,1.0
MPCt_m,9,minimum,-1000.0
MPCt_m,9,maximum,210.33530715490588
MPCt_m,9,mean_range,1095.5078904926827
MPCt_m,9,mean_midpoint,-452.24605475365865
MPCt_m,9,median_range,1090.0752520260155
MPCt_m,9,median_midpoint,-454.96237398699225
MPCt_m,9,std_range,46.039565832353816
MPCt_m,9,frac_fixed,0.0
MPCt_m,9,frac_variable,1.0
MPCt_m,9,frac_bidirectional,1.0
MPCt_m,10,minimum,-1000.0
MPCt_m,10,maximum,30.671896981213386
MPCt_m,10,mean_range,1015.6100686246618
MPCt_m,10,mean_midpoint,-492.1949656876691
MPCt_m,10,median_range,1016.8126390460884
MPCt_m,10,median_midpoint,-491.5936804769558
MPCt_m,10,std_range,9.564382481611453
MPCt_m,10,frac_fixed,0.0
MPCt_m,10,frac_variable,1.0
MPCt_m,10,frac_bidirectional,0.9259259259259259
MPCt_m,11,minimum,-1000.0
MPCt_m,11,maximum,30.958473450083297
MPCt_m,11,mean_range,1010.7282632608508
MPCt_m,11,mean_midpoint,-494.6358683695746
MPCt_m,11,median_range,1010.31287478184
MPCt_m,11,median_midpoint,-494.84356260908
MPCt_m,11,std_range,13.217834471157435
MPCt_m,11,frac_fixed,0.0
MPCt_m,11,frac_variable,1.0
MPCt_m,11,frac_bidirectional,0.7692307692307693
MPCt_m,12,minimum,-1000.0
MPCt_m,12,maximum,-75.81846116092788
MPCt_m,12,mean_range,860.3733538705781
MPCt_m,12,mean_midpoint,-569.813323064711
MPCt_m,12,median_range,860.5959269082182
MPCt_m,12,median_midpoint,-569.7020365458909
MPCt_m,12,std_range,38.250243449819635
MPCt_m,12,frac_fixed,0.0
MPCt_m,12,frac_variable,1.0
MPCt_m,12,frac_bidirectional,0.0
MPCt_m,13,minimum,-1000.0
MPCt_m,13,maximum,-207.73561380207593
MPCt_m,13,mean_range,792.2643861979241
MPCt_m,13,mean_midpoint,-603.867806901038
MPCt_m,13,median_range,792.2643861979241
MPCt_m,13,median_midpoint,-603.867806901038
MPCt_m,13,std_range,0.0
MPCt_m,13,frac_fixed,0.0
MPCt_m,13,frac_variable,1.0
MPCt_m,13,frac_bidirectional,0.0
MPCt_m,14,minimum,-1000.0
MPCt_m,14,maximum,218.48832027755944
MPCt_m,14,mean_range,1218.4883202775595
MPCt_m,14,mean_midpoint,-390.7558398612203
MPCt_m,14,median_range,1218.4883202775595
MPCt_m,14,median_midpoint,-390.7558398612203
MPCt_m,14,std_range,0.0
MPCt_m,14,frac_fixed,0.0
MPCt_m,14,frac_variable,1.0
MPCt_m,14,frac_bidirectional,1.0
ALATA_L_m,1,minimum,-220.85284308676285
ALATA_L_m,1,maximum,1000.0
ALATA_L_m,1,mean_range,1134.7583071495233
ALATA_L_m,1,mean_midpoint,432.62084642523837
ALATA_L_m,1,median_range,1141.8403355650123
ALATA_L_m,1,median_midpoint,429.07983221749384
ALATA_L_m,1,std_range,57.19103293423316
ALATA_L_m,1,frac_fixed,0.0
ALATA_L_m,1,frac_variable,1.0
ALATA_L_m,1,frac_bidirectional,1.0
ALATA_L_m,2,minimum,-20.111492620908166
ALATA_L_m,2,maximum,1000.0
ALATA_L_m,2,mean_range,904.5047112444995
ALATA_L_m,2,mean_midpoint,547.7476443777502
ALATA_L_m,2,median_range,906.3453407221738
ALATA_L_m,2,median_midpoint,546.8273296389132
ALATA_L_m,2,std_range,70.97583982092482
ALATA_L_m,2,frac_fixed,0.0
ALATA_L_m,2,frac_variable,1.0
ALATA_L_m,2,frac_bidirectional,0.125
ALATA_L_m,3,minimum,-222.42876397607756
ALATA_L_m,3,maximum,1000.0
ALATA_L_m,3,mean_range,1129.414832790364
ALATA_L_m,3,mean_midpoint,435.29258360481805
ALATA_L_m,3,median_range,1131.1849317592346
ALATA_L_m,3,median_midpoint,434.40753412038265
ALATA_L_m,3,std_range,54.44173010579074
ALATA_L_m,3,frac_fixed,0.0
ALATA_L_m,3,frac_variable,1.0
ALATA_L_m,3,frac_bidirectional,1.0
ALATA_L_m,4,minimum,-35.13879258358054
ALATA_L_m,4,maximum,1000.0
ALATA_L_m,4,mean_range,1005.6903415182738
ALATA_L_m,4,mean_midpoint,497.1548292408631
ALATA_L_m,4,median_range,1011.1272577896759
ALATA_L_m,4,median_midpoint,494.43637110516204
ALATA_L_m,4,std_range,25.029811386495716
ALATA_L_m,4,frac_fixed,0.0
ALATA_L_m,4,frac_variable,1.0
ALATA_L_m,4,frac_bidirectional,0.7692307692307693
ALATA_L_m,5,minimum,39.18174127759289
ALATA_L_m,5,maximum,1000.0
ALATA_L_m,5,mean_range,934.2880017683533
ALATA_L_m,5,mean_midpoint,532.8559991158235
ALATA_L_m,5,median_range,934.2880017683842
ALATA_L_m,5,median_midpoint,532.8559991158079
ALATA_L_m,5,std_range,21.661864094131634
ALATA_L_m,5,frac_fixed,0.0
ALATA_L_m,5,frac_variable,1.0
ALATA_L_m,5,frac_bidirectional,0.0
ALATA_L_m,6,minimum,0.35649306175889706
ALATA_L_m,6,maximum,1000.0
ALATA_L_m,6,mean_range,911.8348241076336
ALATA_L_m,6,mean_midpoint,544.0825879461831
ALATA_L_m,6,median_range,918.7283011239451
ALATA_L_m,6,median_midpoint,540.6358494380274
ALATA_L_m,6,std_range,59.69372639672669
ALATA_L_m,6,frac_fixed,0.0
ALATA_L_m,6,frac_variable,1.0
ALATA_L_m,6,frac_bidirectional,0.0
ALATA_L_m,7,minimum,1.1286735160861454
ALATA_L_m,7,maximum,1000.0
ALATA_L_m,7,mean_range,927.3804839822797
ALATA_L_m,7,mean_midpoint,536.3097580088601
ALATA_L_m,7,median_range,937.2544889705283
ALATA_L_m,7,median_midpoint,531.3727555147359
ALATA_L_m,7,std_range,52.4547128679216
ALATA_L_m,7,frac_fixed,0.0
ALATA_L_m,7,frac_variable,1.0
ALATA_L_m,7,frac_bidirectional,0.0
ALATA_L_m,8,minimum,-28.045805607846432
ALATA_L_m,8,maximum,1000.0
ALATA_L_m,8,mean_range,1010.6570689428748
ALATA_L_m,8,mean_midpoint,494.6714655285626
ALATA_L_m,8,median_range,1009.3842679421059
ALATA_L_m,8,median_midpoint,495.30786602894705
ALATA_L_m,8,std_range,7.210012009983445
ALATA_L_m,8,frac_fixed,0.0
ALATA_L_m,8,frac_variable,1.0
ALATA_L_m,8,frac_bidirectional,1.0
ALATA_L_m,9,minimum,-218.48180145263723
ALATA_L_m,9,maximum,1000.0
ALATA_L_m,9,mean_range,1096.228214880639
ALATA_L_m,9,mean_midpoint,451.88589255968054
ALATA_L_m,9,median_range,1090.5150483790255
ALATA_L_m,9,median_midpoint,454.74247581048724
ALATA_L_m,9,std_range,48.52704777011255
ALATA_L_m,9,frac_fixed,0.0
ALATA_L_m,9,frac_variable,1.0
ALATA_L_m,9,frac_bidirectional,1.0
ALATA_L_m,10,minimum,-32.92332369277051
ALATA_L_m,10,maximum,1000.0
ALATA_L_m,10,mean_range,1016.9402702948233
ALATA_L_m,10,mean_midpoint,491.52986485258833
ALATA_L_m,10,median_range,1017.7969246597642
ALATA_L_m,10,median_midpoint,491.1015376701179
ALATA_L_m,10,std_range,9.925549330953093
ALATA_L_m,10,frac_fixed,0.0
ALATA_L_m,10,frac_variable,1.0
ALATA_L_m,10,frac_bidirectional,0.9629629629629629
ALATA_L_m,11,minimum,-34.084898632106615
ALATA_L_m,11,maximum,1000.0
ALATA_L_m,11,mean_range,1013.2578043730505
ALATA_L_m,11,mean_midpoint,493.37109781347476
ALATA_L_m,11,median_range,1013.3985961135667
ALATA_L_m,11,median_midpoint,493.30070194321667
ALATA_L_m,11,std_range,14.399537086451298
ALATA_L_m,11,frac_fixed,0.0
ALATA_L_m,11,frac_variable,1.0
ALATA_L_m,11,frac_bidirectional,0.8461538461538461
ALATA_L_m,12,minimum,97.32723155122825
ALATA_L_m,12,maximum,1000.0
ALATA_L_m,12,mean_range,823.0117949733169
ALATA_L_m,12,mean_midpoint,588.4941025133415
ALATA_L_m,12,median_range,823.2581106920366
ALATA_L_m,12,median_midpoint,588.3709446539817
ALATA_L_m,12,std_range,47.51974836486298
ALATA_L_m,12,frac_fixed,0.0
ALATA_L_m,12,frac_variable,1.0
ALATA_L_m,12,frac_bidirectional,0.0
ALATA_L_m,13,minimum,261.5485593473017
ALATA_L_m,13,maximum,1000.0
ALATA_L_m,13,mean_range,738.4514406526982
ALATA_L_m,13,mean_midpoint,630.7742796736509
ALATA_L_m,13,median_range,738.4514406526982
ALATA_L_m,13,median_midpoint,630.7742796736509
ALATA_L_m,13,std_range,0.0
ALATA_L_m,13,frac_fixed,0.0
ALATA_L_m,13,frac_variable,1.0
ALATA_L_m,13,frac_bidirectional,0.0
ALATA_L_m,14,minimum,-227.2310709348656
ALATA_L_m,14,maximum,1000.0
ALATA_L_m,14,mean_range,1227.2310709348656
ALATA_L_m,14,mean_midpoint,386.3844645325672
ALATA_L_m,14,median_range,1227.2310709348656
ALATA_L_m,14,median_midpoint,386.3844645325672
ALATA_L_m,14,std_range,0.0
ALATA_L_m,14,frac_fixed,0.0
ALATA_L_m,14,frac_variable,1.0
ALATA_L_m,14,frac_bidirectional,1.0
ANTHt_h,1,minimum,-1.1039240506329098
ANTHt_h,1,maximum,0.0
ANTHt_h,1,mean_range,0.69424556962025
ANTHt_h,1,mean_midpoint,-0.347122784810125
ANTHt_h,1,median_range,0.7972784810126574
ANTHt_h,1,median_midpoint,-0.3986392405063287
ANTHt_h,1,std_range,0.32604551761782824
ANTHt_h,1,frac_fixed,0.0
ANTHt_h,1,frac_variable,1.0
ANTHt_h,1,frac_bidirectional,0.0
ANTHt_h,2,minimum,-0.8410849909583745
ANTHt_h,2,maximum,0.0
ANTHt_h,2,mean_range,0.43806509945751565
ANTHt_h,2,mean_midpoint,-0.21903254972875782
ANTHt_h,2,median_range,0.4380650994575228
ANTHt_h,2,median_midpoint,-0.2190325497287614
ANTHt_h,2,std_range,0.2425894672443306
ANTHt_h,2,frac_fixed,0.0
ANTHt_h,2,frac_variable,1.0
ANTHt_h,2,frac_bidirectional,0.0
ANTHt_h,3,minimum,-0.004429176935461694
ANTHt_h,3,maximum,-0.00011090115244608368
ANTHt_h,3,mean_range,-3.4204688092233425e-14
ANTHt_h,3,mean_midpoint,-0.0022589004891172167
ANTHt_h,3,median_range,-3.362197673051348e-14
ANTHt_h,3,median_midpoint,-0.0022180230489026046
ANTHt_h,3,std_range,1.2722570416358554e-13
ANTHt_h,3,frac_fixed,1.0
ANTHt_h,3,frac_variable,0.0
ANTHt_h,3,frac_bidirectional,0.0
ANTHt_h,4,minimum,-0.00543415646975598
ANTHt_h,4,maximum,-0.004436046097843347
ANTHt_h,4,mean_range,-5.014058078990101e-14
ANTHt_h,4,mean_midpoint,-0.0049643663331760965
ANTHt_h,4,median_range,-6.046638884038558e-14
ANTHt_h,4,median_midpoint,-0.00499055186001866
ANTHt_h,4,std_range,9.53531452394476e-14
ANTHt_h,4,frac_fixed,1.0
ANTHt_h,4,frac_variable,0.0
ANTHt_h,4,frac_bidirectional,0.0
ANTHt_h,5,minimum,-0.05692198346835089
ANTHt_h,5,maximum,-0.005212354164965932
ANTHt_h,5,mean_range,0.02894926706284412
ANTHt_h,5,mean_midpoint,-0.019797888848834076
ANTHt_h,5,median_range,0.028949267062961238
ANTHt_h,5,median_midpoint,-0.019797888848892636
ANTHt_h,5,std_range,0.018583757950125922
ANTHt_h,5,frac_fixed,0.0
ANTHt_h,5,frac_variable,1.0
ANTHt_h,5,frac_bidirectional,0.0
ANTHt_h,6,minimum,-0.26673678218368924
ANTHt_h,6,maximum,-0.00033270345733825104
ANTHt_h,6,mean_range,0.09301268938188191
ANTHt_h,6,mean_midpoint,-0.04950627687529057
ANTHt_h,6,median_range,0.08204128496944316
ANTHt_h,6,median_midpoint,-0.044292226481881046
ANTHt_h,6,std_range,0.06540034800793235
ANTHt_h,6,frac_fixed,0.0
ANTHt_h,6,frac_variable,1.0
ANTHt_h,6,frac_bidirectional,0.0
ANTHt_h,7,minimum,-0.7483451139571243
ANTHt_h,7,maximum,-0.00011090115244608368
ANTHt_h,7,mean_range,0.34690725999819744
ANTHt_h,7,mean_midpoint,-0.17463836255211793
ANTHt_h,7,median_range,0.3316908343323293
ANTHt_h,7,median_midpoint,-0.1676688639742872
ANTHt_h,7,std_range,0.15717794111282674
ANTHt_h,7,frac_fixed,0.0
ANTHt_h,7,frac_variable,1.0
ANTHt_h,7,frac_bidirectional,0.0
ANTHt_h,8,minimum,-0.853480737826865
ANTHt_h,8,maximum,-0.00011090115244608368
ANTHt_h,8,mean_range,0.5313938691492917
ANTHt_h,8,mean_midpoint,-0.2676429857497115
ANTHt_h,8,median_range,0.5522473692843606
ANTHt_h,8,median_midpoint,-0.2777872019288716
ANTHt_h,8,std_range,0.1896970636055188
ANTHt_h,8,frac_fixed,0.0
ANTHt_h,8,frac_variable,1.0
ANTHt_h,8,frac_bidirectional,0.0
ANTHt_h,9,minimum,-1.0825364717824129
ANTHt_h,9,maximum,-0.00011090115244608368
ANTHt_h,9,mean_range,0.4694627035897738
ANTHt_h,9,mean_midpoint,-0.23642215583261944
ANTHt_h,9,median_range,0.4533028009644938
ANTHt_h,9,median_midpoint,-0.22842581892138425
ANTHt_h,9,std_range,0.28159688306446046
ANTHt_h,9,frac_fixed,0.0
ANTHt_h,9,frac_variable,1.0
ANTHt_h,9,frac_bidirectional,0.0
ANTHt_h,10,minimum,-0.3060660554379095
ANTHt_h,10,maximum,-0.0038815403356129287
ANTHt_h,10,mean_range,0.18886013539849308
ANTHt_h,10,mean_midpoint,-0.09884146909654631
ANTHt_h,10,median_range,0.1882718027467996
ANTHt_h,10,median_midpoint,-0.09868284862368923
ANTHt_h,10,std_range,0.06263871995639594
ANTHt_h,10,frac_fixed,0.0
ANTHt_h,10,frac_variable,1.0
ANTHt_h,10,frac_bidirectional,0.0
ANTHt_h,11,minimum,-0.10154146728380942
ANTHt_h,11,maximum,-0.0043251449453972635
ANTHt_h,11,mean_range,0.04997270218614576
ANTHt_h,11,mean_midpoint,-0.02981481665341775
ANTHt_h,11,median_range,0.05366485657024833
ANTHt_h,11,median_midpoint,-0.03193388129764402
ANTHt_h,11,std_range,0.02685359755729249
ANTHt_h,11,frac_fixed,0.0
ANTHt_h,11,frac_variable,1.0
ANTHt_h,11,frac_bidirectional,0.0
ANTHt_h,12,minimum,-0.005545057622161969
ANTHt_h,12,maximum,-0.00011090115244608368
ANTHt_h,12,mean_range,-2.917395005283879e-14
ANTHt_h,12,mean_midpoint,-0.002823903922386897
ANTHt_h,12,median_range,-3.2397912477777346e-14
ANTHt_h,12,median_midpoint,-0.0028279793873931514
ANTHt_h,12,std_range,1.1255980825305676e-13
ANTHt_h,12,frac_fixed,1.0
ANTHt_h,12,frac_variable,0.0
ANTHt_h,12,frac_bidirectional,0.0
ANTHt_h,13,minimum,0.0
ANTHt_h,13,maximum,0.0
ANTHt_h,13,mean_range,0.0
ANTHt_h,13,mean_midpoint,0.0
ANTHt_h,13,median_range,0.0
ANTHt_h,13,median_midpoint,0.0
ANTHt_h,13,std_range,0.0
ANTHt_h,13,frac_fixed,1.0
ANTHt_h,13,frac_variable,0.0
ANTHt_h,13,frac_bidirectional,0.0
ANTHt_h,14,minimum,0.0
ANTHt_h,14,maximum,0.0
ANTHt_h,14,mean_range,0.0
ANTHt_h,14,mean_midpoint,0.0
ANTHt_h,14,median_range,0.0
ANTHt_h,14,median_midpoint,0.0
ANTHt_h,14,std_range,0.0
ANTHt_h,14,frac_fixed,1.0
ANTHt_h,14,frac_variable,0.0
ANTHt_h,14,frac_bidirectional,0.0
ALATA_L_c,1,minimum,-1000.0
ALATA_L_c,1,maximum,220.8528430867641
ALATA_L_c,1,mean_range,1134.7583071495233
ALATA_L_c,1,mean_midpoint,-432.62084642523837
ALATA_L_c,1,median_range,1141.840335565012
ALATA_L_c,1,median_midpoint,-429.0798322174939
ALATA_L_c,1,std_range,57.191032934233256
ALATA_L_c,1,frac_fixed,0.0
ALATA_L_c,1,frac_variable,1.0
ALATA_L_c,1,frac_bidirectional,1.0
ALATA_L_c,2,minimum,-1000.0
ALATA_L_c,2,maximum,20.111492620907256
ALATA_L_c,2,mean_range,904.5047112444996
ALATA_L_c,2,mean_midpoint,-547.7476443777501
ALATA_L_c,2,median_range,906.345340722175
ALATA_L_c,2,median_midpoint,-546.8273296389125
ALATA_L_c,2,std_range,70.97583982092475
ALATA_L_c,2,frac_fixed,0.0
ALATA_L_c,2,frac_variable,1.0
ALATA_L_c,2,frac_bidirectional,0.125
ALATA_L_c,3,minimum,-1000.0
ALATA_L_c,3,maximum,222.42747861557586
ALATA_L_c,3,mean_range,1129.3886518048464
ALATA_L_c,3,mean_midpoint,-435.3056740975768
ALATA_L_c,3,median_range,1131.159224549184
ALATA_L_c,3,median_midpoint,-434.420387725408
ALATA_L_c,3,std_range,54.45630169609523
ALATA_L_c,3,frac_fixed,0.0
ALATA_L_c,3,frac_variable,1.0
ALATA_L_c,3,frac_bidirectional,1.0
ALATA_L_c,4,minimum,-1000.0
ALATA_L_c,4,maximum,35.08737816351872
ALATA_L_c,4,mean_range,1005.6328037898109
ALATA_L_c,4,mean_midpoint,-497.1835981050946
ALATA_L_c,4,median_range,1011.0694165671309
ALATA_L_c,4,median_midpoint,-494.46529171643454
ALATA_L_c,4,std_range,25.033075801182694
ALATA_L_c,4,frac_fixed,0.0
ALATA_L_c,4,frac_variable,1.0
ALATA_L_c,4,frac_bidirectional,0.7692307692307693
ALATA_L_c,5,minimum,-1000.0
ALATA_L_c,5,maximum,-39.24215322118468
ALATA_L_c,5,mean_range,934.2263044642656
ALATA_L_c,5,mean_midpoint,-532.8868477678672
ALATA_L_c,5,median_range,934.2263044641331
ALATA_L_c,5,median_midpoint,-532.8868477679334
ALATA_L_c,5,std_range,21.66291358651501
ALATA_L_c,5,frac_fixed,0.0
ALATA_L_c,5,frac_variable,1.0
ALATA_L_c,5,frac_bidirectional,0.0
ALATA_L_c,6,minimum,-1000.0
ALATA_L_c,6,maximum,-0.4014806793076048
ALATA_L_c,6,mean_range,911.8000544568876
ALATA_L_c,6,mean_midpoint,-544.0999727715563
ALATA_L_c,6,median_range,918.6858842273232
ALATA_L_c,6,median_midpoint,-540.6570578863384
ALATA_L_c,6,std_range,59.6840304370458
ALATA_L_c,6,frac_fixed,0.0
ALATA_L_c,6,frac_variable,1.0
ALATA_L_c,6,frac_bidirectional,0.0
ALATA_L_c,7,minimum,-1000.0
ALATA_L_c,7,maximum,-1.1620928891232296
ALATA_L_c,7,mean_range,927.3667527595201
ALATA_L_c,7,mean_midpoint,-536.31662362024
ALATA_L_c,7,median_range,937.2390646445135
ALATA_L_c,7,median_midpoint,-531.3804676777432
ALATA_L_c,7,std_range,52.45008066992704
ALATA_L_c,7,frac_fixed,0.0
ALATA_L_c,7,frac_variable,1.0
ALATA_L_c,7,frac_bidirectional,0.0
ALATA_L_c,8,minimum,-1000.0
ALATA_L_c,8,maximum,28.0445202473431
ALATA_L_c,8,mean_range,1010.6345139264562
ALATA_L_c,8,mean_midpoint,-494.6827430367719
ALATA_L_c,8,median_range,1009.3482778480684
ALATA_L_c,8,median_midpoint,-495.3258610759658
ALATA_L_c,8,std_range,7.216402254662718
ALATA_L_c,8,frac_fixed,0.0
ALATA_L_c,8,frac_variable,1.0
ALATA_L_c,8,frac_bidirectional,1.0
ALATA_L_c,9,minimum,-1000.0
ALATA_L_c,9,maximum,218.48051609214315
ALATA_L_c,9,mean_range,1096.2086182156988
ALATA_L_c,9,mean_midpoint,-451.89569089215047
ALATA_L_c,9,median_range,1090.4893411689952
ALATA_L_c,9,median_midpoint,-454.7553294155024
ALATA_L_c,9,std_range,48.53438549285253
ALATA_L_c,9,frac_fixed,0.0
ALATA_L_c,9,frac_variable,1.0
ALATA_L_c,9,frac_bidirectional,1.0
ALATA_L_c,10,minimum,-1000.0
ALATA_L_c,10,maximum,32.874479993693626
ALATA_L_c,10,mean_range,1016.8891415104304
ALATA_L_c,10,mean_midpoint,-491.5554292447847
ALATA_L_c,10,median_range,1017.7519370422078
ALATA_L_c,10,median_midpoint,-491.1240314788961
ALATA_L_c,10,std_range,9.927999493506247
ALATA_L_c,10,frac_fixed,0.0
ALATA_L_c,10,frac_variable,1.0
ALATA_L_c,10,frac_bidirectional,0.9629629629629629
ALATA_L_c,11,minimum,-1000.0
ALATA_L_c,11,maximum,34.0347695725485
ALATA_L_c,11,mean_range,1013.2018417542984
ALATA_L_c,11,mean_midpoint,-493.3990791228508
ALATA_L_c,11,median_range,1013.3420402514954
ALATA_L_c,11,median_midpoint,-493.3289798742523
ALATA_L_c,11,std_range,14.402746839375602
ALATA_L_c,11,frac_fixed,0.0
ALATA_L_c,11,frac_variable,1.0
ALATA_L_c,11,frac_bidirectional,0.8461538461538461
ALATA_L_c,12,minimum,-1000.0
ALATA_L_c,12,maximum,-97.3914995764809
ALATA_L_c,12,mean_range,822.9790655118153
ALATA_L_c,12,mean_midpoint,-588.5104672440924
ALATA_L_c,12,median_range,823.2253339992342
ALATA_L_c,12,median_midpoint,-588.387333000383
ALATA_L_c,12,std_range,47.50130689230998
ALATA_L_c,12,frac_fixed,0.0
ALATA_L_c,12,frac_variable,1.0
ALATA_L_c,12,frac_bidirectional,0.0
ALATA_L_c,13,minimum,-1000.0
ALATA_L_c,13,maximum,-261.5485593473012
ALATA_L_c,13,mean_range,738.4514406526988
ALATA_L_c,13,mean_midpoint,-630.7742796736507
ALATA_L_c,13,median_range,738.4514406526988
ALATA_L_c,13,median_midpoint,-630.7742796736507
ALATA_L_c,13,std_range,0.0
ALATA_L_c,13,frac_fixed,0.0
ALATA_L_c,13,frac_variable,1.0
ALATA_L_c,13,frac_bidirectional,0.0
ALATA_L_c,14,minimum,-1000.0
ALATA_L_c,14,maximum,227.2310709348656
ALATA_L_c,14,mean_range,1227.2310709348656
ALATA_L_c,14,mean_midpoint,-386.3844645325672
ALATA_L_c,14,median_range,1227.2310709348656
ALATA_L_c,14,median_midpoint,-386.3844645325672
ALATA_L_c,14,std_range,0.0
ALATA_L_c,14,frac_fixed,0.0
ALATA_L_c,14,frac_variable,1.0
ALATA_L_c,14,frac_bidirectional,1.0
EX_so4_e,1,minimum,-1.5165017261219802
EX_so4_e,1,maximum,0.0
EX_so4_e,1,mean_range,0.997322899884924
EX_so4_e,1,mean_midpoint,-0.498661449942462
EX_so4_e,1,median_range,1.1596777905638653
EX_so4_e,1,median_midpoint,-0.5798388952819327
EX_so4_e,1,std_range,0.42663968367144756
EX_so4_e,1,frac_fixed,0.0
EX_so4_e,1,frac_variable,1.0
EX_so4_e,1,frac_bidirectional,0.0
EX_so4_e,2,minimum,-1.070471806674338
EX_so4_e,2,maximum,0.0
EX_so4_e,2,mean_range,0.5575373993095516
EX_so4_e,2,mean_midpoint,-0.2787686996547758
EX_so4_e,2,median_range,0.5575373993095517
EX_so4_e,2,median_midpoint,-0.27876869965477585
EX_so4_e,2,std_range,0.30875023103826665
EX_so4_e,2,frac_fixed,0.0
EX_so4_e,2,frac_variable,1.0
EX_so4_e,2,frac_bidirectional,0.0
EX_so4_e,3,minimum,-0.025716283574929832
EX_so4_e,3,maximum,-0.0006439041669767213
EX_so4_e,3,mean_range,-1.95581234645847e-14
EX_so4_e,3,mean_midpoint,-0.013115422208487534
EX_so4_e,3,median_range,-1.3211653993039363e-14
EX_so4_e,3,median_midpoint,-0.012878083339600499
EX_so4_e,3,std_range,1.5228043922900159e-13
EX_so4_e,3,frac_fixed,1.0
EX_so4_e,3,frac_variable,0.0
EX_so4_e,3,frac_bidirectional,0.0
EX_so4_e,4,minimum,-0.03155130418173213
EX_so4_e,4,maximum,-0.02575616667906644
EX_so4_e,4,mean_range,-9.14823772291129e-14
EX_so4_e,4,mean_midpoint,-0.028823651493577854
EX_so4_e,4,median_range,-5.1514348342607263e-14
EX_so4_e,4,median_midpoint,-0.02897568751395241
EX_so4_e,4,std_range,1.437613412603662e-13
EX_so4_e,4,frac_fixed,1.0
EX_so4_e,4,frac_variable,0.0
EX_so4_e,4,frac_bidirectional,0.0
EX_so4_e,5,minimum,-0.09607575132488477
EX_so4_e,5,maximum,-0.030263495847905886
EX_so4_e,5,mean_range,0.03684452171616807
EX_so4_e,5,mean_midpoint,-0.04932966087296664
EX_so4_e,5,median_range,0.036844521716227874
EX_so4_e,5,median_midpoint,-0.049329660872996506
EX_so4_e,5,std_range,0.023652055572951105
EX_so4_e,5,frac_fixed,0.0
EX_so4_e,5,frac_variable,1.0
EX_so4_e,5,frac_bidirectional,0.0
EX_so4_e,6,minimum,-0.3545658946952577
EX_so4_e,6,maximum,-0.0019317125009301606
EX_so4_e,6,mean_range,0.1183797864860199
EX_so4_e,6,mean_midpoint,-0.07660782616385493
EX_so4_e,6,median_range,0.10441618087014728
EX_so4_e,6,median_midpoint,-0.06966171145861896
EX_so4_e,6,std_range,0.0832368065555447
EX_so4_e,6,frac_fixed,0.0
EX_so4_e,6,frac_variable,1.0
EX_so4_e,6,frac_bidirectional,0.0
EX_so4_e,7,minimum,-0.9529419931910446
EX_so4_e,7,maximum,-0.0006439041669761281
EX_so4_e,7,mean_range,0.4415183309067674
EX_so4_e,7,mean_midpoint,-0.22763785166011993
EX_so4_e,7,median_range,0.4221519709681928
EX_so4_e,7,median_midpoint,-0.22071963407395803
EX_so4_e,7,std_range,0.2000446523253991
EX_so4_e,7,frac_fixed,0.0
EX_so4_e,7,frac_variable,1.0
EX_so4_e,7,frac_bidirectional,0.0
EX_so4_e,8,minimum,-1.0867509690253208
EX_so4_e,8,maximum,-0.000643904166976714
EX_so4_e,8,mean_range,0.6763194698263841
EX_so4_e,8,mean_midpoint,-0.3494587199384741
EX_so4_e,8,median_range,0.7028602881801411
EX_so4_e,8,median_midpoint,-0.361088706594722
EX_so4_e,8,std_range,0.24143262640700944
EX_so4_e,8,frac_fixed,0.0
EX_so4_e,8,frac_variable,1.0
EX_so4_e,8,frac_bidirectional,0.0
EX_so4_e,9,minimum,-1.48817789652818
EX_so4_e,9,maximum,-0.0006439041669765722
EX_so4_e,9,mean_range,0.6769904816477658
EX_so4_e,9,mean_midpoint,-0.34831223317629595
EX_so4_e,9,median_range,0.6756885483300401
EX_so4_e,9,median_midpoint,-0.3507257367632531
EX_so4_e,9,std_range,0.3802170631167516
EX_so4_e,9,frac_fixed,0.0
EX_so4_e,9,frac_variable,1.0
EX_so4_e,9,frac_bidirectional,0.0
EX_so4_e,10,minimum,-0.4192663367340179
EX_so4_e,10,maximum,-0.02253664584418516
EX_so4_e,10,mean_range,0.2622691857409096
EX_so4_e,10,mean_midpoint,-0.15674766973463983
EX_so4_e,10,median_range,0.26291773227236703
EX_so4_e,10,median_midpoint,-0.15592722448130125
EX_so4_e,10,std_range,0.08024891868816195
EX_so4_e,10,frac_fixed,0.0
EX_so4_e,10,frac_variable,1.0
EX_so4_e,10,frac_bidirectional,0.0
EX_so4_e,11,minimum,-0.18299068986887135
EX_so4_e,11,maximum,-0.025112262512091997
EX_so4_e,11,mean_range,0.07995632349787239
EX_so4_e,11,mean_midpoint,-0.06801275855730729
EX_so4_e,11,median_range,0.08586377051225502
EX_so4_e,11,median_midpoint,-0.07255147693705671
EX_so4_e,11,std_range,0.04296575609171793
EX_so4_e,11,frac_fixed,0.0
EX_so4_e,11,frac_variable,1.0
EX_so4_e,11,frac_bidirectional,0.0
EX_so4_e,12,minimum,-0.03219520834883571
EX_so4_e,12,maximum,-0.0006439041669770162
EX_so4_e,12,mean_range,-1.984533440780975e-14
EX_so4_e,12,mean_midpoint,-0.016395893664487623
EX_so4_e,12,median_range,-7.745540320236444e-16
EX_so4_e,12,median_midpoint,-0.016419556257906684
EX_so4_e,12,std_range,3.6209851222275885e-14
EX_so4_e,12,frac_fixed,1.0
EX_so4_e,12,frac_variable,0.0
EX_so4_e,12,frac_bidirectional,0.0
EX_so4_e,13,minimum,0.0
EX_so4_e,13,maximum,0.0
EX_so4_e,13,mean_range,0.0
EX_so4_e,13,mean_midpoint,0.0
EX_so4_e,13,median_range,0.0
EX_so4_e,13,median_midpoint,0.0
EX_so4_e,13,std_range,0.0
EX_so4_e,13,frac_fixed,1.0
EX_so4_e,13,frac_variable,0.0
EX_so4_e,13,frac_bidirectional,0.0
EX_so4_e,14,minimum,0.0
EX_so4_e,14,maximum,0.0
EX_so4_e,14,mean_range,0.0
EX_so4_e,14,mean_midpoint,0.0
EX_so4_e,14,median_range,0.0
EX_so4_e,14,median_midpoint,0.0
EX_so4_e,14,std_range,0.0
EX_so4_e,14,frac_fixed,1.0
EX_so4_e,14,frac_variable,0.0
EX_so4_e,14,frac_bidirectional,0.0
SO4t_e,1,minimum,-803.2115104491368
SO4t_e,1,maximum,6.132911392404935
SO4t_e,1,mean_range,786.4027147214063
SO4t_e,1,mean_midpoint,-390.0122434366525
SO4t_e,1,median_range,788.6491978153034
SO4t_e,1,median_midpoint,-391.1354849836012
SO4t_e,1,std_range,12.007661292765462
SO4t_e,1,frac_fixed,0.0
SO4t_e,1,frac_variable,1.0
SO4t_e,1,frac_bidirectional,1.0
SO4t_e,2,minimum,-755.0278731552265
SO4t_e,2,maximum,12.020506329113964
SO4t_e,2,mean_range,735.3255448997326
SO4t_e,2,mean_midpoint,-358.46340536125854
SO4t_e,2,median_range,735.7857022691513
SO4t_e,2,median_midpoint,-358.6934840459679
SO4t_e,2,std_range,16.04658345213766
SO4t_e,2,frac_fixed,0.0
SO4t_e,2,frac_variable,1.0
SO4t_e,2,frac_bidirectional,1.0
SO4t_e,3,minimum,-803.5005014892367
SO4t_e,3,maximum,-0.01782827163060811
SO4t_e,3,mean_range,781.4139651124651
SO4t_e,3,mean_midpoint,-391.070119373294
SO4t_e,3,median_range,781.8339430336429
SO4t_e,3,median_midpoint,-391.27353694944424
SO4t_e,3,std_range,12.916975286685851
SO4t_e,3,frac_fixed,0.0
SO4t_e,3,frac_variable,1.0
SO4t_e,3,frac_bidirectional,0.0
SO4t_e,4,minimum,-759.7589368631611
SO4t_e,4,maximum,-0.71313086524043
SO4t_e,4,mean_range,753.0501278197735
SO4t_e,4,mean_midpoint,-377.3231265946472
SO4t_e,4,median_range,753.3487717389866
SO4t_e,4,median_midpoint,-377.47665809289066
SO4t_e,4,std_range,4.089048517418526
SO4t_e,4,frac_fixed,0.0
SO4t_e,4,frac_variable,1.0
SO4t_e,4,frac_bidirectional,0.0
SO4t_e,5,minimum,-746.832093557349
SO4t_e,5,maximum,-0.08996484272040917
SO4t_e,5,mean_range,741.7289184788593
SO4t_e,5,mean_midpoint,-371.14424019380857
SO4t_e,5,median_range,742.5372016386821
SO4t_e,5,median_midpoint,-371.5483817737206
SO4t_e,5,std_range,4.460021819430856
SO4t_e,5,frac_fixed,0.0
SO4t_e,5,frac_variable,1.0
SO4t_e,5,frac_bidirectional,0.0
SO4t_e,6,minimum,-750.0792263282128
SO4t_e,6,maximum,11.48949984968451
SO4t_e,6,mean_range,734.6268037810365
SO4t_e,6,mean_midpoint,-362.5844427975222
SO4t_e,6,median_range,736.3525269949394
SO4t_e,6,median_midpoint,-364.02980071572887
SO4t_e,6,std_range,11.819793851237549
SO4t_e,6,frac_fixed,0.0
SO4t_e,6,frac_variable,1.0
SO4t_e,6,frac_bidirectional,1.0
SO4t_e,7,minimum,-749.7262182860604
SO4t_e,7,maximum,11.925276321202483
SO4t_e,7,mean_range,739.0768404226699
SO4t_e,7,mean_midpoint,-362.42027692975256
SO4t_e,7,median_range,741.0248594984776
SO4t_e,7,median_midpoint,-363.78514770957975
SO4t_e,7,std_range,11.214368925451955
SO4t_e,7,frac_fixed,0.0
SO4t_e,7,frac_variable,1.0
SO4t_e,7,frac_bidirectional,1.0
SO4t_e,8,minimum,-757.0117739660054
SO4t_e,8,maximum,6.528314295886603
SO4t_e,8,mean_range,756.7483844790202
SO4t_e,8,mean_midpoint,-374.29491760135596
SO4t_e,8,median_range,756.6872342324798
SO4t_e,8,median_midpoint,-374.46306870286685
SO4t_e,8,std_range,2.7723740403089994
SO4t_e,8,frac_fixed,0.0
SO4t_e,8,frac_variable,1.0
SO4t_e,8,frac_bidirectional,1.0
SO4t_e,9,minimum,-802.5844706928957
SO4t_e,9,maximum,5.792364928798307
SO4t_e,9,mean_range,775.6346431068595
SO4t_e,9,mean_midpoint,-385.8434236099761
SO4t_e,9,median_range,774.3864914355778
SO4t_e,9,median_midpoint,-385.1466942450679
SO4t_e,9,std_range,11.189383218347707
SO4t_e,9,frac_fixed,0.0
SO4t_e,9,frac_variable,1.0
SO4t_e,9,frac_bidirectional,0.9507908611599297
SO4t_e,10,minimum,-758.2254554080246
SO4t_e,10,maximum,1.32796238133944
SO4t_e,10,mean_range,754.9552307292512
SO4t_e,10,mean_midpoint,-376.9408152011099
SO4t_e,10,median_range,755.1755261638008
SO4t_e,10,median_midpoint,-376.80854776459313
SO4t_e,10,std_range,2.1554749036260934
SO4t_e,10,frac_fixed,0.0
SO4t_e,10,frac_variable,1.0
SO4t_e,10,frac_bidirectional,1.0
SO4t_e,11,minimum,-759.0089852720291
SO4t_e,11,maximum,-0.019740601251271528
SO4t_e,11,mean_range,754.1533926881149
SO4t_e,11,mean_midpoint,-377.4537911054327
SO4t_e,11,median_range,753.9614345400065
SO4t_e,11,median_midpoint,-377.4824996005522
SO4t_e,11,std_range,3.010437947676963
SO4t_e,11,frac_fixed,0.0
SO4t_e,11,frac_variable,1.0
SO4t_e,11,frac_bidirectional,0.0
SO4t_e,12,minimum,-735.2983818527498
SO4t_e,12,maximum,12.011270241212301
SO4t_e,12,mean_range,716.4309884767634
SO4t_e,12,mean_midpoint,-352.44177334783404
SO4t_e,12,median_range,716.5006573638475
SO4t_e,12,median_midpoint,-352.47559575879393
SO4t_e,12,std_range,10.974188520059633
SO4t_e,12,frac_fixed,0.0
SO4t_e,12,frac_variable,1.0
SO4t_e,12,frac_bidirectional,0.9634146341463414
SO4t_e,13,minimum,-684.6128601631738
SO4t_e,13,maximum,12.265822784810084
SO4t_e,13,mean_range,696.8786829479839
SO4t_e,13,mean_midpoint,-336.17351868918183
SO4t_e,13,median_range,696.8786829479839
SO4t_e,13,median_midpoint,-336.17351868918183
SO4t_e,13,std_range,0.0
SO4t_e,13,frac_fixed,0.0
SO4t_e,13,frac_variable,1.0
SO4t_e,13,frac_bidirectional,1.0
SO4t_e,14,minimum,-804.6220800693895
SO4t_e,14,maximum,0.0
SO4t_e,14,mean_range,804.6220800693895
SO4t_e,14,mean_midpoint,-402.31104003469477
SO4t_e,14,median_range,804.6220800693895
SO4t_e,14,median_midpoint,-402.31104003469477
SO4t_e,14,std_range,0.0
SO4t_e,14,frac_fixed,0.0
SO4t_e,14,frac_variable,1.0
SO4t_e,14,frac_bidirectional,0.0
PGAM_h,1,minimum,-4.415696202531624
PGAM_h,1,maximum,623.6632057571907
PGAM_h,1,mean_range,587.7508776378917
PGAM_h,1,mean_midpoint,292.74698312274336
PGAM_h,1,median_range,588.33763613694
PGAM_h,1,median_midpoint,292.69691933429266
PGAM_h,1,std_range,24.721135945083045
PGAM_h,1,frac_fixed,0.0
PGAM_h,1,frac_variable,1.0
PGAM_h,1,frac_bidirectional,0.72
PGAM_h,2,minimum,4.579240506329143
PGAM_h,2,maximum,545.3118322831155
PGAM_h,2,mean_range,479.9443217345943
PGAM_h,2,mean_midpoint,267.69973470696027
PGAM_h,2,median_range,480.68708544767503
PGAM_h,2,median_midpoint,267.3283528504198
PGAM_h,2,std_range,37.50867972174841
PGAM_h,2,frac_fixed,0.0
PGAM_h,2,frac_variable,1.0
PGAM_h,2,frac_bidirectional,0.0
PGAM_h,3,minimum,-4.525896874851863
PGAM_h,3,maximum,624.1528016420432
PGAM_h,3,mean_range,576.1515457317213
PGAM_h,3,mean_midpoint,286.1668786701213
PGAM_h,3,median_range,577.1511622170968
PGAM_h,3,median_midpoint,286.6168841178432
PGAM_h,3,std_range,30.744524381471074
PGAM_h,3,frac_fixed,0.0
PGAM_h,3,frac_variable,1.0
PGAM_h,3,frac_bidirectional,0.8679245283018868
PGAM_h,4,minimum,0.7436186768174906
PGAM_h,4,maximum,523.655268999391
PGAM_h,4,mean_range,507.7451699848361
PGAM_h,4,mean_midpoint,256.62784672380513
PGAM_h,4,median_range,509.3517723489393
PGAM_h,4,median_midpoint,256.0950837681678
PGAM_h,4,std_range,11.283229015919245
PGAM_h,4,frac_fixed,0.0
PGAM_h,4,frac_variable,1.0
PGAM_h,4,frac_bidirectional,0.0
PGAM_h,5,minimum,9.241245858986357
PGAM_h,5,maximum,497.03601242657356
PGAM_h,5,mean_range,477.7662837515181
PGAM_h,5,mean_midpoint,254.10421494265736
PGAM_h,5,median_range,477.7662837515266
PGAM_h,5,median_midpoint,254.1042149426614
PGAM_h,5,std_range,8.188221931216356
PGAM_h,5,frac_fixed,0.0
PGAM_h,5,frac_variable,1.0
PGAM_h,5,frac_bidirectional,0.0
PGAM_h,6,minimum,3.124096249346053
PGAM_h,6,maximum,511.2051322208458
PGAM_h,6,mean_range,466.67918499123505
PGAM_h,6,mean_midpoint,258.0028863118822
PGAM_h,6,median_range,470.2026923870717
PGAM_h,6,median_midpoint,257.5844896899119
PGAM_h,6,std_range,26.33536651580782
PGAM_h,6,frac_fixed,0.0
PGAM_h,6,frac_variable,1.0
PGAM_h,6,frac_bidirectional,0.0
PGAM_h,7,minimum,4.260015034960112
PGAM_h,7,maximum,537.2907922099721
PGAM_h,7,mean_range,484.7008816785599
PGAM_h,7,mean_midpoint,263.7506929059779
PGAM_h,7,median_range,488.80465387444485
PGAM_h,7,median_midpoint,263.2095802746296
PGAM_h,7,std_range,25.438303047441057
PGAM_h,7,frac_fixed,0.0
PGAM_h,7,frac_variable,1.0
PGAM_h,7,frac_bidirectional,0.0
PGAM_h,8,minimum,2.8799719187653174
PGAM_h,8,maximum,547.1099061340192
PGAM_h,8,mean_range,523.310228520907
PGAM_h,8,mean_midpoint,266.0683645595537
PGAM_h,8,median_range,523.9045866007798
PGAM_h,8,median_midpoint,266.64280100738375
PGAM_h,8,std_range,10.050535475831586
PGAM_h,8,frac_fixed,0.0
PGAM_h,8,frac_variable,1.0
PGAM_h,8,frac_bidirectional,0.0
PGAM_h,9,minimum,-4.36657433916767
PGAM_h,9,maximum,622.1614175136776
PGAM_h,9,mean_range,561.109080103826
PGAM_h,9,mean_midpoint,280.3120334234606
PGAM_h,9,median_range,558.1189682475223
PGAM_h,9,median_midpoint,279.0649757624389
PGAM_h,9,std_range,25.52049667294261
PGAM_h,9,frac_fixed,0.0
PGAM_h,9,frac_variable,1.0
PGAM_h,9,frac_bidirectional,0.5536028119507909
PGAM_h,10,minimum,1.1306814407465566
PGAM_h,10,maximum,520.5984170605124
PGAM_h,10,mean_range,510.75999353796686
PGAM_h,10,mean_midpoint,257.5007751801641
PGAM_h,10,median_range,511.21943554360985
PGAM_h,10,median_midpoint,257.78240612014
PGAM_h,10,std_range,5.211940754967833
PGAM_h,10,frac_fixed,0.0
PGAM_h,10,frac_variable,1.0
PGAM_h,10,frac_bidirectional,0.0
PGAM_h,11,minimum,0.9344868484143092
PGAM_h,11,maximum,522.1630845131963
PGAM_h,11,mean_range,510.04831364560687
PGAM_h,11,mean_midpoint,256.8257669798042
PGAM_h,11,median_range,510.1369336786391
PGAM_h,11,median_midpoint,256.5192207600881
PGAM_h,11,std_range,7.413723775107502
PGAM_h,11,frac_fixed,0.0
PGAM_h,11,frac_variable,1.0
PGAM_h,11,frac_bidirectional,0.0
PGAM_h,12,minimum,22.076718597799648
PGAM_h,12,maximum,488.18867297293355
PGAM_h,12,mean_range,428.76447161742624
PGAM_h,12,mean_midpoint,261.7407457555234
PGAM_h,12,median_range,428.8205077437101
PGAM_h,12,median_midpoint,261.73089934404476
PGAM_h,12,std_range,21.842826924333426
PGAM_h,12,frac_fixed,0.0
PGAM_h,12,frac_variable,1.0
PGAM_h,12,frac_bidirectional,0.0
PGAM_h,13,minimum,73.59493670886069
PGAM_h,13,maximum,463.5942184154181
PGAM_h,13,mean_range,389.9992817065574
PGAM_h,13,mean_midpoint,268.59457756213936
PGAM_h,13,median_range,389.9992817065574
PGAM_h,13,median_midpoint,268.59457756213936
PGAM_h,13,std_range,0.0
PGAM_h,13,frac_fixed,0.0
PGAM_h,13,frac_variable,1.0
PGAM_h,13,frac_bidirectional,0.0
PGAM_h,14,minimum,-4.661012658227776
PGAM_h,14,maximum,626.0860780221336
PGAM_h,14,mean_range,630.7470906803615
PGAM_h,14,mean_midpoint,310.7125326819529
PGAM_h,14,median_range,630.7470906803615
PGAM_h,14,median_midpoint,310.7125326819529
PGAM_h,14,std_range,0.0
PGAM_h,14,frac_fixed,0.0
PGAM_h,14,frac_variable,1.0
PGAM_h,14,frac_bidirectional,1.0
NASO4t_e,1,minimum,-803.2115104491373
NASO4t_e,1,maximum,6.13291139240504
NASO4t_e,1,mean_range,786.4027147214063
NASO4t_e,1,mean_midpoint,-390.0122434366524
NASO4t_e,1,median_range,788.6491978153041
NASO4t_e,1,median_midpoint,-391.13548498360154
NASO4t_e,1,std_range,12.007661292765688
NASO4t_e,1,frac_fixed,0.0
NASO4t_e,1,frac_variable,1.0
NASO4t_e,1,frac_bidirectional,1.0
NASO4t_e,2,minimum,-755.0278731552268
NASO4t_e,2,maximum,12.02050632911382
NASO4t_e,2,mean_range,735.3255448997339
NASO4t_e,2,mean_midpoint,-358.46340536125945
NASO4t_e,2,median_range,735.785702269151
NASO4t_e,2,median_midpoint,-358.6934840459679
NASO4t_e,2,std_range,16.046583452136236
NASO4t_e,2,frac_fixed,0.0
NASO4t_e,2,frac_variable,1.0
NASO4t_e,2,frac_bidirectional,1.0
NASO4t_e,3,minimum,-803.4998575850684
NASO4t_e,3,maximum,-0.017184367464701412
NASO4t_e,3,mean_range,781.4139651124657
NASO4t_e,3,mean_midpoint,-391.05700395108545
NASO4t_e,3,median_range,781.8339430336517
NASO4t_e,3,median_midpoint,-391.26065886610667
NASO4t_e,3,std_range,12.916975286685675
NASO4t_e,3,frac_fixed,0.0
NASO4t_e,3,frac_variable,1.0
NASO4t_e,3,frac_bidirectional,0.0
NASO4t_e,4,minimum,-759.7331806964916
NASO4t_e,4,maximum,-0.6873746985622697
NASO4t_e,4,mean_range,753.0501278197736
NASO4t_e,4,mean_midpoint,-377.2943029431526
NASO4t_e,4,median_range,753.3487717389886
NASO4t_e,4,median_midpoint,-377.4476824053749
NASO4t_e,4,std_range,4.089048517419066
NASO4t_e,4,frac_fixed,0.0
NASO4t_e,4,frac_variable,1.0
NASO4t_e,4,frac_bidirectional,0.0
NASO4t_e,5,minimum,-746.8018300615074
NASO4t_e,5,maximum,-0.05970134687916992
NASO4t_e,5,mean_range,741.7289184788625
NASO4t_e,5,mean_midpoint,-371.1133327937982
NASO4t_e,5,median_range,742.5372016386654
NASO4t_e,5,median_midpoint,-371.51747437370017
NASO4t_e,5,std_range,4.460021819418046
NASO4t_e,5,frac_fixed,0.0
NASO4t_e,5,frac_variable,1.0
NASO4t_e,5,frac_bidirectional,0.0
NASO4t_e,6,minimum,-750.0515384490327
NASO4t_e,6,maximum,11.491431562186579
NASO4t_e,6,mean_range,734.6268037810335
NASO4t_e,6,mean_midpoint,-362.5670248645996
NASO4t_e,6,median_range,736.3525269949403
NASO4t_e,6,median_midpoint,-364.00790797405335
NASO4t_e,6,std_range,11.819793851243805
NASO4t_e,6,frac_fixed,0.0
NASO4t_e,6,frac_variable,1.0
NASO4t_e,6,frac_bidirectional,1.0
NASO4t_e,7,minimum,-749.7094767777184
NASO4t_e,7,maximum,11.92592022536946
NASO4t_e,7,mean_range,739.0768404226715
NASO4t_e,7,mean_midpoint,-362.4133982435467
NASO4t_e,7,median_range,741.0248594984773
NASO4t_e,7,median_midpoint,-363.77291353040715
NASO4t_e,7,std_range,11.214368925446134
NASO4t_e,7,frac_fixed,0.0
NASO4t_e,7,frac_variable,1.0
NASO4t_e,7,frac_bidirectional,1.0
NASO4t_e,8,minimum,-757.0111300618364
NASO4t_e,8,maximum,6.528958200053363
NASO4t_e,8,mean_range,756.7483844790199
NASO4t_e,8,mean_midpoint,-374.2836186163306
NASO4t_e,8,median_range,756.6872342324789
NASO4t_e,8,median_midpoint,-374.44407352994074
NASO4t_e,8,std_range,2.772374040309275
NASO4t_e,8,frac_fixed,0.0
NASO4t_e,8,frac_variable,1.0
NASO4t_e,8,frac_bidirectional,1.0
NASO4t_e,9,minimum,-802.5838267887253
NASO4t_e,9,maximum,5.7930088329647935
NASO4t_e,9,mean_range,775.6346431068598
NASO4t_e,9,mean_midpoint,-385.83360661762384
NASO4t_e,9,median_range,774.3864914355773
NASO4t_e,9,median_midpoint,-385.1357478742294
NASO4t_e,9,std_range,11.18938321834777
NASO4t_e,9,frac_fixed,0.0
NASO4t_e,9,frac_variable,1.0
NASO4t_e,9,frac_bidirectional,0.9525483304042179
NASO4t_e,10,minimum,-758.2009870496793
NASO4t_e,10,maximum,1.3504990271854138
NASO4t_e,10,mean_range,754.9552307292507
NASO4t_e,10,mean_midpoint,-376.91520212424524
NASO4t_e,10,median_range,755.1755261638014
NASO4t_e,10,median_midpoint,-376.7834355020799
NASO4t_e,10,std_range,2.155474903626796
NASO4t_e,10,frac_fixed,0.0
NASO4t_e,10,frac_variable,1.0
NASO4t_e,10,frac_bidirectional,1.0
NASO4t_e,11,minimum,-758.9838730095207
NASO4t_e,11,maximum,0.008591182096021603
NASO4t_e,11,mean_range,754.1533926881159
NASO4t_e,11,mean_midpoint,-377.42575650862466
NASO4t_e,11,median_range,753.9614345400091
NASO4t_e,11,median_midpoint,-377.45416781720394
NASO4t_e,11,std_range,3.010437947676647
NASO4t_e,11,frac_fixed,0.0
NASO4t_e,11,frac_variable,1.0
NASO4t_e,11,frac_bidirectional,0.07692307692307693
NASO4t_e,12,minimum,-735.2661866444103
NASO4t_e,12,maximum,12.011914145382752
NASO4t_e,12,mean_range,716.4309884767837
NASO4t_e,12,mean_midpoint,-352.4253774541802
NASO4t_e,12,median_range,716.5006573638223
NASO4t_e,12,median_midpoint,-352.45917620251953
NASO4t_e,12,std_range,10.974188520084972
NASO4t_e,12,frac_fixed,0.0
NASO4t_e,12,frac_variable,1.0
NASO4t_e,12,frac_bidirectional,0.9634146341463414
NASO4t_e,13,minimum,-684.6128601631744
NASO4t_e,13,maximum,12.265822784810174
NASO4t_e,13,mean_range,696.8786829479847
NASO4t_e,13,mean_midpoint,-336.1735186891821
NASO4t_e,13,median_range,696.8786829479847
NASO4t_e,13,median_midpoint,-336.1735186891821
NASO4t_e,13,std_range,0.0
NASO4t_e,13,frac_fixed,0.0
NASO4t_e,13,frac_variable,1.0
NASO4t_e,13,frac_bidirectional,1.0
NASO4t_e,14,minimum,-804.6220800693902
NASO4t_e,14,maximum,0.0
NASO4t_e,14,mean_range,804.6220800693902
NASO4t_e,14,mean_midpoint,-402.3110400346951
NASO4t_e,14,median_range,804.6220800693902
NASO4t_e,14,median_midpoint,-402.3110400346951
NASO4t_e,14,std_range,0.0
NASO4t_e,14,frac_fixed,0.0
NASO4t_e,14,frac_variable,1.0
NASO4t_e,14,frac_bidirectional,0.0
EX_pi_e,1,minimum,-0.22
EX_pi_e,1,maximum,0.0
EX_pi_e,1,mean_range,0.22
EX_pi_e,1,mean_midpoint,-0.11
EX_pi_e,1,median_range,0.22
EX_pi_e,1,median_midpoint,-0.11
EX_pi_e,1,std_range,0.0
EX_pi_e,1,frac_fixed,0.0
EX_pi_e,1,frac_variable,1.0
EX_pi_e,1,frac_bidirectional,0.0
EX_pi_e,2,minimum,-0.22
EX_pi_e,2,maximum,0.0
EX_pi_e,2,mean_range,0.22
EX_pi_e,2,mean_midpoint,-0.11
EX_pi_e,2,median_range,0.22
EX_pi_e,2,median_midpoint,-0.11
EX_pi_e,2,std_range,0.0
EX_pi_e,2,frac_fixed,0.0
EX_pi_e,2,frac_variable,1.0
EX_pi_e,2,frac_bidirectional,0.0
EX_pi_e,3,minimum,-0.03590601793086279
EX_pi_e,3,maximum,-0.0008990426044965805
EX_pi_e,3,mean_range,-6.300928070706203e-14
EX_pi_e,3,mean_midpoint,-0.018312233321966048
EX_pi_e,3,median_range,-1.9539925233402755e-14
EX_pi_e,3,median_midpoint,-0.01798085209186695
EX_pi_e,3,std_range,2.177247456475066e-13
EX_pi_e,3,frac_fixed,1.0
EX_pi_e,3,frac_variable,0.0
EX_pi_e,3,frac_bidirectional,0.0
EX_pi_e,4,minimum,-0.0440530876242633
EX_pi_e,4,maximum,-0.03596170418376232
EX_pi_e,4,mean_range,-2.142559633984302e-13
EX_pi_e,4,mean_midpoint,-0.040244638941117364
EX_pi_e,4,median_range,-4.973799150320701e-14
EX_pi_e,4,median_midpoint,-0.04045691720654432
EX_pi_e,4,std_range,2.877196493329787e-13
EX_pi_e,4,frac_fixed,1.0
EX_pi_e,4,frac_variable,0.0
EX_pi_e,4,frac_bidirectional,0.0
EX_pi_e,5,minimum,-0.22
EX_pi_e,5,maximum,-0.04225500241591362
EX_pi_e,5,mean_range,0.14707854002392726
EX_pi_e,5,mean_midpoint,-0.11669331503238367
EX_pi_e,5,median_range,0.176845954979741
EX_pi_e,5,median_midpoint,-0.1311275012079568
EX_pi_e,5,std_range,0.042734777249594985
EX_pi_e,5,frac_fixed,0.0
EX_pi_e,5,frac_variable,1.0
EX_pi_e,5,frac_bidirectional,0.0
EX_pi_e,6,minimum,-0.22
EX_pi_e,6,maximum,-0.002697127813746647
EX_pi_e,6,mean_range,0.1855837409172988
EX_pi_e,6,mean_midpoint,-0.11711142697481879
EX_pi_e,6,median_range,0.1939277644666764
EX_pi_e,6,median_midpoint,-0.12213707516200557
EX_pi_e,6,std_range,0.03632982667218496
EX_pi_e,6,frac_fixed,0.0
EX_pi_e,6,frac_variable,1.0
EX_pi_e,6,frac_bidirectional,0.0
EX_pi_e,7,minimum,-0.22
EX_pi_e,7,maximum,-0.0008990426040043076
EX_pi_e,7,mean_range,0.21025339043138863
EX_pi_e,7,mean_midpoint,-0.11473096908227831
EX_pi_e,7,median_range,0.21100957395412337
EX_pi_e,7,median_midpoint,-0.11404569172071057
EX_pi_e,7,std_range,0.006812349563484729
EX_pi_e,7,frac_fixed,0.0
EX_pi_e,7,frac_variable,1.0
EX_pi_e,7,frac_bidirectional,0.0
EX_pi_e,8,minimum,-0.22
EX_pi_e,8,maximum,-0.0008990426046118216
EX_pi_e,8,mean_range,0.20422394286701362
EX_pi_e,8,mean_midpoint,-0.11788802856649315
EX_pi_e,8,median_range,0.20561531832647997
EX_pi_e,8,median_midpoint,-0.11719234083676001
EX_pi_e,8,std_range,0.010205887140419872
EX_pi_e,8,frac_fixed,0.0
EX_pi_e,8,frac_variable,1.0
EX_pi_e,8,frac_bidirectional,0.0
EX_pi_e,9,minimum,-0.22
EX_pi_e,9,maximum,-0.0008990426043755662
EX_pi_e,9,mean_range,0.2035935678479683
EX_pi_e,9,mean_midpoint,-0.11550362855464738
EX_pi_e,9,median_range,0.2074134035356974
EX_pi_e,9,median_midpoint,-0.11584377692986848
EX_pi_e,9,std_range,0.021187894573770436
EX_pi_e,9,frac_fixed,0.0
EX_pi_e,9,frac_variable,1.0
EX_pi_e,9,frac_bidirectional,0.0
EX_pi_e,10,minimum,-0.22
EX_pi_e,10,maximum,-0.03146649116076716
EX_pi_e,10,mean_range,0.18423808306172365
EX_pi_e,10,mean_midpoint,-0.12788095846913813
EX_pi_e,10,median_range,0.18493733842080687
EX_pi_e,10,median_midpoint,-0.12753133078959655
EX_pi_e,10,std_range,0.0024993376422607597
EX_pi_e,10,frac_fixed,0.0
EX_pi_e,10,frac_variable,1.0
EX_pi_e,10,frac_bidirectional,0.0
EX_pi_e,11,minimum,-0.22
EX_pi_e,11,maximum,-0.03506266157910787
EX_pi_e,11,mean_range,0.16496415238455564
EX_pi_e,11,mean_midpoint,-0.12162500805380495
EX_pi_e,11,median_range,0.18044212539783303
EX_pi_e,11,median_midpoint,-0.1288798946964539
EX_pi_e,11,std_range,0.031412316000107035
EX_pi_e,11,frac_fixed,0.0
EX_pi_e,11,frac_variable,1.0
EX_pi_e,11,frac_bidirectional,0.0
EX_pi_e,12,minimum,-0.04495213022967448
EX_pi_e,12,maximum,-0.0008990426045727418
EX_pi_e,12,mean_range,-1.894609130828008e-13
EX_pi_e,12,mean_midpoint,-0.02289254783660859
EX_pi_e,12,median_range,-1.2434497875801753e-13
EX_pi_e,12,median_midpoint,-0.022925586417027688
EX_pi_e,12,std_range,2.1917863020420361e-13
EX_pi_e,12,frac_fixed,1.0
EX_pi_e,12,frac_variable,0.0
EX_pi_e,12,frac_bidirectional,0.0
EX_pi_e,13,minimum,0.0
EX_pi_e,13,maximum,0.0
EX_pi_e,13,mean_range,0.0
EX_pi_e,13,mean_midpoint,0.0
EX_pi_e,13,median_range,0.0
EX_pi_e,13,median_midpoint,0.0
EX_pi_e,13,std_range,0.0
EX_pi_e,13,frac_fixed,1.0
EX_pi_e,13,frac_variable,0.0
EX_pi_e,13,frac_bidirectional,0.0
EX_pi_e,14,minimum,0.0
EX_pi_e,14,maximum,0.0
EX_pi_e,14,mean_range,0.0
EX_pi_e,14,mean_midpoint,0.0
EX_pi_e,14,median_range,0.0
EX_pi_e,14,median_midpoint,0.0
EX_pi_e,14,std_range,0.0
EX_pi_e,14,frac_fixed,1.0
EX_pi_e,14,frac_variable,0.0
EX_pi_e,14,frac_bidirectional,0.0
METS_c,1,minimum,-12.102278481012714
METS_c,1,maximum,0.0
METS_c,1,mean_range,8.334217721518991
METS_c,1,mean_midpoint,-4.1671088607594955
METS_c,1,median_range,9.158481012658243
METS_c,1,median_midpoint,-4.579240506329121
METS_c,1,std_range,3.133392772882012
METS_c,1,frac_fixed,0.0
METS_c,1,frac_variable,1.0
METS_c,1,frac_bidirectional,0.0
METS_c,2,minimum,-7.8501265822784845
METS_c,2,maximum,0.0
METS_c,2,mean_range,4.088607594936704
METS_c,2,mean_midpoint,-2.044303797468352
METS_c,2,median_range,4.088607594936699
METS_c,2,median_midpoint,-2.0443037974683493
METS_c,2,std_range,2.2641683609472296
METS_c,2,frac_fixed,0.0
METS_c,2,frac_variable,1.0
METS_c,2,frac_bidirectional,0.0
METS_c,3,minimum,-0.04941628251666099
METS_c,3,maximum,-0.0012373230422985783
METS_c,3,mean_range,-8.002770231415476e-13
METS_c,3,mean_midpoint,-0.0252025300348423
METS_c,3,median_range,-4.142519660632615e-15
METS_c,3,median_midpoint,-0.024746460845971582
METS_c,3,std_range,2.1902580610755414e-12
METS_c,3,frac_fixed,1.0
METS_c,3,frac_variable,0.0
METS_c,3,frac_bidirectional,0.0
METS_c,4,minimum,-0.06062882906790648
METS_c,4,maximum,-0.04949292169194317
METS_c,4,mean_range,-6.7373457240522e-13
METS_c,4,mean_midpoint,-0.05538738524317894
METS_c,4,median_range,-2.0816681711721685e-17
METS_c,4,median_midpoint,-0.05567953690411202
METS_c,4,std_range,1.5368169517247358e-12
METS_c,4,frac_fixed,1.0
METS_c,4,frac_variable,0.0
METS_c,4,frac_bidirectional,0.0
METS_c,5,minimum,-0.5407773898193313
METS_c,5,maximum,-0.05815418298803321
METS_c,5,mean_range,0.2701931592526859
METS_c,5,mean_midpoint,-0.19448808565667475
METS_c,5,median_range,0.2701931592538427
METS_c,5,median_midpoint,-0.19448808565725312
METS_c,5,std_range,0.17344840753472326
METS_c,5,frac_fixed,0.0
METS_c,5,frac_variable,1.0
METS_c,5,frac_bidirectional,0.0
METS_c,6,minimum,-2.4956106689654183
METS_c,6,maximum,-0.0037119691268957373
METS_c,6,mean_range,0.8681184342306821
METS_c,6,mean_midpoint,-0.46752943032014505
METS_c,6,median_range,0.765718659715976
METS_c,6,median_midpoint,-0.41825489774638364
METS_c,6,std_range,0.61040324807425
METS_c,6,frac_fixed,0.0
METS_c,6,frac_variable,1.0
METS_c,6,frac_bidirectional,0.0
METS_c,7,minimum,-6.984756642550917
METS_c,7,maximum,-0.0012373230422985785
METS_c,7,mean_range,3.2378010933162398
METS_c,7,mean_midpoint,-1.632118595835062
METS_c,7,median_range,3.0957811204335397
METS_c,7,median_midpoint,-1.5691427770051947
METS_c,7,std_range,1.4669941170529226
METS_c,7,frac_fixed,0.0
METS_c,7,frac_variable,1.0
METS_c,7,frac_bidirectional,0.0
METS_c,8,minimum,-7.966022465335331
METS_c,8,maximum,-0.0012373230422985787
METS_c,8,mean_range,4.959676112060095
METS_c,8,mean_midpoint,-2.5015501294151443
METS_c,8,median_range,5.154308779989208
METS_c,8,median_midpoint,-2.5957142356290825
METS_c,8,std_range,1.770505926984936
METS_c,8,frac_fixed,0.0
METS_c,8,frac_variable,1.0
METS_c,8,frac_bidirectional,0.0
METS_c,9,minimum,-11.891085756476675
METS_c,9,maximum,-0.0012373230422985783
METS_c,9,mean_range,5.68010809553113
METS_c,9,mean_midpoint,-2.8589183314069366
METS_c,9,median_range,5.793374396303225
METS_c,9,median_midpoint,-2.922178828801551
METS_c,9,std_range,2.927960684666929
METS_c,9,frac_fixed,0.0
METS_c,9,frac_variable,1.0
METS_c,9,frac_bidirectional,0.0
METS_c,10,minimum,-2.9797932427788214
METS_c,10,maximum,-0.04330630648045026
METS_c,10,mean_range,2.0466045938301827
METS_c,10,mean_midpoint,-1.0725202579309683
METS_c,10,median_range,2.0842920998993075
METS_c,10,median_midpoint,-1.0928762946838957
METS_c,10,std_range,0.5747542470172501
METS_c,10,frac_fixed,0.0
METS_c,10,frac_variable,1.0
METS_c,10,frac_bidirectional,0.0
METS_c,11,minimum,-1.5014441710230613
METS_c,11,maximum,-0.048255598649644585
METS_c,11,mean_range,0.7919026882054367
METS_c,11,mean_midpoint,-0.4498224857904874
METS_c,11,median_range,0.8586377051253187
METS_c,11,median_midpoint,-0.48623571250839404
METS_c,11,std_range,0.41697071209902425
METS_c,11,frac_fixed,0.0
METS_c,11,frac_variable,1.0
METS_c,11,frac_bidirectional,0.0
METS_c,12,minimum,-0.06186615211492895
METS_c,12,maximum,-0.001237323042298579
METS_c,12,mean_range,-1.281900467593101e-12
METS_c,12,mean_midpoint,-0.03150626765625644
METS_c,12,median_range,0.0
METS_c,12,median_midpoint,-0.03155173757893819
METS_c,12,std_range,6.55772013105853e-12
METS_c,12,frac_fixed,1.0
METS_c,12,frac_variable,0.0
METS_c,12,frac_bidirectional,0.0
METS_c,13,minimum,0.0
METS_c,13,maximum,0.0
METS_c,13,mean_range,0.0
METS_c,13,mean_midpoint,0.0
METS_c,13,median_range,0.0
METS_c,13,median_midpoint,0.0
METS_c,13,std_range,0.0
METS_c,13,frac_fixed,1.0
METS_c,13,frac_variable,0.0
METS_c,13,frac_bidirectional,0.0
METS_c,14,minimum,0.0
METS_c,14,maximum,0.0
METS_c,14,mean_range,0.0
METS_c,14,mean_midpoint,0.0
METS_c,14,median_range,0.0
METS_c,14,median_midpoint,0.0
METS_c,14,std_range,0.0
METS_c,14,frac_fixed,1.0
METS_c,14,frac_variable,0.0
METS_c,14,frac_bidirectional,0.0
MTHFC_c,1,minimum,-12.265822784810117
MTHFC_c,1,maximum,0.0
MTHFC_c,1,mean_range,6.378227848101175
MTHFC_c,1,mean_midpoint,-3.1891139240505875
MTHFC_c,1,median_range,6.378227848101271
MTHFC_c,1,median_midpoint,-3.1891139240506354
MTHFC_c,1,std_range,3.5380042389110544
MTHFC_c,1,frac_fixed,0.0
MTHFC_c,1,frac_variable,1.0
MTHFC_c,1,frac_bidirectional,0.0
MTHFC_c,2,minimum,-24.04101265822426
MTHFC_c,2,maximum,-0.9812658227849079
MTHFC_c,2,mean_range,6.132911392404925
MTHFC_c,2,mean_midpoint,-15.332278481012574
MTHFC_c,2,median_range,6.132911392405054
MTHFC_c,2,median_midpoint,-15.332278481012665
MTHFC_c,2,std_range,3.3962525414211537
MTHFC_c,2,frac_fixed,0.0
MTHFC_c,2,frac_variable,1.0
MTHFC_c,2,frac_bidirectional,0.0
MTHFC_c,3,minimum,-0.022095427932072198
MTHFC_c,3,maximum,-0.0005532423872860169
MTHFC_c,3,mean_range,-1.729298782918322e-13
MTHFC_c,3,mean_midpoint,-0.011268769274821835
MTHFC_c,3,median_range,-1.699057561310724e-13
MTHFC_c,3,median_midpoint,-0.011064847745443345
MTHFC_c,3,std_range,1.0298965818931579e-12
MTHFC_c,3,frac_fixed,1.0
MTHFC_c,3,frac_variable,0.0
MTHFC_c,3,frac_bidirectional,0.0
MTHFC_c,4,minimum,-0.027108876976517163
MTHFC_c,4,maximum,-0.022129695491199072
MTHFC_c,4,mean_range,-4.5023119847715956e-13
MTHFC_c,4,mean_midpoint,-0.02476527809593663
MTHFC_c,4,median_range,-1.9983320553862427e-13
MTHFC_c,4,median_midpoint,-0.024895907427326586
MTHFC_c,4,std_range,9.913552240919835e-13
MTHFC_c,4,frac_fixed,1.0
MTHFC_c,4,frac_variable,0.0
MTHFC_c,4,frac_bidirectional,0.0
MTHFC_c,5,minimum,-0.7739663161314593
MTHFC_c,5,maximum,-0.050031505885186706
MTHFC_c,5,mean_range,0.40528973887834474
MTHFC_c,5,mean_midpoint,-0.3998868490558731
MTHFC_c,5,median_range,0.4052897388788587
MTHFC_c,5,median_midpoint,-0.39988684905587424
MTHFC_c,5,std_range,0.26017261130159425
MTHFC_c,5,frac_fixed,0.0
MTHFC_c,5,frac_variable,1.0
MTHFC_c,5,frac_bidirectional,0.0
MTHFC_c,6,minimum,-23.036075953925106
MTHFC_c,6,maximum,-0.44245543374415847
MTHFC_c,6,mean_range,1.3021776513463164
MTHFC_c,6,mean_midpoint,-9.321476531027368
MTHFC_c,6,median_range,1.148577989571519
MTHFC_c,6,median_midpoint,-8.695178909250727
MTHFC_c,6,std_range,0.9156048721110445
MTHFC_c,6,frac_fixed,0.0
MTHFC_c,6,frac_variable,1.0
MTHFC_c,6,frac_bidirectional,0.0
MTHFC_c,7,minimum,-23.86957806059118
MTHFC_c,7,maximum,-1.6197272173215775
MTHFC_c,7,mean_range,4.8567016399744825
MTHFC_c,7,mean_midpoint,-12.011180089712335
MTHFC_c,7,median_range,4.643671680649589
MTHFC_c,7,median_midpoint,-11.223996652261718
MTHFC_c,7,std_range,2.200491175579495
MTHFC_c,7,frac_fixed,0.0
MTHFC_c,7,frac_variable,1.0
MTHFC_c,7,frac_bidirectional,0.0
MTHFC_c,8,minimum,-13.075654009958612
MTHFC_c,8,maximum,-0.011064847745606758
MTHFC_c,8,mean_range,7.439133709466313
MTHFC_c,8,mean_midpoint,-4.772833212111421
MTHFC_c,8,median_range,7.731463169981139
MTHFC_c,8,median_midpoint,-5.172888879190085
MTHFC_c,8,std_range,2.6562388639215295
MTHFC_c,8,frac_fixed,0.0
MTHFC_c,8,frac_variable,1.0
MTHFC_c,8,frac_bidirectional,0.0
MTHFC_c,9,minimum,-11.603755275781849
MTHFC_c,9,maximum,-0.0005532423871177968
MTHFC_c,9,mean_range,4.240690385875202
MTHFC_c,9,mean_midpoint,-2.128779951654044
MTHFC_c,9,median_range,3.849071465097779
MTHFC_c,9,median_midpoint,-1.9379165514128582
MTHFC_c,9,std_range,2.8463777313157266
MTHFC_c,9,frac_fixed,0.0
MTHFC_c,9,frac_variable,1.0
MTHFC_c,9,frac_bidirectional,0.0
MTHFC_c,10,minimum,-3.3218143991658713
MTHFC_c,10,maximum,-0.01936348355479608
MTHFC_c,10,mean_range,1.8083824309955159
MTHFC_c,10,mean_midpoint,-0.9261979682362181
MTHFC_c,10,median_range,1.6332337327299222
MTHFC_c,10,median_midpoint,-0.8381933194688849
MTHFC_c,10,std_range,0.726544356079576
MTHFC_c,10,frac_fixed,0.0
MTHFC_c,10,frac_variable,1.0
MTHFC_c,10,frac_bidirectional,0.0
MTHFC_c,11,minimum,-0.7976371976498438
MTHFC_c,11,maximum,-0.021576453103915955
MTHFC_c,11,mean_range,0.3997816174887769
MTHFC_c,11,mean_midpoint,-0.22397813114442605
MTHFC_c,11,median_range,0.4293188525617324
MTHFC_c,11,median_midpoint,-0.24010857609573844
MTHFC_c,11,std_range,0.21482878045906761
MTHFC_c,11,frac_fixed,0.0
MTHFC_c,11,frac_variable,1.0
MTHFC_c,11,frac_bidirectional,0.0
MTHFC_c,12,minimum,-24.041565900615083
MTHFC_c,12,maximum,-0.02766211936400204
MTHFC_c,12,mean_range,-3.936641409193827e-13
MTHFC_c,12,mean_midpoint,-12.052623764453733
MTHFC_c,12,median_range,-4.5441428397907657e-13
MTHFC_c,12,median_midpoint,-12.034614009989449
MTHFC_c,12,std_range,1.3649061774438786e-12
MTHFC_c,12,frac_fixed,1.0
MTHFC_c,12,frac_variable,0.0
MTHFC_c,12,frac_bidirectional,0.0
MTHFC_c,13,minimum,-24.53164556962024
MTHFC_c,13,maximum,-24.53164556962018
MTHFC_c,13,mean_range,5.684341886080802e-14
MTHFC_c,13,mean_midpoint,-24.53164556962021
MTHFC_c,13,median_range,5.684341886080802e-14
MTHFC_c,13,median_midpoint,-24.53164556962021
MTHFC_c,13,std_range,0.0
MTHFC_c,13,frac_fixed,1.0
MTHFC_c,13,frac_variable,0.0
MTHFC_c,13,frac_bidirectional,0.0
MTHFC_c,14,minimum,0.0
MTHFC_c,14,maximum,0.0
MTHFC_c,14,mean_range,0.0
MTHFC_c,14,mean_midpoint,0.0
MTHFC_c,14,median_range,0.0
MTHFC_c,14,median_midpoint,0.0
MTHFC_c,14,std_range,0.0
MTHFC_c,14,frac_fixed,1.0
MTHFC_c,14,frac_variable,0.0
MTHFC_c,14,frac_bidirectional,0.0
PRAIC_c,1,minimum,-0.22222222222222282
PRAIC_c,1,maximum,0.0
PRAIC_c,1,mean_range,0.16504303797468334
PRAIC_c,1,mean_midpoint,-0.08252151898734167
PRAIC_c,1,median_range,0.20443037974683534
PRAIC_c,1,median_midpoint,-0.10221518987341767
PRAIC_c,1,std_range,0.06877785449463336
PRAIC_c,1,frac_fixed,0.0
PRAIC_c,1,frac_variable,1.0
PRAIC_c,1,frac_bidirectional,0.0
PRAIC_c,2,minimum,-0.19625316455696407
PRAIC_c,2,maximum,0.0
PRAIC_c,2,mean_range,0.102215189873418
PRAIC_c,2,mean_midpoint,-0.051107594936709
PRAIC_c,2,median_range,0.10221518987341753
PRAIC_c,2,median_midpoint,-0.051107594936708765
PRAIC_c,2,std_range,0.05660420902368079
PRAIC_c,2,frac_fixed,0.0
PRAIC_c,2,frac_variable,1.0
PRAIC_c,2,frac_bidirectional,0.0
PRAIC_c,3,minimum,-0.009525335435218123
PRAIC_c,3,maximum,-0.0002385027043333802
PRAIC_c,3,mean_range,-5.112378394378188e-15
PRAIC_c,3,mean_midpoint,-0.004857964625750541
PRAIC_c,3,median_range,-7.105427357601002e-15
PRAIC_c,3,median_midpoint,-0.004770054087190484
PRAIC_c,3,std_range,2.730602088244013e-14
PRAIC_c,3,frac_fixed,1.0
PRAIC_c,3,frac_variable,0.0
PRAIC_c,3,frac_bidirectional,0.0
PRAIC_c,4,minimum,-0.01168663251357062
PRAIC_c,4,maximum,-0.009540108174391548
PRAIC_c,4,mean_range,-1.514947355597284e-14
PRAIC_c,4,mean_midpoint,-0.010676307412374799
PRAIC_c,4,median_range,-1.1482134687490486e-14
PRAIC_c,4,median_midpoint,-0.010732621696195214
PRAIC_c,4,std_range,1.770250067095844e-14
PRAIC_c,4,frac_fixed,1.0
PRAIC_c,4,frac_variable,0.0
PRAIC_c,4,frac_bidirectional,0.0
PRAIC_c,5,minimum,-0.023275207275724106
PRAIC_c,5,maximum,-0.011209627104912245
PRAIC_c,5,mean_range,0.006754828981308521
PRAIC_c,5,mean_midpoint,-0.014825544299928377
PRAIC_c,5,median_range,0.006754828981310933
PRAIC_c,5,median_midpoint,-0.014825544299928464
PRAIC_c,5,std_range,0.004336210188388316
PRAIC_c,5,frac_fixed,0.0
PRAIC_c,5,frac_variable,1.0
PRAIC_c,5,frac_bidirectional,0.0
PRAIC_c,6,minimum,-0.06861735557322793
PRAIC_c,6,maximum,-0.0007155081130747476
PRAIC_c,6,mean_range,0.021702960855770597
PRAIC_c,6,mean_midpoint,-0.01730309903673241
PRAIC_c,6,median_range,0.01914296649285431
PRAIC_c,6,median_midpoint,-0.01632547309860778
PRAIC_c,6,std_range,0.015260081201849319
PRAIC_c,6,frac_fixed,0.0
PRAIC_c,6,frac_variable,1.0
PRAIC_c,6,frac_bidirectional,0.0
PRAIC_c,7,minimum,-0.1748264856921042
PRAIC_c,7,maximum,-0.0002385027043487753
PRAIC_c,7,mean_range,0.08094502733290791
PRAIC_c,7,mean_midpoint,-0.043020385456836806
PRAIC_c,7,median_range,0.0773945280108649
PRAIC_c,7,median_midpoint,-0.042357047466910006
PRAIC_c,7,std_range,0.036674852926322984
PRAIC_c,7,frac_fixed,0.0
PRAIC_c,7,frac_variable,1.0
PRAIC_c,7,frac_bidirectional,0.0
PRAIC_c,8,minimum,-0.1993581312617228
PRAIC_c,8,maximum,-0.00023850270436227166
PRAIC_c,8,mean_range,0.12399190280150303
PRAIC_c,8,mean_midpoint,-0.06618110599868499
PRAIC_c,8,median_range,0.12885771949967237
PRAIC_c,8,median_midpoint,-0.06800640031525758
PRAIC_c,8,std_range,0.044262648174624226
PRAIC_c,8,frac_fixed,0.0
PRAIC_c,8,frac_variable,1.0
PRAIC_c,8,frac_bidirectional,0.0
PRAIC_c,9,minimum,-0.22049178323732174
PRAIC_c,9,maximum,-0.00023850270429193188
PRAIC_c,9,mean_range,0.11641392868530438
PRAIC_c,9,mean_midpoint,-0.06184318747151958
PRAIC_c,9,median_range,0.11683652616837387
PRAIC_c,9,median_midpoint,-0.06278976022294509
PRAIC_c,9,std_range,0.06531349422864349
PRAIC_c,9,frac_fixed,0.0
PRAIC_c,9,frac_variable,1.0
PRAIC_c,9,frac_bidirectional,0.0
PRAIC_c,10,minimum,-0.07906994061191976
PRAIC_c,10,maximum,-0.008347594652592605
PRAIC_c,10,mean_range,0.04629809777419413
PRAIC_c,10,mean_midpoint,-0.03263615646052501
PRAIC_c,10,median_range,0.04637437449667073
PRAIC_c,10,median_midpoint,-0.0324887927183756
PRAIC_c,10,std_range,0.014445957935094332
PRAIC_c,10,frac_fixed,0.0
PRAIC_c,10,frac_variable,1.0
PRAIC_c,10,frac_bidirectional,0.0
PRAIC_c,11,minimum,-0.036270603412152595
PRAIC_c,11,maximum,-0.009301605470037666
PRAIC_c,11,mean_range,0.013326053916309085
PRAIC_c,11,mean_midpoint,-0.017047067778747052
PRAIC_c,11,median_range,0.01431062841871113
PRAIC_c,11,median_midpoint,-0.017539776006416638
PRAIC_c,11,std_range,0.007160959348618816
PRAIC_c,11,frac_fixed,0.0
PRAIC_c,11,frac_variable,1.0
PRAIC_c,11,frac_bidirectional,0.0
PRAIC_c,12,minimum,-0.011925135217978713
PRAIC_c,12,maximum,-0.00023850270436890733
PRAIC_c,12,mean_range,-1.3654654703574184e-14
PRAIC_c,12,mean_midpoint,-0.006073054314495143
PRAIC_c,12,median_range,-1.4979120374625232e-14
PRAIC_c,12,median_midpoint,-0.00608181896117548
PRAIC_c,12,std_range,1.1083186111052417e-14
PRAIC_c,12,frac_fixed,1.0
PRAIC_c,12,frac_variable,0.0
PRAIC_c,12,frac_bidirectional,0.0
PRAIC_c,13,minimum,0.0
PRAIC_c,13,maximum,0.0
PRAIC_c,13,mean_range,0.0
PRAIC_c,13,mean_midpoint,0.0
PRAIC_c,13,median_range,0.0
PRAIC_c,13,median_midpoint,0.0
PRAIC_c,13,std_range,0.0
PRAIC_c,13,frac_fixed,1.0
PRAIC_c,13,frac_variable,0.0
PRAIC_c,13,frac_bidirectional,0.0
PRAIC_c,14,minimum,0.0
PRAIC_c,14,maximum,0.0
PRAIC_c,14,mean_range,0.0
PRAIC_c,14,mean_midpoint,0.0
PRAIC_c,14,median_range,0.0
PRAIC_c,14,median_midpoint,0.0
PRAIC_c,14,std_range,0.0
PRAIC_c,14,frac_fixed,1.0
PRAIC_c,14,frac_variable,0.0
PRAIC_c,14,frac_bidirectional,0.0
O2t_e,1,minimum,-12.265822784810128
O2t_e,1,maximum,-0.2453164556962264
O2t_e,1,mean_range,5.485275949367199
O2t_e,1,mean_midpoint,-5.931751898734131
O2t_e,1,median_range,6.37822784810124
O2t_e,1,median_midpoint,-6.697139240506298
O2t_e,1,std_range,2.3465182601930255
O2t_e,1,frac_fixed,0.0
O2t_e,1,frac_variable,1.0
O2t_e,1,frac_bidirectional,0.0
O2t_e,2,minimum,-12.265822784810128
O2t_e,2,maximum,-6.378227848101298
O2t_e,2,mean_range,3.066455696202524
O2t_e,2,mean_midpoint,-10.732594936708864
O2t_e,2,median_range,3.066455696202536
O2t_e,2,median_midpoint,-10.73259493670886
O2t_e,2,std_range,1.6981262707104845
O2t_e,2,frac_fixed,0.0
O2t_e,2,frac_variable,1.0
O2t_e,2,frac_bidirectional,0.0
O2t_e,3,minimum,-9.40449902652247
O2t_e,3,maximum,-0.23547710904576924
O2t_e,3,mean_range,-1.4641537458339612e-13
O2t_e,3,mean_midpoint,-4.796337504797712
O2t_e,3,median_range,-3.019806626980426e-14
O2t_e,3,median_midpoint,-4.709542180906471
O2t_e,3,std_range,6.018651303964939e-13
O2t_e,3,frac_fixed,1.0
O2t_e,3,frac_variable,0.0
O2t_e,3,frac_bidirectional,0.0
O2t_e,4,minimum,-11.53837834322039
O2t_e,4,maximum,-9.419084361813418
O2t_e,4,mean_range,-3.979039320256561e-13
O2t_e,4,mean_midpoint,-10.540870014425689
O2t_e,4,median_range,-2.8421709430404007e-13
O2t_e,4,median_midpoint,-10.596469907039838
O2t_e,4,std_range,5.453253036446568e-13
O2t_e,4,frac_fixed,1.0
O2t_e,4,frac_variable,0.0
O2t_e,4,frac_bidirectional,0.0
O2t_e,5,minimum,-11.80337349221894
O2t_e,5,maximum,-11.44140608709566
O2t_e,5,mean_range,0.202644869439118
O2t_e,5,mean_midpoint,-11.692211710848504
O2t_e,5,median_range,0.2026448694392684
O2t_e,5,median_midpoint,-11.69221171084843
O2t_e,5,std_range,0.1300863056509158
O2t_e,5,frac_fixed,0.0
O2t_e,5,frac_variable,1.0
O2t_e,5,frac_bidirectional,0.0
O2t_e,6,minimum,-12.2363047448575
O2t_e,6,maximum,-10.126774152010762
O2t_e,6,mean_range,0.6510888256730816
O2t_e,6,mean_midpoint,-11.674119075700386
O2t_e,6,median_range,0.5742889947860368
O2t_e,6,median_midpoint,-11.695030905429357
O2t_e,6,std_range,0.4578024360555049
O2t_e,6,frac_fixed,0.0
O2t_e,6,frac_variable,1.0
O2t_e,6,frac_bidirectional,0.0
O2t_e,7,minimum,-12.255983438159253
O2t_e,7,maximum,-7.018343948526896
O2t_e,7,mean_range,2.428350819987254
O2t_e,7,mean_midpoint,-10.946535804552154
O2t_e,7,median_range,2.321835840325459
O2t_e,7,median_midpoint,-10.96190073292211
O2t_e,7,std_range,1.1002455877896784
O2t_e,7,frac_fixed,0.0
O2t_e,7,frac_variable,1.0
O2t_e,7,frac_bidirectional,0.0
O2t_e,8,minimum,-12.255983438159253
O2t_e,8,maximum,-6.282394581438252
O2t_e,8,mean_range,3.719757084045063
O2t_e,8,mean_midpoint,-10.233287136080552
O2t_e,8,median_range,3.865731584990743
O2t_e,8,median_midpoint,-10.185366792551612
O2t_e,8,std_range,1.3278794452385845
O2t_e,8,frac_fixed,0.0
O2t_e,8,frac_variable,1.0
O2t_e,8,frac_bidirectional,0.0
O2t_e,9,minimum,-12.255983438159253
O2t_e,9,maximum,-0.39479964473020956
O2t_e,9,mean_range,3.723447649062572
O2t_e,9,mean_midpoint,-7.572163781912299
O2t_e,9,median_range,3.716287015815423
O2t_e,9,median_midpoint,-8.386146878674191
O2t_e,9,std_range,2.091193847142147
O2t_e,9,frac_fixed,0.0
O2t_e,9,frac_variable,1.0
O2t_e,9,frac_bidirectional,0.0
O2t_e,10,minimum,-11.921445652029456
O2t_e,10,maximum,-9.605424474404089
O2t_e,10,mean_range,1.4424805215747785
O2t_e,10,mean_midpoint,-10.99218759164423
O2t_e,10,median_range,1.4460475274971838
O2t_e,10,median_midpoint,-11.008282426174274
O2t_e,10,std_range,0.44136905278510546
O2t_e,10,frac_fixed,0.0
O2t_e,10,frac_variable,1.0
O2t_e,10,frac_bidirectional,0.0
O2t_e,11,minimum,-11.598264050170425
O2t_e,11,maximum,-9.509591207741016
O2t_e,11,mean_range,0.4397597792380825
O2t_e,11,mean_midpoint,-10.672081753722274
O2t_e,11,median_range,0.4722507378176566
O2t_e,11,median_midpoint,-10.657787500272878
O2t_e,11,std_range,0.23631165850431574
O2t_e,11,frac_fixed,0.0
O2t_e,11,frac_variable,1.0
O2t_e,11,frac_bidirectional,0.0
O2t_e,12,minimum,-12.255983438159253
O2t_e,12,maximum,-11.77385545226608
O2t_e,12,mean_range,-7.172582311285645e-14
O2t_e,12,mean_midpoint,-12.015281027682924
O2t_e,12,median_range,0.0
O2t_e,12,median_midpoint,-12.014919445212668
O2t_e,12,std_range,2.6829223022557204e-13
O2t_e,12,frac_fixed,1.0
O2t_e,12,frac_variable,0.0
O2t_e,12,frac_bidirectional,0.0
O2t_e,13,minimum,-12.265822784810128
O2t_e,13,maximum,-12.265822784810128
O2t_e,13,mean_range,0.0
O2t_e,13,mean_midpoint,-12.265822784810128
O2t_e,13,median_range,0.0
O2t_e,13,median_midpoint,-12.265822784810128
O2t_e,13,std_range,0.0
O2t_e,13,frac_fixed,1.0
O2t_e,13,frac_variable,0.0
O2t_e,13,frac_bidirectional,0.0
O2t_e,14,minimum,0.0
O2t_e,14,maximum,0.0
O2t_e,14,mean_range,0.0
O2t_e,14,mean_midpoint,0.0
O2t_e,14,median_range,0.0
O2t_e,14,median_midpoint,0.0
O2t_e,14,std_range,0.0
O2t_e,14,frac_fixed,1.0
O2t_e,14,frac_variable,0.0
O2t_e,14,frac_bidirectional,0.0
SAHH_c,1,minimum,-18.153417721518977
SAHH_c,1,maximum,0.0
SAHH_c,1,mean_range,12.501326582278466
SAHH_c,1,mean_midpoint,-6.250663291139233
SAHH_c,1,median_range,13.737721518987367
SAHH_c,1,median_midpoint,-6.868860759493684
SAHH_c,1,std_range,4.700089159323022
SAHH_c,1,frac_fixed,0.0
SAHH_c,1,frac_variable,1.0
SAHH_c,1,frac_bidirectional,0.0
SAHH_c,2,minimum,-11.775189873417732
SAHH_c,2,maximum,0.0
SAHH_c,2,mean_range,6.132911392405046
SAHH_c,2,mean_midpoint,-3.066455696202523
SAHH_c,2,median_range,6.132911392405066
SAHH_c,2,median_midpoint,-3.066455696202533
SAHH_c,2,std_range,3.396252541420946
SAHH_c,2,frac_fixed,0.0
SAHH_c,2,frac_variable,1.0
SAHH_c,2,frac_bidirectional,0.0
SAHH_c,3,minimum,-0.04198141551932415
SAHH_c,3,maximum,-0.0010511631010704941
SAHH_c,3,mean_range,-2.4835083135046844e-13
SAHH_c,3,mean_midpoint,-0.021410713872508813
SAHH_c,3,median_range,-4.654956975436164e-14
SAHH_c,3,median_midpoint,-0.021023262021434105
SAHH_c,3,std_range,2.4937294380894815e-12
SAHH_c,3,frac_fixed,1.0
SAHH_c,3,frac_variable,0.0
SAHH_c,3,frac_bidirectional,0.0
SAHH_c,4,minimum,-0.051506991949693784
SAHH_c,4,maximum,-0.042046524042819784
SAHH_c,4,mean_range,-7.307306469319139e-13
SAHH_c,4,mean_midpoint,-0.0470541432123934
SAHH_c,4,median_range,-8.989614608267971e-13
SAHH_c,4,median_midpoint,-0.0473023395466831
SAHH_c,4,std_range,2.4101187055647177e-12
SAHH_c,4,frac_fixed,1.0
SAHH_c,4,frac_variable,0.0
SAHH_c,4,frac_bidirectional,0.0
SAHH_c,5,minimum,-0.7733394759967839
SAHH_c,5,maximum,-0.04940466575031324
SAHH_c,5,mean_range,0.4052897388774522
SAHH_c,5,mean_midpoint,-0.2531006982901134
SAHH_c,5,median_range,0.4052897388780946
SAHH_c,5,median_midpoint,-0.253100698290431
SAHH_c,5,std_range,0.26017261130253705
SAHH_c,5,frac_fixed,0.0
SAHH_c,5,frac_variable,1.0
SAHH_c,5,frac_bidirectional,0.0
SAHH_c,6,minimum,-3.719271359579236
SAHH_c,6,maximum,-0.003153489303211484
SAHH_c,6,mean_range,1.3021776513462382
SAHH_c,6,mean_midpoint,-0.6795233184475314
SAHH_c,6,median_range,1.1485779895701969
SAHH_c,6,median_midpoint,-0.6052983062666781
SAHH_c,6,std_range,0.9156048721111048
SAHH_c,6,frac_fixed,0.0
SAHH_c,6,frac_variable,1.0
SAHH_c,6,frac_bidirectional,0.0
SAHH_c,7,minimum,-10.476330142366074
SAHH_c,7,maximum,-0.001051163101070493
SAHH_c,7,mean_range,4.856701639974927
SAHH_c,7,mean_midpoint,-2.439580163568691
SAHH_c,7,median_range,4.643671680650989
SAHH_c,7,median_midpoint,-2.3423495653090733
SAHH_c,7,std_range,2.2004911755790753
SAHH_c,7,frac_fixed,0.0
SAHH_c,7,frac_variable,1.0
SAHH_c,7,frac_bidirectional,0.0
SAHH_c,8,minimum,-11.94822887654393
SAHH_c,8,maximum,-0.0010511631010704935
SAHH_c,8,mean_range,7.439514168090364
SAHH_c,8,mean_midpoint,-3.7382024936996823
SAHH_c,8,median_range,7.731463169980342
SAHH_c,8,median_midpoint,-3.881499031506206
SAHH_c,8,std_range,2.6557588904771645
SAHH_c,8,frac_fixed,0.0
SAHH_c,8,frac_variable,1.0
SAHH_c,8,frac_bidirectional,0.0
SAHH_c,9,minimum,-17.835823813253043
SAHH_c,9,maximum,-0.0010511631010103883
SAHH_c,9,mean_range,8.520162143297382
SAHH_c,9,mean_midpoint,-4.276107152319669
SAHH_c,9,median_range,8.690061594453873
SAHH_c,9,median_midpoint,-4.368156385450487
SAHH_c,9,std_range,4.391941027000126
SAHH_c,9,frac_fixed,0.0
SAHH_c,9,frac_variable,1.0
SAHH_c,9,frac_bidirectional,0.0
SAHH_c,10,minimum,-4.439911470062754
SAHH_c,10,maximum,-0.03679070853746731
SAHH_c,10,mean_range,3.069906890745567
SAHH_c,10,mean_midpoint,-1.576766377615364
SAHH_c,10,median_range,3.1264381498483074
SAHH_c,10,median_midpoint,-1.6063167620680439
SAHH_c,10,std_range,0.8621313705263529
SAHH_c,10,frac_fixed,0.0
SAHH_c,10,frac_variable,1.0
SAHH_c,10,frac_bidirectional,0.0
SAHH_c,11,minimum,-2.216754112195259
SAHH_c,11,maximum,-0.04099536094179257
SAHH_c,11,mean_range,1.1878540323072448
SAHH_c,11,mean_midpoint,-0.6396930404002389
SAHH_c,11,median_range,1.287956557685975
SAHH_c,11,median_midpoint,-0.6923317814922303
SAHH_c,11,std_range,0.6254560681495558
SAHH_c,11,frac_fixed,0.0
SAHH_c,11,frac_variable,1.0
SAHH_c,11,frac_bidirectional,0.0
SAHH_c,12,minimum,-0.05255815505217599
SAHH_c,12,maximum,-0.0010511631011240752
SAHH_c,12,mean_range,-3.178694577837341e-13
SAHH_c,12,mean_midpoint,-0.02676603027748333
SAHH_c,12,median_range,-1.2535979199146396e-14
SAHH_c,12,median_midpoint,-0.026804659076665335
SAHH_c,12,std_range,1.2023116684477268e-12
SAHH_c,12,frac_fixed,1.0
SAHH_c,12,frac_variable,0.0
SAHH_c,12,frac_bidirectional,0.0
SAHH_c,13,minimum,0.0
SAHH_c,13,maximum,0.0
SAHH_c,13,mean_range,0.0
SAHH_c,13,mean_midpoint,0.0
SAHH_c,13,median_range,0.0
SAHH_c,13,median_midpoint,0.0
SAHH_c,13,std_range,0.0
SAHH_c,13,frac_fixed,1.0
SAHH_c,13,frac_variable,0.0
SAHH_c,13,frac_bidirectional,0.0
SAHH_c,14,minimum,0.0
SAHH_c,14,maximum,0.0
SAHH_c,14,mean_range,0.0
SAHH_c,14,mean_midpoint,0.0
SAHH_c,14,median_range,0.0
SAHH_c,14,median_midpoint,0.0
SAHH_c,14,std_range,0.0
SAHH_c,14,frac_fixed,1.0
SAHH_c,14,frac_variable,0.0
SAHH_c,14,frac_bidirectional,0.0
SO3R_h,1,minimum,0.0
SO3R_h,1,maximum,1.5165017261221145
SO3R_h,1,mean_range,0.9973228998849304
SO3R_h,1,mean_midpoint,0.4986614499424652
SO3R_h,1,median_range,1.1596777905638878
SO3R_h,1,median_midpoint,0.5798388952819439
SO3R_h,1,std_range,0.42663968367144367
SO3R_h,1,frac_fixed,0.0
SO3R_h,1,frac_variable,1.0
SO3R_h,1,frac_bidirectional,0.0
SO3R_h,2,minimum,0.0
SO3R_h,2,maximum,1.0704718066743395
SO3R_h,2,mean_range,0.5575373993095392
SO3R_h,2,mean_midpoint,0.2787686996547696
SO3R_h,2,median_range,0.5575373993095536
SO3R_h,2,median_midpoint,0.2787686996547768
SO3R_h,2,std_range,0.308750231038268
SO3R_h,2,frac_fixed,0.0
SO3R_h,2,frac_variable,1.0
SO3R_h,2,frac_bidirectional,0.0
SO3R_h,3,minimum,0.00023335192099237532
SO3R_h,3,maximum,0.009319623137674836
SO3R_h,3,mean_range,-5.685779988207702e-14
SO3R_h,3,mean_midpoint,0.004753050413278832
SO3R_h,3,median_range,-8.556350072908003e-14
SO3R_h,3,median_midpoint,0.004667038419600796
SO3R_h,3,std_range,4.874814416210567e-13
SO3R_h,3,frac_fixed,1.0
SO3R_h,3,frac_variable,0.0
SO3R_h,3,frac_bidirectional,0.0
SO3R_h,4,minimum,0.009334076839695025
SO3R_h,4,maximum,0.011434244128449327
SO3R_h,4,mean_range,-2.0224100172328008e-13
SO3R_h,4,mean_midpoint,0.010445738342659234
SO3R_h,4,median_range,-1.9163837183810983e-13
SO3R_h,4,median_midpoint,0.010500836444542475
SO3R_h,4,std_range,5.668946078237207e-13
SO3R_h,4,frac_fixed,1.0
SO3R_h,4,frac_variable,0.0
SO3R_h,4,frac_bidirectional,0.0
SO3R_h,5,minimum,0.010967540286641661
SO3R_h,5,maximum,0.07677979576468923
SO3R_h,5,mean_range,0.03684452171654819
SO3R_h,5,mean_midpoint,0.02962315306590817
SO3R_h,5,median_range,0.03684452171629479
SO3R_h,5,median_midpoint,0.029623153065781414
SO3R_h,5,std_range,0.023652055573385445
SO3R_h,5,frac_fixed,0.0
SO3R_h,5,frac_variable,1.0
SO3R_h,5,frac_bidirectional,0.0
SO3R_h,6,minimum,0.0007000557629771258
SO3R_h,6,maximum,0.342249327316591
SO3R_h,6,mean_range,0.11837978648596753
SO3R_h,6,mean_midpoint,0.06550218056033306
SO3R_h,6,median_range,0.10441618087025595
SO3R_h,6,median_midpoint,0.05848884494421756
SO3R_h,6,std_range,0.08323680655553344
SO3R_h,6,frac_fixed,0.0
SO3R_h,6,frac_variable,1.0
SO3R_h,6,frac_bidirectional,0.0
SO3R_h,7,minimum,0.00023335192099236817
SO3R_h,7,maximum,0.9525314409446003
SO3R_h,7,mean_range,0.4415183309067467
SO3R_h,7,mean_midpoint,0.22325201256101393
SO3R_h,7,median_range,0.42215197096831986
SO3R_h,7,median_midpoint,0.2155250402842888
SO3R_h,7,std_range,0.20004465232539517
SO3R_h,7,frac_fixed,0.0
SO3R_h,7,frac_variable,1.0
SO3R_h,7,frac_bidirectional,0.0
SO3R_h,8,minimum,0.0002333519209923751
SO3R_h,8,maximum,1.0863404167787512
SO3R_h,8,mean_range,0.6763194698263328
SO3R_h,8,mean_midpoint,0.3422545055267707
SO3R_h,8,median_range,0.7028602881799514
SO3R_h,8,median_midpoint,0.3549304229048613
SO3R_h,8,std_range,0.2414326264070233
SO3R_h,8,frac_fixed,0.0
SO3R_h,8,frac_variable,1.0
SO3R_h,8,frac_bidirectional,0.0
SO3R_h,9,minimum,0.0002333519209923659
SO3R_h,9,maximum,1.4877673442796893
SO3R_h,9,mean_range,0.6769904816477365
SO3R_h,9,mean_midpoint,0.34205293487414734
SO3R_h,9,median_range,0.6756885483297288
SO3R_h,9,median_midpoint,0.34161003286980934
SO3R_h,9,std_range,0.380217063116718
SO3R_h,9,frac_fixed,0.0
SO3R_h,9,frac_variable,1.0
SO3R_h,9,frac_bidirectional,0.0
SO3R_h,10,minimum,0.008167317234733055
SO3R_h,10,maximum,0.404075903632201
SO3R_h,10,mean_range,0.26226918574106667
SO3R_h,10,mean_midpoint,0.14041681372778558
SO3R_h,10,median_range,0.26291773227297704
SO3R_h,10,median_midpoint,0.14032623913419875
SO3R_h,10,std_range,0.08024891868802965
SO3R_h,10,frac_fixed,0.0
SO3R_h,10,frac_variable,1.0
SO3R_h,10,frac_bidirectional,0.0
SO3R_h,11,minimum,0.009100724918702651
SO3R_h,11,maximum,0.16492639104534923
SO3R_h,11,mean_range,0.07995632349763925
SO3R_h,11,mean_midpoint,0.050137945385872275
SO3R_h,11,median_range,0.08586377051214944
SO3R_h,11,median_midpoint,0.053666073621723986
SO3R_h,11,std_range,0.042965756091563556
SO3R_h,11,frac_fixed,0.0
SO3R_h,11,frac_variable,1.0
SO3R_h,11,frac_bidirectional,0.0
SO3R_h,12,minimum,0.00023335192099237521
SO3R_h,12,maximum,0.011667596048922016
SO3R_h,12,mean_range,-3.2594093902646954e-13
SO3R_h,12,mean_midpoint,0.005941898622672833
SO3R_h,12,median_range,-3.6366829686551583e-13
SO3R_h,12,median_midpoint,0.005950473985068582
SO3R_h,12,std_range,1.6616218895347367e-12
SO3R_h,12,frac_fixed,1.0
SO3R_h,12,frac_variable,0.0
SO3R_h,12,frac_bidirectional,0.0
SO3R_h,13,minimum,0.0
SO3R_h,13,maximum,0.0
SO3R_h,13,mean_range,0.0
SO3R_h,13,mean_midpoint,0.0
SO3R_h,13,median_range,0.0
SO3R_h,13,median_midpoint,0.0
SO3R_h,13,std_range,0.0
SO3R_h,13,frac_fixed,1.0
SO3R_h,13,frac_variable,0.0
SO3R_h,13,frac_bidirectional,0.0
SO3R_h,14,minimum,0.0
SO3R_h,14,maximum,0.0
SO3R_h,14,mean_range,0.0
SO3R_h,14,mean_midpoint,0.0
SO3R_h,14,median_range,0.0
SO3R_h,14,median_midpoint,0.0
SO3R_h,14,std_range,0.0
SO3R_h,14,frac_fixed,1.0
SO3R_h,14,frac_variable,0.0
SO3R_h,14,frac_bidirectional,0.0
PRAI_c,1,minimum,0.0
PRAI_c,1,maximum,1.103924050632966
PRAI_c,1,mean_range,0.6942455696202532
PRAI_c,1,mean_midpoint,0.3471227848101266
PRAI_c,1,median_range,0.7972784810126504
PRAI_c,1,median_midpoint,0.3986392405063252
PRAI_c,1,std_range,0.32604551761783057
PRAI_c,1,frac_fixed,0.0
PRAI_c,1,frac_variable,1.0
PRAI_c,1,frac_bidirectional,0.0
PRAI_c,2,minimum,0.0
PRAI_c,2,maximum,0.8410849909584096
PRAI_c,2,mean_range,0.4380650994575031
PRAI_c,2,mean_midpoint,0.21903254972875155
PRAI_c,2,median_range,0.4380650994575047
PRAI_c,2,median_midpoint,0.21903254972875236
PRAI_c,2,std_range,0.24258946724435934
PRAI_c,2,frac_fixed,0.0
PRAI_c,2,frac_variable,1.0
PRAI_c,2,frac_bidirectional,0.0
PRAI_c,3,minimum,0.00011090115244608368
PRAI_c,3,maximum,0.004429176935474177
PRAI_c,3,mean_range,-1.0406590534193233e-14
PRAI_c,3,mean_midpoint,0.002258900489129116
PRAI_c,3,median_range,-1.1100929203644583e-14
PRAI_c,3,median_midpoint,0.0022180230489218045
PRAI_c,3,std_range,7.978728912382118e-14
PRAI_c,3,frac_fixed,1.0
PRAI_c,3,frac_variable,0.0
PRAI_c,3,frac_bidirectional,0.0
PRAI_c,4,minimum,0.004436046097843347
PRAI_c,4,maximum,0.005434156469749762
PRAI_c,4,mean_range,-5.045376509744852e-14
PRAI_c,4,mean_midpoint,0.004964366333175941
PRAI_c,4,median_range,-5.283794235477757e-14
PRAI_c,4,median_midpoint,0.004990551860007419
PRAI_c,4,std_range,6.049823600130543e-14
PRAI_c,4,frac_fixed,1.0
PRAI_c,4,frac_variable,0.0
PRAI_c,4,frac_bidirectional,0.0
PRAI_c,5,minimum,0.005212354164965932
PRAI_c,5,maximum,0.05692198346829613
PRAI_c,5,mean_range,0.0289492670626426
PRAI_c,5,mean_midpoint,0.019797888848733316
PRAI_c,5,median_range,0.028949267062473378
PRAI_c,5,median_midpoint,0.019797888848648706
PRAI_c,5,std_range,0.01858375795012886
PRAI_c,5,frac_fixed,0.0
PRAI_c,5,frac_variable,1.0
PRAI_c,5,frac_bidirectional,0.0
PRAI_c,6,minimum,0.00033270345733825104
PRAI_c,6,maximum,0.26673678218381114
PRAI_c,6,mean_range,0.09301268938188213
PRAI_c,6,mean_midpoint,0.04950627687529068
PRAI_c,6,median_range,0.08204128496939556
PRAI_c,6,median_midpoint,0.04429222648185724
PRAI_c,6,std_range,0.06540034800793199
PRAI_c,6,frac_fixed,0.0
PRAI_c,6,frac_variable,1.0
PRAI_c,6,frac_bidirectional,0.0
PRAI_c,7,minimum,0.00011090115244608368
PRAI_c,7,maximum,0.7483451139570433
PRAI_c,7,mean_range,0.34690725999818095
PRAI_c,7,mean_midpoint,0.17463836255210968
PRAI_c,7,median_range,0.3316908343322309
PRAI_c,7,median_midpoint,0.1676688639743085
PRAI_c,7,std_range,0.1571779411128135
PRAI_c,7,frac_fixed,0.0
PRAI_c,7,frac_variable,1.0
PRAI_c,7,frac_bidirectional,0.0
PRAI_c,8,minimum,0.00011090115244608368
PRAI_c,8,maximum,0.8534807378268614
PRAI_c,8,mean_range,0.531393869149318
PRAI_c,8,mean_midpoint,0.2676429857497248
PRAI_c,8,median_range,0.5522473692844314
PRAI_c,8,median_midpoint,0.27778720192890693
PRAI_c,8,std_range,0.18969706360549088
PRAI_c,8,frac_fixed,0.0
PRAI_c,8,frac_variable,1.0
PRAI_c,8,frac_bidirectional,0.0
PRAI_c,9,minimum,0.00011090115244608368
PRAI_c,9,maximum,1.0825364717823815
PRAI_c,9,mean_range,0.4694627035897863
PRAI_c,9,mean_midpoint,0.23642215583262557
PRAI_c,9,median_range,0.4533028009644008
PRAI_c,9,median_midpoint,0.22842581892133773
PRAI_c,9,std_range,0.2815968830644633
PRAI_c,9,frac_fixed,0.0
PRAI_c,9,frac_variable,1.0
PRAI_c,9,frac_bidirectional,0.0
PRAI_c,10,minimum,0.0038815403356129287
PRAI_c,10,maximum,0.3060660554378903
PRAI_c,10,mean_range,0.1888601353984976
PRAI_c,10,mean_midpoint,0.09884146909654855
PRAI_c,10,median_range,0.18827180274687377
PRAI_c,10,median_midpoint,0.09868284862372631
PRAI_c,10,std_range,0.06263871995638795
PRAI_c,10,frac_fixed,0.0
PRAI_c,10,frac_variable,1.0
PRAI_c,10,frac_bidirectional,0.0
PRAI_c,11,minimum,0.0043251449453972635
PRAI_c,11,maximum,0.10154146728376368
PRAI_c,11,mean_range,0.0499727021858906
PRAI_c,11,mean_midpoint,0.029814816653290173
PRAI_c,11,median_range,0.05366485656684227
PRAI_c,11,median_midpoint,0.031933881295940984
PRAI_c,11,std_range,0.026853597557273207
PRAI_c,11,frac_fixed,0.0
PRAI_c,11,frac_variable,1.0
PRAI_c,11,frac_bidirectional,0.0
PRAI_c,12,minimum,0.00011090115244608368
PRAI_c,12,maximum,0.005545057622291314
PRAI_c,12,mean_range,-3.328602594451196e-14
PRAI_c,12,mean_midpoint,0.0028239039223848404
PRAI_c,12,median_range,-3.055124512749141e-14
PRAI_c,12,median_midpoint,0.0028279793873859944
PRAI_c,12,std_range,5.830313336594415e-14
PRAI_c,12,frac_fixed,1.0
PRAI_c,12,frac_variable,0.0
PRAI_c,12,frac_bidirectional,0.0
PRAI_c,13,minimum,0.0
PRAI_c,13,maximum,0.0
PRAI_c,13,mean_range,0.0
PRAI_c,13,mean_midpoint,0.0
PRAI_c,13,median_range,0.0
PRAI_c,13,median_midpoint,0.0
PRAI_c,13,std_range,0.0
PRAI_c,13,frac_fixed,1.0
PRAI_c,13,frac_variable,0.0
PRAI_c,13,frac_bidirectional,0.0
PRAI_c,14,minimum,0.0
PRAI_c,14,maximum,0.0
PRAI_c,14,mean_range,0.0
PRAI_c,14,mean_midpoint,0.0
PRAI_c,14,median_range,0.0
PRAI_c,14,median_midpoint,0.0
PRAI_c,14,std_range,0.0
PRAI_c,14,frac_fixed,1.0
PRAI_c,14,frac_variable,0.0
PRAI_c,14,frac_bidirectional,0.0
CHRL_h,1,minimum,0.0
CHRL_h,1,maximum,1.1039240506329098
CHRL_h,1,mean_range,0.6942455696202569
CHRL_h,1,mean_midpoint,0.3471227848101284
CHRL_h,1,median_range,0.7972784810126585
CHRL_h,1,median_midpoint,0.39863924050632926
CHRL_h,1,std_range,0.32604551761782724
CHRL_h,1,frac_fixed,0.0
CHRL_h,1,frac_variable,1.0
CHRL_h,1,frac_bidirectional,0.0
CHRL_h,2,minimum,0.0
CHRL_h,2,maximum,0.8410849909584058
CHRL_h,2,mean_range,0.43806509945750177
CHRL_h,2,mean_midpoint,0.21903254972875089
CHRL_h,2,median_range,0.4380650994575054
CHRL_h,2,median_midpoint,0.2190325497287527
CHRL_h,2,std_range,0.24258946724435063
CHRL_h,2,frac_fixed,0.0
CHRL_h,2,frac_variable,1.0
CHRL_h,2,frac_bidirectional,0.0
CHRL_h,3,minimum,0.00011090115244608368
CHRL_h,3,maximum,0.004429176935470189
CHRL_h,3,mean_range,-9.92539143649314e-15
CHRL_h,3,mean_midpoint,0.0022589004891293563
CHRL_h,3,median_range,-5.403663627667754e-15
CHRL_h,3,median_midpoint,0.002218023048882588
CHRL_h,3,std_range,6.84693400738699e-14
CHRL_h,3,frac_fixed,1.0
CHRL_h,3,frac_variable,0.0
CHRL_h,3,frac_bidirectional,0.0
CHRL_h,4,minimum,0.004436046097843347
CHRL_h,4,maximum,0.005434156469744877
CHRL_h,4,mean_range,2.4258106207524905e-14
CHRL_h,4,mean_midpoint,0.004964366333213297
CHRL_h,4,median_range,8.347489366400396e-15
CHRL_h,4,median_midpoint,0.004990551860150776
CHRL_h,4,std_range,9.335679485254598e-14
CHRL_h,4,frac_fixed,1.0
CHRL_h,4,frac_variable,0.0
CHRL_h,4,frac_bidirectional,0.0
CHRL_h,5,minimum,0.005212354164965932
CHRL_h,5,maximum,0.05692198346831559
CHRL_h,5,mean_range,0.02894926706284023
CHRL_h,5,mean_midpoint,0.019797888848832133
CHRL_h,5,median_range,0.02894926706298748
CHRL_h,5,median_midpoint,0.019797888848905758
CHRL_h,5,std_range,0.018583757950112578
CHRL_h,5,frac_fixed,0.0
CHRL_h,5,frac_variable,1.0
CHRL_h,5,frac_bidirectional,0.0
CHRL_h,6,minimum,0.00033270345733825104
CHRL_h,6,maximum,0.2667367821837897
CHRL_h,6,mean_range,0.09301268938186408
CHRL_h,6,mean_midpoint,0.049506276875281655
CHRL_h,6,median_range,0.08204128496940721
CHRL_h,6,median_midpoint,0.04429222648186307
CHRL_h,6,std_range,0.06540034800794253
CHRL_h,6,frac_fixed,0.0
CHRL_h,6,frac_variable,1.0
CHRL_h,6,frac_bidirectional,0.0
CHRL_h,7,minimum,0.00011090115244608368
CHRL_h,7,maximum,0.7483451139570789
CHRL_h,7,mean_range,0.34690725999817684
CHRL_h,7,mean_midpoint,0.1746383625521076
CHRL_h,7,median_range,0.33169083433221164
CHRL_h,7,median_midpoint,0.16766886397431435
CHRL_h,7,std_range,0.157177941112803
CHRL_h,7,frac_fixed,0.0
CHRL_h,7,frac_variable,1.0
CHRL_h,7,frac_bidirectional,0.0
CHRL_h,8,minimum,0.00011090115244608368
CHRL_h,8,maximum,0.8534807378268948
CHRL_h,8,mean_range,0.5313938691493038
CHRL_h,8,mean_midpoint,0.26764298574971773
CHRL_h,8,median_range,0.5522473692844478
CHRL_h,8,median_midpoint,0.27778720192891526
CHRL_h,8,std_range,0.18969706360551378
CHRL_h,8,frac_fixed,0.0
CHRL_h,8,frac_variable,1.0
CHRL_h,8,frac_bidirectional,0.0
CHRL_h,9,minimum,0.00011090115244608368
CHRL_h,9,maximum,1.082536471782355
CHRL_h,9,mean_range,0.46946270358977105
CHRL_h,9,mean_midpoint,0.23642215583261797
CHRL_h,9,median_range,0.4533028009644507
CHRL_h,9,median_midpoint,0.22842581892136268
CHRL_h,9,std_range,0.28159688306445885
CHRL_h,9,frac_fixed,0.0
CHRL_h,9,frac_variable,1.0
CHRL_h,9,frac_bidirectional,0.0
CHRL_h,10,minimum,0.0038815403356129287
CHRL_h,10,maximum,0.3060660554379604
CHRL_h,10,mean_range,0.18886013539851038
CHRL_h,10,mean_midpoint,0.09884146909655496
CHRL_h,10,median_range,0.188271802747023
CHRL_h,10,median_midpoint,0.09868284862380092
CHRL_h,10,std_range,0.06263871995638418
CHRL_h,10,frac_fixed,0.0
CHRL_h,10,frac_variable,1.0
CHRL_h,10,frac_bidirectional,0.0
CHRL_h,11,minimum,0.0043251449453972635
CHRL_h,11,maximum,0.10154146728371762
CHRL_h,11,mean_range,0.049972702186142255
CHRL_h,11,mean_midpoint,0.029814816653416003
CHRL_h,11,median_range,0.05366485657011734
CHRL_h,11,median_midpoint,0.03193388129757852
CHRL_h,11,std_range,0.02685359755730461
CHRL_h,11,frac_fixed,0.0
CHRL_h,11,frac_variable,1.0
CHRL_h,11,frac_bidirectional,0.0
CHRL_h,12,minimum,0.00011090115244608368
CHRL_h,12,maximum,0.005545057622214753
CHRL_h,12,mean_range,-3.516431613361992e-14
CHRL_h,12,mean_midpoint,0.002823903922383901
CHRL_h,12,median_range,-2.799174195385057e-14
CHRL_h,12,median_midpoint,0.0028279793874018753
CHRL_h,12,std_range,5.6266832119444546e-14
CHRL_h,12,frac_fixed,1.0
CHRL_h,12,frac_variable,0.0
CHRL_h,12,frac_bidirectional,0.0
CHRL_h,13,minimum,0.0
CHRL_h,13,maximum,0.0
CHRL_h,13,mean_range,0.0
CHRL_h,13,mean_midpoint,0.0
CHRL_h,13,median_range,0.0
CHRL_h,13,median_midpoint,0.0
CHRL_h,13,std_range,0.0
CHRL_h,13,frac_fixed,1.0
CHRL_h,13,frac_variable,0.0
CHRL_h,13,frac_bidirectional,0.0
CHRL_h,14,minimum,0.0
CHRL_h,14,maximum,0.0
CHRL_h,14,mean_range,0.0
CHRL_h,14,mean_midpoint,0.0
CHRL_h,14,median_range,0.0
CHRL_h,14,median_midpoint,0.0
CHRL_h,14,std_range,0.0
CHRL_h,14,frac_fixed,1.0
CHRL_h,14,frac_variable,0.0
CHRL_h,14,frac_bidirectional,0.0
ANPRT_c,1,minimum,0.0
ANPRT_c,1,maximum,1.1039240506329169
ANPRT_c,1,mean_range,0.6942455696202855
ANPRT_c,1,mean_midpoint,0.34712278481014275
ANPRT_c,1,median_range,0.7972784810126579
ANPRT_c,1,median_midpoint,0.39863924050632893
ANPRT_c,1,std_range,0.326045517617812
ANPRT_c,1,frac_fixed,0.0
ANPRT_c,1,frac_variable,1.0
ANPRT_c,1,frac_bidirectional,0.0
ANPRT_c,2,minimum,0.0
ANPRT_c,2,maximum,0.8410849909584018
ANPRT_c,2,mean_range,0.43806509945750927
ANPRT_c,2,mean_midpoint,0.21903254972875463
ANPRT_c,2,median_range,0.4380650994574927
ANPRT_c,2,median_midpoint,0.21903254972874636
ANPRT_c,2,std_range,0.24258946724435373
ANPRT_c,2,frac_fixed,0.0
ANPRT_c,2,frac_variable,1.0
ANPRT_c,2,frac_bidirectional,0.0
ANPRT_c,3,minimum,0.00011090115244608368
ANPRT_c,3,maximum,0.004429176935385859
ANPRT_c,3,mean_range,-4.029690090317629e-14
ANPRT_c,3,mean_midpoint,0.0022589004891141705
ANPRT_c,3,median_range,-2.968415444004613e-14
ANPRT_c,3,median_midpoint,0.0022180230489617725
ANPRT_c,3,std_range,2.0965332828949184e-13
ANPRT_c,3,frac_fixed,1.0
ANPRT_c,3,frac_variable,0.0
ANPRT_c,3,frac_bidirectional,0.0
ANPRT_c,4,minimum,0.004436046097843347
ANPRT_c,4,maximum,0.005434156469752301
ANPRT_c,4,mean_range,7.0002764269033305e-15
ANPRT_c,4,mean_midpoint,0.004964366333204668
ANPRT_c,4,median_range,5.009187509230628e-14
ANPRT_c,4,median_midpoint,0.004990551860044084
ANPRT_c,4,std_range,1.654959738562354e-13
ANPRT_c,4,frac_fixed,1.0
ANPRT_c,4,frac_variable,0.0
ANPRT_c,4,frac_bidirectional,0.0
ANPRT_c,5,minimum,0.005212354164965932
ANPRT_c,5,maximum,0.056921983468234405
ANPRT_c,5,mean_range,0.02894926706296445
ANPRT_c,5,mean_midpoint,0.019797888848894243
ANPRT_c,5,median_range,0.028949267062975754
ANPRT_c,5,median_midpoint,0.019797888848899894
ANPRT_c,5,std_range,0.018583757949889364
ANPRT_c,5,frac_fixed,0.0
ANPRT_c,5,frac_variable,1.0
ANPRT_c,5,frac_bidirectional,0.0
ANPRT_c,6,minimum,0.00033270345733825104
ANPRT_c,6,maximum,0.26673678218381813
ANPRT_c,6,mean_range,0.0930126893818653
ANPRT_c,6,mean_midpoint,0.049506276875282265
ANPRT_c,6,median_range,0.08204128496949462
ANPRT_c,6,median_midpoint,0.04429222648190677
ANPRT_c,6,std_range,0.06540034800793733
ANPRT_c,6,frac_fixed,0.0
ANPRT_c,6,frac_variable,1.0
ANPRT_c,6,frac_bidirectional,0.0
ANPRT_c,7,minimum,0.00011090115244608368
ANPRT_c,7,maximum,0.7483451139572708
ANPRT_c,7,mean_range,0.34690725999818106
ANPRT_c,7,mean_midpoint,0.1746383625521097
ANPRT_c,7,median_range,0.33169083433227603
ANPRT_c,7,median_midpoint,0.16766886397428898
ANPRT_c,7,std_range,0.15717794111281813
ANPRT_c,7,frac_fixed,0.0
ANPRT_c,7,frac_variable,1.0
ANPRT_c,7,frac_bidirectional,0.0
ANPRT_c,8,minimum,0.00011090115244608368
ANPRT_c,8,maximum,0.8534807378267537
ANPRT_c,8,mean_range,0.5313938691492975
ANPRT_c,8,mean_midpoint,0.2676429857497146
ANPRT_c,8,median_range,0.5522473692844829
ANPRT_c,8,median_midpoint,0.27778720192893275
ANPRT_c,8,std_range,0.18969706360550997
ANPRT_c,8,frac_fixed,0.0
ANPRT_c,8,frac_variable,1.0
ANPRT_c,8,frac_bidirectional,0.0
ANPRT_c,9,minimum,0.00011090115244608368
ANPRT_c,9,maximum,1.0825364717821995
ANPRT_c,9,mean_range,0.46946270358975706
ANPRT_c,9,mean_midpoint,0.236422155832611
ANPRT_c,9,median_range,0.45330280096439635
ANPRT_c,9,median_midpoint,0.2284258189213355
ANPRT_c,9,std_range,0.2815968830644624
ANPRT_c,9,frac_fixed,0.0
ANPRT_c,9,frac_variable,1.0
ANPRT_c,9,frac_bidirectional,0.0
ANPRT_c,10,minimum,0.0038815403356129287
ANPRT_c,10,maximum,0.3060660554376362
ANPRT_c,10,mean_range,0.18886013539844876
ANPRT_c,10,mean_midpoint,0.09884146909652412
ANPRT_c,10,median_range,0.18827180274688537
ANPRT_c,10,median_midpoint,0.09868284862373211
ANPRT_c,10,std_range,0.06263871995632778
ANPRT_c,10,frac_fixed,0.0
ANPRT_c,10,frac_variable,1.0
ANPRT_c,10,frac_bidirectional,0.0
ANPRT_c,11,minimum,0.0043251449453972635
ANPRT_c,11,maximum,0.10154146728380391
ANPRT_c,11,mean_range,0.04997270218611169
ANPRT_c,11,mean_midpoint,0.02981481665340072
ANPRT_c,11,median_range,0.053664856570025336
ANPRT_c,11,median_midpoint,0.03193388129753252
ANPRT_c,11,std_range,0.02685359755728665
ANPRT_c,11,frac_fixed,0.0
ANPRT_c,11,frac_variable,1.0
ANPRT_c,11,frac_bidirectional,0.0
ANPRT_c,12,minimum,0.00011090115244608368
ANPRT_c,12,maximum,0.005545057621851757
ANPRT_c,12,mean_range,-5.057577617287507e-14
ANPRT_c,12,mean_midpoint,0.002823903922376196
ANPRT_c,12,median_range,-3.9752977385593136e-14
ANPRT_c,12,median_midpoint,0.0028279793874614375
ANPRT_c,12,std_range,1.3707230913717786e-13
ANPRT_c,12,frac_fixed,1.0
ANPRT_c,12,frac_variable,0.0
ANPRT_c,12,frac_bidirectional,0.0
ANPRT_c,13,minimum,0.0
ANPRT_c,13,maximum,0.0
ANPRT_c,13,mean_range,0.0
ANPRT_c,13,mean_midpoint,0.0
ANPRT_c,13,median_range,0.0
ANPRT_c,13,median_midpoint,0.0
ANPRT_c,13,std_range,0.0
ANPRT_c,13,frac_fixed,1.0
ANPRT_c,13,frac_variable,0.0
ANPRT_c,13,frac_bidirectional,0.0
ANPRT_c,14,minimum,0.0
ANPRT_c,14,maximum,0.0
ANPRT_c,14,mean_range,0.0
ANPRT_c,14,mean_midpoint,0.0
ANPRT_c,14,median_range,0.0
ANPRT_c,14,median_midpoint,0.0
ANPRT_c,14,std_range,0.0
ANPRT_c,14,frac_fixed,1.0
ANPRT_c,14,frac_variable,0.0
ANPRT_c,14,frac_bidirectional,0.0
EX_o2_e,1,minimum,0.24531645569620336
EX_o2_e,1,maximum,12.265822784810128
EX_o2_e,1,mean_range,5.485275949367093
EX_o2_e,1,mean_midpoint,5.931751898734182
EX_o2_e,1,median_range,6.378227848101268
EX_o2_e,1,median_midpoint,6.697139240506325
EX_o2_e,1,std_range,2.346518260192952
EX_o2_e,1,frac_fixed,0.0
EX_o2_e,1,frac_variable,1.0
EX_o2_e,1,frac_bidirectional,0.0
EX_o2_e,2,minimum,6.378227848101265
EX_o2_e,2,maximum,12.265822784810128
EX_o2_e,2,mean_range,3.066455696202528
EX_o2_e,2,mean_midpoint,10.732594936708864
EX_o2_e,2,median_range,3.066455696202536
EX_o2_e,2,median_midpoint,10.732594936708859
EX_o2_e,2,std_range,1.6981262707104638
EX_o2_e,2,frac_fixed,0.0
EX_o2_e,2,frac_variable,1.0
EX_o2_e,2,frac_bidirectional,0.0
EX_o2_e,3,minimum,0.2354771090453329
EX_o2_e,3,maximum,9.404499026522128
EX_o2_e,3,mean_range,-1.2149453351130304e-13
EX_o2_e,3,mean_midpoint,4.79633750479758
EX_o2_e,3,median_range,-2.4424906541753444e-13
EX_o2_e,3,median_midpoint,4.709542180906354
EX_o2_e,3,std_range,7.970828893777227e-13
EX_o2_e,3,frac_fixed,1.0
EX_o2_e,3,frac_variable,0.0
EX_o2_e,3,frac_bidirectional,0.0
EX_o2_e,4,minimum,9.41908436181333
EX_o2_e,4,maximum,11.538378343220446
EX_o2_e,4,mean_range,-3.7836400679225335e-13
EX_o2_e,4,mean_midpoint,10.540870014425739
EX_o2_e,4,median_range,-2.753353101070388e-13
EX_o2_e,4,median_midpoint,10.596469907039907
EX_o2_e,4,std_range,7.282503117674101e-13
EX_o2_e,4,frac_fixed,1.0
EX_o2_e,4,frac_variable,0.0
EX_o2_e,4,frac_bidirectional,0.0
EX_o2_e,5,minimum,11.441406087095578
EX_o2_e,5,maximum,11.80337349221894
EX_o2_e,5,mean_range,0.20264486943889595
EX_o2_e,5,mean_midpoint,11.692211710848616
EX_o2_e,5,median_range,0.20264486943908722
EX_o2_e,5,median_midpoint,11.69221171084852
EX_o2_e,5,std_range,0.13008630565118048
EX_o2_e,5,frac_fixed,0.0
EX_o2_e,5,frac_variable,1.0
EX_o2_e,5,frac_bidirectional,0.0
EX_o2_e,6,minimum,10.12677415201092
EX_o2_e,6,maximum,12.2363047448575
EX_o2_e,6,mean_range,0.65108882567312
EX_o2_e,6,mean_midpoint,11.674119075700366
EX_o2_e,6,median_range,0.5742889947858671
EX_o2_e,6,median_midpoint,11.69503090542951
EX_o2_e,6,std_range,0.4578024360555169
EX_o2_e,6,frac_fixed,0.0
EX_o2_e,6,frac_variable,1.0
EX_o2_e,6,frac_bidirectional,0.0
EX_o2_e,7,minimum,7.018343948526916
EX_o2_e,7,maximum,12.255983438159253
EX_o2_e,7,mean_range,2.4283508199872452
EX_o2_e,7,mean_midpoint,10.946535804552159
EX_o2_e,7,median_range,2.321835840325388
EX_o2_e,7,median_midpoint,10.961900732921874
EX_o2_e,7,std_range,1.1002455877896828
EX_o2_e,7,frac_fixed,0.0
EX_o2_e,7,frac_variable,1.0
EX_o2_e,7,frac_bidirectional,0.0
EX_o2_e,8,minimum,6.282394581438282
EX_o2_e,8,maximum,12.255983438159253
EX_o2_e,8,mean_range,3.719757084045073
EX_o2_e,8,mean_midpoint,10.233287136080547
EX_o2_e,8,median_range,3.8657315849907423
EX_o2_e,8,median_midpoint,10.185366792551612
EX_o2_e,8,std_range,1.3278794452385534
EX_o2_e,8,frac_fixed,0.0
EX_o2_e,8,frac_variable,1.0
EX_o2_e,8,frac_bidirectional,0.0
EX_o2_e,9,minimum,0.3947996447294771
EX_o2_e,9,maximum,12.255983438159253
EX_o2_e,9,mean_range,3.7234476490627357
EX_o2_e,9,mean_midpoint,7.572163781912223
EX_o2_e,9,median_range,3.7162870158162216
EX_o2_e,9,median_midpoint,8.386146878670703
EX_o2_e,9,std_range,2.091193847142181
EX_o2_e,9,frac_fixed,0.0
EX_o2_e,9,frac_variable,1.0
EX_o2_e,9,frac_bidirectional,0.0
EX_o2_e,10,minimum,9.605424474403776
EX_o2_e,10,maximum,11.921445652029455
EX_o2_e,10,mean_range,1.4424805215749144
EX_o2_e,10,mean_midpoint,10.992187591644177
EX_o2_e,10,median_range,1.4460475274978872
EX_o2_e,10,median_midpoint,11.008282426174599
EX_o2_e,10,std_range,0.44136905278492994
EX_o2_e,10,frac_fixed,0.0
EX_o2_e,10,frac_variable,1.0
EX_o2_e,10,frac_bidirectional,0.0
EX_o2_e,11,minimum,9.509591207740833
EX_o2_e,11,maximum,11.598264050170025
EX_o2_e,11,mean_range,0.43975977923799164
EX_o2_e,11,mean_midpoint,10.672081753722164
EX_o2_e,11,median_range,0.47225073781781113
EX_o2_e,11,median_midpoint,10.657787500273045
EX_o2_e,11,std_range,0.23631165850446073
EX_o2_e,11,frac_fixed,0.0
EX_o2_e,11,frac_variable,1.0
EX_o2_e,11,frac_bidirectional,0.0
EX_o2_e,12,minimum,11.773855452266309
EX_o2_e,12,maximum,12.255983438159253
EX_o2_e,12,mean_range,-1.2973903794107438e-13
EX_o2_e,12,mean_midpoint,12.015281027682953
EX_o2_e,12,median_range,-5.1514348342607263e-14
EX_o2_e,12,median_midpoint,12.014919445212787
EX_o2_e,12,std_range,2.3269818928899595e-13
EX_o2_e,12,frac_fixed,1.0
EX_o2_e,12,frac_variable,0.0
EX_o2_e,12,frac_bidirectional,0.0
EX_o2_e,13,minimum,12.265822784810128
EX_o2_e,13,maximum,12.265822784810128
EX_o2_e,13,mean_range,0.0
EX_o2_e,13,mean_midpoint,12.265822784810128
EX_o2_e,13,median_range,0.0
EX_o2_e,13,median_midpoint,12.265822784810128
EX_o2_e,13,std_range,0.0
EX_o2_e,13,frac_fixed,1.0
EX_o2_e,13,frac_variable,0.0
EX_o2_e,13,frac_bidirectional,0.0
EX_o2_e,14,minimum,0.0
EX_o2_e,14,maximum,0.0
EX_o2_e,14,mean_range,0.0
EX_o2_e,14,mean_midpoint,0.0
EX_o2_e,14,median_range,0.0
EX_o2_e,14,median_midpoint,0.0
EX_o2_e,14,std_range,0.0
EX_o2_e,14,frac_fixed,1.0
EX_o2_e,14,frac_variable,0.0
EX_o2_e,14,frac_bidirectional,0.0
IGPS_c,1,minimum,0.0
IGPS_c,1,maximum,1.1039240506329477
IGPS_c,1,mean_range,0.6942455696202774
IGPS_c,1,mean_midpoint,0.3471227848101387
IGPS_c,1,median_range,0.797278481012658
IGPS_c,1,median_midpoint,0.398639240506329
IGPS_c,1,std_range,0.32604551761781747
IGPS_c,1,frac_fixed,0.0
IGPS_c,1,frac_variable,1.0
IGPS_c,1,frac_bidirectional,0.0
IGPS_c,2,minimum,0.0
IGPS_c,2,maximum,0.8410849909583953
IGPS_c,2,mean_range,0.43806509945750616
IGPS_c,2,mean_midpoint,0.21903254972875308
IGPS_c,2,median_range,0.4380650994574866
IGPS_c,2,median_midpoint,0.2190325497287433
IGPS_c,2,std_range,0.2425894672443486
IGPS_c,2,frac_fixed,0.0
IGPS_c,2,frac_variable,1.0
IGPS_c,2,frac_bidirectional,0.0
IGPS_c,3,minimum,0.00011090115244608368
IGPS_c,3,maximum,0.00442917693548317
IGPS_c,3,mean_range,-2.601444199887373e-13
IGPS_c,3,mean_midpoint,0.0022589004890042467
IGPS_c,3,median_range,-3.9486426281487574e-14
IGPS_c,3,median_midpoint,0.0022180230488760633
IGPS_c,3,std_range,1.5078259010103905e-12
IGPS_c,3,frac_fixed,1.0
IGPS_c,3,frac_variable,0.0
IGPS_c,3,frac_bidirectional,0.0
IGPS_c,4,minimum,0.004436046097843347
IGPS_c,4,maximum,0.005434156469939333
IGPS_c,4,mean_range,-5.364965950126733e-16
IGPS_c,4,mean_midpoint,0.0049643663332009
IGPS_c,4,median_range,-1.4996684449819497e-14
IGPS_c,4,median_midpoint,0.0049905518600524956
IGPS_c,4,std_range,8.073733152367454e-14
IGPS_c,4,frac_fixed,1.0
IGPS_c,4,frac_variable,0.0
IGPS_c,4,frac_bidirectional,0.0
IGPS_c,5,minimum,0.005212354164965932
IGPS_c,5,maximum,0.05692198346817664
IGPS_c,5,mean_range,0.02894926706297285
IGPS_c,5,mean_midpoint,0.01979788884889844
IGPS_c,5,median_range,0.02894926706287824
IGPS_c,5,median_midpoint,0.01979788884885114
IGPS_c,5,std_range,0.018583757949792105
IGPS_c,5,frac_fixed,0.0
IGPS_c,5,frac_variable,1.0
IGPS_c,5,frac_bidirectional,0.0
IGPS_c,6,minimum,0.00033270345733825104
IGPS_c,6,maximum,0.26673678218375924
IGPS_c,6,mean_range,0.09301268938188394
IGPS_c,6,mean_midpoint,0.04950627687529158
IGPS_c,6,median_range,0.08204128496934959
IGPS_c,6,median_midpoint,0.044292226481834264
IGPS_c,6,std_range,0.06540034800793294
IGPS_c,6,frac_fixed,0.0
IGPS_c,6,frac_variable,1.0
IGPS_c,6,frac_bidirectional,0.0
IGPS_c,7,minimum,0.00011090115244608368
IGPS_c,7,maximum,0.7483451139570327
IGPS_c,7,mean_range,0.34690725999817845
IGPS_c,7,mean_midpoint,0.17463836255210838
IGPS_c,7,median_range,0.33169083433220714
IGPS_c,7,median_midpoint,0.16766886397429595
IGPS_c,7,std_range,0.15717794111280586
IGPS_c,7,frac_fixed,0.0
IGPS_c,7,frac_variable,1.0
IGPS_c,7,frac_bidirectional,0.0
IGPS_c,8,minimum,0.00011090115244608368
IGPS_c,8,maximum,0.8534807378267724
IGPS_c,8,mean_range,0.5313938691492689
IGPS_c,8,mean_midpoint,0.2676429857497003
IGPS_c,8,median_range,0.5522473692845535
IGPS_c,8,median_midpoint,0.277787201928968
IGPS_c,8,std_range,0.18969706360553776
IGPS_c,8,frac_fixed,0.0
IGPS_c,8,frac_variable,1.0
IGPS_c,8,frac_bidirectional,0.0
IGPS_c,9,minimum,0.00011090115244608368
IGPS_c,9,maximum,1.0825364717825483
IGPS_c,9,mean_range,0.4694627035897666
IGPS_c,9,mean_midpoint,0.23642215583261578
IGPS_c,9,median_range,0.4533028009645323
IGPS_c,9,median_midpoint,0.22842581892140348
IGPS_c,9,std_range,0.28159688306443564
IGPS_c,9,frac_fixed,0.0
IGPS_c,9,frac_variable,1.0
IGPS_c,9,frac_bidirectional,0.0
IGPS_c,10,minimum,0.0038815403356129287
IGPS_c,10,maximum,0.30606605543792437
IGPS_c,10,mean_range,0.1888601353985616
IGPS_c,10,mean_midpoint,0.09884146909658058
IGPS_c,10,median_range,0.18827180274680555
IGPS_c,10,median_midpoint,0.0986828486236922
IGPS_c,10,std_range,0.06263871995638524
IGPS_c,10,frac_fixed,0.0
IGPS_c,10,frac_variable,1.0
IGPS_c,10,frac_bidirectional,0.0
IGPS_c,11,minimum,0.0043251449453972635
IGPS_c,11,maximum,0.10154146728380053
IGPS_c,11,mean_range,0.04997270218618535
IGPS_c,11,mean_midpoint,0.02981481665343755
IGPS_c,11,median_range,0.053664856570265776
IGPS_c,11,median_midpoint,0.03193388129765274
IGPS_c,11,std_range,0.02685359755728992
IGPS_c,11,frac_fixed,0.0
IGPS_c,11,frac_variable,1.0
IGPS_c,11,frac_bidirectional,0.0
IGPS_c,12,minimum,0.00011090115244608368
IGPS_c,12,maximum,0.005545057622264639
IGPS_c,12,mean_range,-2.939373832726706e-14
IGPS_c,12,mean_midpoint,0.0028239039223867867
IGPS_c,12,median_range,-3.163918779747199e-14
IGPS_c,12,median_midpoint,0.0028279793873907623
IGPS_c,12,std_range,1.2454934839472813e-13
IGPS_c,12,frac_fixed,1.0
IGPS_c,12,frac_variable,0.0
IGPS_c,12,frac_bidirectional,0.0
IGPS_c,13,minimum,0.0
IGPS_c,13,maximum,0.0
IGPS_c,13,mean_range,0.0
IGPS_c,13,mean_midpoint,0.0
IGPS_c,13,median_range,0.0
IGPS_c,13,median_midpoint,0.0
IGPS_c,13,std_range,0.0
IGPS_c,13,frac_fixed,1.0
IGPS_c,13,frac_variable,0.0
IGPS_c,13,frac_bidirectional,0.0
IGPS_c,14,minimum,0.0
IGPS_c,14,maximum,0.0
IGPS_c,14,mean_range,0.0
IGPS_c,14,mean_midpoint,0.0
IGPS_c,14,median_range,0.0
IGPS_c,14,median_midpoint,0.0
IGPS_c,14,std_range,0.0
IGPS_c,14,frac_fixed,1.0
IGPS_c,14,frac_variable,0.0
IGPS_c,14,frac_bidirectional,0.0
NO3t_e,1,minimum,0.0
NO3t_e,1,maximum,2.0
NO3t_e,1,mean_range,2.0
NO3t_e,1,mean_midpoint,1.0
NO3t_e,1,median_range,2.0
NO3t_e,1,median_midpoint,1.0
NO3t_e,1,std_range,0.0
NO3t_e,1,frac_fixed,0.0
NO3t_e,1,frac_variable,1.0
NO3t_e,1,frac_bidirectional,0.0
NO3t_e,2,minimum,0.0
NO3t_e,2,maximum,2.0
NO3t_e,2,mean_range,2.0
NO3t_e,2,mean_midpoint,1.0
NO3t_e,2,median_range,2.0
NO3t_e,2,median_midpoint,1.0
NO3t_e,2,std_range,0.0
NO3t_e,2,frac_fixed,0.0
NO3t_e,2,frac_variable,1.0
NO3t_e,2,frac_bidirectional,0.0
NO3t_e,3,minimum,0.0177204752034541
NO3t_e,3,maximum,2.0
NO3t_e,3,mean_range,1.6390588445488246
NO3t_e,3,mean_midpoint,1.1804705777255877
NO3t_e,3,median_range,1.6455904959311698
NO3t_e,3,median_midpoint,1.177204752034415
NO3t_e,3,std_range,0.20088955925824706
NO3t_e,3,frac_fixed,0.0
NO3t_e,3,frac_variable,1.0
NO3t_e,3,frac_bidirectional,0.0
NO3t_e,4,minimum,0.7088190081377791
NO3t_e,4,maximum,2.0
NO3t_e,4,mean_range,1.206762702028115
NO3t_e,4,mean_midpoint,1.3966186489859425
NO3t_e,4,median_range,1.2025786158450251
NO3t_e,4,median_midpoint,1.3987106920774874
NO3t_e,4,std_range,0.04958653299807486
NO3t_e,4,frac_fixed,0.0
NO3t_e,4,frac_variable,1.0
NO3t_e,4,frac_bidirectional,0.0
NO3t_e,5,minimum,0.8328623345605162
NO3t_e,5,maximum,2.0
NO3t_e,5,mean_range,1.1494171902350951
NO3t_e,5,mean_midpoint,1.4252914048824525
NO3t_e,5,median_range,1.149417190234821
NO3t_e,5,median_midpoint,1.4252914048825895
NO3t_e,5,std_range,0.014468707416686048
NO3t_e,5,frac_fixed,0.0
NO3t_e,5,frac_variable,1.0
NO3t_e,5,frac_bidirectional,0.0
NO3t_e,6,minimum,0.053161425610394344
NO3t_e,6,maximum,2.0
NO3t_e,6,mean_range,1.52065219601194
NO3t_e,6,mean_midpoint,1.2396739019940302
NO3t_e,6,median_range,1.5038266943036065
NO3t_e,6,median_midpoint,1.2480866528481966
NO3t_e,6,std_range,0.1808697813678067
NO3t_e,6,frac_fixed,0.0
NO3t_e,6,frac_variable,1.0
NO3t_e,6,frac_bidirectional,0.0
NO3t_e,7,minimum,0.017720475202925072
NO3t_e,7,maximum,2.0
NO3t_e,7,mean_range,1.8106960715427065
NO3t_e,7,mean_midpoint,1.0946519642286465
NO3t_e,7,median_range,1.8405157231688265
NO3t_e,7,median_midpoint,1.0797421384155867
NO3t_e,7,std_range,0.12804260332904704
NO3t_e,7,frac_fixed,0.0
NO3t_e,7,frac_variable,1.0
NO3t_e,7,frac_bidirectional,0.0
NO3t_e,8,minimum,0.017720475202744772
NO3t_e,8,maximum,2.0
NO3t_e,8,mean_range,1.6890478517872165
NO3t_e,8,mean_midpoint,1.1554760741063919
NO3t_e,8,median_range,1.7164723967450075
NO3t_e,8,median_midpoint,1.1417638016274965
NO3t_e,8,std_range,0.2011619572608855
NO3t_e,8,frac_fixed,0.0
NO3t_e,8,frac_variable,1.0
NO3t_e,8,frac_bidirectional,0.0
NO3t_e,9,minimum,0.017720475203222015
NO3t_e,9,maximum,2.0
NO3t_e,9,mean_range,1.7298328253253836
NO3t_e,9,mean_midpoint,1.135083587337308
NO3t_e,9,median_range,1.7519133471518462
NO3t_e,9,median_midpoint,1.124043326424077
NO3t_e,9,std_range,0.17663633922400956
NO3t_e,9,frac_fixed,0.0
NO3t_e,9,frac_variable,1.0
NO3t_e,9,frac_bidirectional,0.0
NO3t_e,10,minimum,0.6202166321201887
NO3t_e,10,maximum,2.0
NO3t_e,10,mean_range,1.2951188752406662
NO3t_e,10,mean_midpoint,1.352440562379667
NO3t_e,10,median_range,1.3089014670649148
NO3t_e,10,median_midpoint,1.3455492664675426
NO3t_e,10,std_range,0.04926290532667891
NO3t_e,10,frac_fixed,0.0
NO3t_e,10,frac_variable,1.0
NO3t_e,10,frac_bidirectional,0.0
NO3t_e,11,minimum,0.6910985329343385
NO3t_e,11,maximum,2.0
NO3t_e,11,mean_range,1.228477771911543
NO3t_e,11,mean_midpoint,1.3857611140442285
NO3t_e,11,median_range,1.22029909104851
NO3t_e,11,median_midpoint,1.389850454475745
NO3t_e,11,std_range,0.04590273249837828
NO3t_e,11,frac_fixed,0.0
NO3t_e,11,frac_variable,1.0
NO3t_e,11,frac_bidirectional,0.0
NO3t_e,12,minimum,0.0177204752034127
NO3t_e,12,maximum,2.0
NO3t_e,12,mean_range,1.5487790854278625
NO3t_e,12,mean_midpoint,1.2256104572860687
NO3t_e,12,median_range,1.548127882312273
NO3t_e,12,median_midpoint,1.2259360588438635
NO3t_e,12,std_range,0.2542483840324997
NO3t_e,12,frac_fixed,0.0
NO3t_e,12,frac_variable,1.0
NO3t_e,12,frac_bidirectional,0.0
NO3t_e,13,minimum,0.0
NO3t_e,13,maximum,2.0
NO3t_e,13,mean_range,2.0
NO3t_e,13,mean_midpoint,1.0
NO3t_e,13,median_range,2.0
NO3t_e,13,median_midpoint,1.0
NO3t_e,13,std_range,0.0
NO3t_e,13,frac_fixed,0.0
NO3t_e,13,frac_variable,1.0
NO3t_e,13,frac_bidirectional,0.0
NO3t_e,14,minimum,0.0
NO3t_e,14,maximum,2.0
NO3t_e,14,mean_range,2.0
NO3t_e,14,mean_midpoint,1.0
NO3t_e,14,median_range,2.0
NO3t_e,14,median_midpoint,1.0
NO3t_e,14,std_range,0.0
NO3t_e,14,frac_fixed,0.0
NO3t_e,14,frac_variable,1.0
NO3t_e,14,frac_bidirectional,0.0
PHOt_e,1,minimum,2.603076923075797
PHOt_e,1,maximum,100.0
PHOt_e,1,mean_range,73.54461538461597
PHOt_e,1,mean_midpoint,63.227692307692
PHOt_e,1,median_range,73.54461538461588
PHOt_e,1,median_midpoint,63.22769230769206
PHOt_e,1,std_range,14.33345307046117
PHOt_e,1,frac_fixed,0.0
PHOt_e,1,frac_variable,1.0
PHOt_e,1,frac_bidirectional,0.0
PHOt_e,2,minimum,52.295384615385416
PHOt_e,2,maximum,100.0
PHOt_e,2,mean_range,24.846153846153502
PHOt_e,2,mean_midpoint,87.57692307692325
PHOt_e,2,median_range,24.846153846150898
PHOt_e,2,median_midpoint,87.57692307692454
PHOt_e,2,std_range,13.759176962679415
PHOt_e,2,frac_fixed,0.0
PHOt_e,2,frac_variable,1.0
PHOt_e,2,frac_bidirectional,0.0
PHOt_e,3,minimum,2.6030769230727806
PHOt_e,3,maximum,100.0
PHOt_e,3,mean_range,58.89811883284802
PHOt_e,3,mean_midpoint,70.550940583576
PHOt_e,3,median_range,59.63076923077539
PHOt_e,3,median_midpoint,70.1846153846123
PHOt_e,3,std_range,22.533629998567616
PHOt_e,3,frac_fixed,0.0
PHOt_e,3,frac_variable,1.0
PHOt_e,3,frac_bidirectional,0.0
PHOt_e,4,minimum,80.12307692307633
PHOt_e,4,maximum,100.0
PHOt_e,4,mean_range,10.407787322633967
PHOt_e,4,mean_midpoint,94.79610633868302
PHOt_e,4,median_range,9.938461538459464
PHOt_e,4,median_midpoint,95.03076923077026
PHOt_e,4,std_range,5.562083921218175
PHOt_e,4,frac_fixed,0.0
PHOt_e,4,frac_variable,1.0
PHOt_e,4,frac_bidirectional,0.0
PHOt_e,5,minimum,97.0671358969532
PHOt_e,5,maximum,100.0
PHOt_e,5,mean_range,1.6419430447000138
PHOt_e,5,mean_midpoint,99.17902847765
PHOt_e,5,median_range,1.6419430446862862
PHOt_e,5,median_midpoint,99.17902847765686
PHOt_e,5,std_range,1.0540326303821452
PHOt_e,5,frac_fixed,0.0
PHOt_e,5,frac_variable,1.0
PHOt_e,5,frac_bidirectional,0.0
PHOt_e,6,minimum,85.05993944318014
PHOt_e,6,maximum,100.0
PHOt_e,6,mean_range,5.275488946486412
PHOt_e,6,mean_midpoint,97.36225552675681
PHOt_e,6,median_range,4.653213393637884
PHOt_e,6,median_midpoint,97.67339330318106
PHOt_e,6,std_range,3.7093735844520257
PHOt_e,6,frac_fixed,0.0
PHOt_e,6,frac_variable,1.0
PHOt_e,6,frac_bidirectional,0.0
PHOt_e,7,minimum,57.561690289131164
PHOt_e,7,maximum,100.0
PHOt_e,7,mean_range,19.675868182463724
PHOt_e,7,mean_midpoint,90.16206590876813
PHOt_e,7,median_range,18.81282373186926
PHOt_e,7,median_midpoint,90.59358813406537
PHOt_e,7,std_range,8.914810403629323
PHOt_e,7,frac_fixed,0.0
PHOt_e,7,frac_variable,1.0
PHOt_e,7,frac_bidirectional,0.0
PHOt_e,8,minimum,51.598613366057805
PHOt_e,8,maximum,100.0
PHOt_e,8,mean_range,30.139570219443293
PHOt_e,8,mean_midpoint,84.93021489027836
PHOt_e,8,median_range,31.32233797069533
PHOt_e,8,median_midpoint,84.33883101465233
PHOt_e,8,std_range,10.759228325523722
PHOt_e,8,frac_fixed,0.0
PHOt_e,8,frac_variable,1.0
PHOt_e,8,frac_bidirectional,0.0
PHOt_e,9,minimum,3.893997981443138
PHOt_e,9,maximum,100.0
PHOt_e,9,mean_range,51.899934790185775
PHOt_e,9,mean_midpoint,74.05003260490712
PHOt_e,9,median_range,50.90218614310995
PHOt_e,9,median_midpoint,74.54890692844502
PHOt_e,9,std_range,17.95787932074558
PHOt_e,9,frac_fixed,0.0
PHOt_e,9,frac_variable,1.0
PHOt_e,9,frac_bidirectional,0.0
PHOt_e,10,minimum,81.4734617562917
PHOt_e,10,maximum,100.0
PHOt_e,10,mean_range,12.992365194085828
PHOt_e,10,mean_midpoint,93.50381740295708
PHOt_e,10,median_range,13.854382379006324
PHOt_e,10,median_midpoint,93.07280881049684
PHOt_e,10,std_range,3.7311290813461895
PHOt_e,10,frac_fixed,0.0
PHOt_e,10,frac_variable,1.0
PHOt_e,10,frac_bidirectional,0.0
PHOt_e,11,minimum,80.7766905069584
PHOt_e,11,maximum,100.0
PHOt_e,11,mean_range,11.223922204490218
PHOt_e,11,mean_midpoint,94.3880388977549
PHOt_e,11,median_range,10.781011893525005
PHOt_e,11,median_midpoint,94.6094940532375
PHOt_e,11,std_range,4.852888224797962
PHOt_e,11,frac_fixed,0.0
PHOt_e,11,frac_variable,1.0
PHOt_e,11,frac_bidirectional,0.0
PHOt_e,12,minimum,99.99999999990865
PHOt_e,12,maximum,100.0
PHOt_e,12,mean_range,-9.145204918551339e-13
PHOt_e,12,mean_midpoint,100.00000000000047
PHOt_e,12,median_range,-2.3945290195115376e-12
PHOt_e,12,median_midpoint,100.0000000000012
PHOt_e,12,std_range,1.943088030700493e-11
PHOt_e,12,frac_fixed,1.0
PHOt_e,12,frac_variable,0.0
PHOt_e,12,frac_bidirectional,0.0
PHOt_e,13,minimum,99.99999999999969
PHOt_e,13,maximum,100.0
PHOt_e,13,mean_range,3.126388037344441e-13
PHOt_e,13,mean_midpoint,99.99999999999984
PHOt_e,13,median_range,3.126388037344441e-13
PHOt_e,13,median_midpoint,99.99999999999984
PHOt_e,13,std_range,0.0
PHOt_e,13,frac_fixed,1.0
PHOt_e,13,frac_variable,0.0
PHOt_e,13,frac_bidirectional,0.0
PHOt_e,14,minimum,0.6153846153868652
PHOt_e,14,maximum,100.0
PHOt_e,14,mean_range,99.38461538461314
PHOt_e,14,mean_midpoint,50.30769230769343
PHOt_e,14,median_range,99.38461538461314
PHOt_e,14,median_midpoint,50.30769230769343
PHOt_e,14,std_range,0.0
PHOt_e,14,frac_fixed,0.0
PHOt_e,14,frac_variable,1.0
PHOt_e,14,frac_bidirectional,0.0
CA_h,1,minimum,-1000.0
CA_h,1,maximum,0.0
CA_h,1,mean_range,995.3397959638611
CA_h,1,mean_midpoint,-497.66989798193055
CA_h,1,median_range,996.0826077501847
CA_h,1,median_midpoint,-498.04130387509235
CA_h,1,std_range,4.218221848714143
CA_h,1,frac_fixed,0.0
CA_h,1,frac_variable,1.0
CA_h,1,frac_bidirectional,0.0
CA_h,2,minimum,-985.8001995229445
CA_h,2,maximum,0.0
CA_h,2,mean_range,906.806303174154
CA_h,2,mean_midpoint,-453.403151587077
CA_h,2,median_range,921.0689331309464
CA_h,2,median_midpoint,-460.5344665654732
CA_h,2,std_range,62.178401306604
CA_h,2,frac_fixed,0.0
CA_h,2,frac_variable,1.0
CA_h,2,frac_bidirectional,0.0
CA_h,3,minimum,-1000.0
CA_h,3,maximum,-0.02833147283920351
CA_h,3,mean_range,998.0033536694717
CA_h,3,mean_midpoint,-499.578749087302
CA_h,3,median_range,998.7421726800322
CA_h,3,median_midpoint,-499.93771579679907
CA_h,3,std_range,1.8920924732979625
CA_h,3,frac_fixed,0.0
CA_h,3,frac_variable,1.0
CA_h,3,frac_bidirectional,0.0
CA_h,4,minimum,-995.1239900780504
CA_h,4,maximum,-1.1332589135658706
CA_h,4,mean_range,986.8156058717855
CA_h,4,mean_midpoint,-494.67602970207577
CA_h,4,median_range,992.6767095856296
CA_h,4,median_midpoint,-497.6132710705764
CA_h,4,std_range,14.009607320086667
CA_h,4,frac_fixed,0.0
CA_h,4,frac_variable,1.0
CA_h,4,frac_bidirectional,0.0
CA_h,5,minimum,-962.3807123461602
CA_h,5,maximum,-1.3315792234398978
CA_h,5,mean_range,934.5237883899564
CA_h,5,mean_midpoint,-468.6218048912572
CA_h,5,median_range,934.5237883900421
CA_h,5,median_midpoint,-468.6218048913001
CA_h,5,std_range,21.65785328226596
CA_h,5,frac_fixed,0.0
CA_h,5,frac_variable,1.0
CA_h,5,frac_bidirectional,0.0
CA_h,6,minimum,-991.2159058759471
CA_h,6,maximum,-0.0849944185174403
CA_h,6,mean_range,913.5675934374879
CA_h,6,mean_midpoint,-457.55017736786755
CA_h,6,median_range,920.3618979320761
CA_h,6,median_midpoint,-461.06130723107395
CA_h,6,std_range,59.72374007997738
CA_h,6,frac_fixed,0.0
CA_h,6,frac_variable,1.0
CA_h,6,frac_bidirectional,0.0
CA_h,7,minimum,-988.7617647095032
CA_h,7,maximum,-0.028331472839146766
CA_h,7,mean_range,931.8131768565091
CA_h,7,mean_midpoint,-466.2092473042644
CA_h,7,median_range,946.6269542757522
CA_h,7,median_midpoint,-473.5117974477501
CA_h,7,std_range,48.117132854461744
CA_h,7,frac_fixed,0.0
CA_h,7,frac_variable,1.0
CA_h,7,frac_bidirectional,0.0
CA_h,8,minimum,-991.3618885778495
CA_h,8,maximum,-0.028331472839146776
CA_h,8,mean_range,987.142293034633
CA_h,8,mean_midpoint,-494.06829640975576
CA_h,8,median_range,987.4092842776636
CA_h,8,median_midpoint,-494.0091699728704
CA_h,8,std_range,1.829162140040302
CA_h,8,frac_fixed,0.0
CA_h,8,frac_variable,1.0
CA_h,8,frac_bidirectional,0.0
CA_h,9,minimum,-1000.0
CA_h,9,maximum,-0.028331472839146762
CA_h,9,mean_range,994.5778567857946
CA_h,9,mean_midpoint,-497.72087132238687
CA_h,9,median_range,994.5339464061464
CA_h,9,median_midpoint,-497.80111740262066
CA_h,9,std_range,3.3198947469228988
CA_h,9,frac_fixed,0.0
CA_h,9,frac_variable,1.0
CA_h,9,frac_bidirectional,0.0
CA_h,10,minimum,-993.8596424873092
CA_h,10,maximum,-0.9916015493701371
CA_h,10,mean_range,991.3606101316631
CA_h,10,mean_midpoint,-496.8072680965442
CA_h,10,median_range,991.3542826387438
CA_h,10,median_midpoint,-496.75373728725947
CA_h,10,std_range,1.0499159168864711
CA_h,10,frac_fixed,0.0
CA_h,10,frac_variable,1.0
CA_h,10,frac_bidirectional,0.0
CA_h,11,minimum,-994.5000659705868
CA_h,11,maximum,-1.1049274407267242
CA_h,11,mean_range,991.5535907426745
CA_h,11,mean_midpoint,-497.01030411187236
CA_h,11,median_range,992.5668307441034
CA_h,11,median_midpoint,-497.5197538157196
CA_h,11,std_range,3.598956717689397
CA_h,11,frac_fixed,0.0
CA_h,11,frac_variable,1.0
CA_h,11,frac_bidirectional,0.0
CA_h,12,minimum,-904.3349531549
CA_h,12,maximum,-0.02833147283914678
CA_h,12,mean_range,823.1368760986793
CA_h,12,mean_midpoint,-412.28984946403864
CA_h,12,median_range,823.3833723347863
CA_h,12,median_midpoint,-412.41413872479137
CA_h,12,std_range,47.590225581430126
CA_h,12,frac_fixed,0.0
CA_h,12,frac_variable,1.0
CA_h,12,frac_bidirectional,0.0
CA_h,13,minimum,-738.4514406527078
CA_h,13,maximum,0.0
CA_h,13,mean_range,738.4514406527078
CA_h,13,mean_midpoint,-369.2257203263539
CA_h,13,median_range,738.4514406527078
CA_h,13,median_midpoint,-369.2257203263539
CA_h,13,std_range,0.0
CA_h,13,frac_fixed,0.0
CA_h,13,frac_variable,1.0
CA_h,13,frac_bidirectional,0.0
CA_h,14,minimum,-1000.0
CA_h,14,maximum,0.0
CA_h,14,mean_range,1000.0
CA_h,14,mean_midpoint,-500.0
CA_h,14,median_range,1000.0
CA_h,14,median_midpoint,-500.0
CA_h,14,std_range,0.0
CA_h,14,frac_fixed,0.0
CA_h,14,frac_variable,1.0
CA_h,14,frac_bidirectional,0.0
CA_m,1,minimum,-301.30887041044707
CA_m,1,maximum,999.6320253164557
CA_m,1,mean_range,1277.1846493957112
CA_m,1,mean_midpoint,355.9453230459102
CA_m,1,median_range,1279.7344200406394
CA_m,1,median_midpoint,355.3491190936044
CA_m,1,std_range,16.344790306479656
CA_m,1,frac_fixed,0.0
CA_m,1,frac_variable,1.0
CA_m,1,frac_bidirectional,1.0
CA_m,2,minimum,-256.69672946087314
CA_m,2,maximum,985.5376507898035
CA_m,2,mean_range,1128.973003976734
CA_m,2,mean_midpoint,334.1674244262279
CA_m,2,median_range,1142.5223507561707
CA_m,2,median_midpoint,340.65998389189554
CA_m,2,std_range,80.43022094464622
CA_m,2,frac_fixed,0.0
CA_m,2,frac_variable,1.0
CA_m,2,frac_bidirectional,1.0
CA_m,3,minimum,-301.4956039694407
CA_m,3,maximum,999.827961810453
CA_m,3,mean_range,1276.0379734599092
CA_m,3,mean_midpoint,358.47683732646306
CA_m,3,median_range,1276.5191702045483
CA_m,3,median_midpoint,358.29965110678916
CA_m,3,std_range,14.799841003398539
CA_m,3,frac_fixed,0.0
CA_m,3,frac_variable,1.0
CA_m,3,frac_bidirectional,1.0
CA_m,4,minimum,-257.2908077070991
CA_m,4,maximum,993.1184724181272
CA_m,4,mean_range,1236.8222319484298
CA_m,4,mean_midpoint,367.91847764510294
CA_m,4,median_range,1243.8818076054072
CA_m,4,median_midpoint,369.355959542816
CA_m,4,std_range,19.261983640548394
CA_m,4,frac_fixed,0.0
CA_m,4,frac_variable,1.0
CA_m,4,frac_bidirectional,1.0
CA_m,5,minimum,-240.4079264526325
CA_m,5,maximum,960.757846779709
CA_m,5,mean_range,1168.0059935249428
CA_m,5,mean_midpoint,350.22330770211914
CA_m,5,median_range,1168.0059935248441
CA_m,5,median_midpoint,350.2233077020259
CA_m,5,std_range,27.07484675536724
CA_m,5,frac_fixed,0.0
CA_m,5,frac_variable,1.0
CA_m,5,frac_bidirectional,1.0
CA_m,6,minimum,-249.96932863412525
CA_m,6,maximum,989.9069779582303
CA_m,6,mean_range,1141.3104163859941
CA_m,6,mean_midpoint,341.1469577503324
CA_m,6,median_range,1148.8470114355182
CA_m,6,median_midpoint,343.6922007826571
CA_m,6,std_range,73.73527408311551
CA_m,6,frac_fixed,0.0
CA_m,6,frac_variable,1.0
CA_m,6,frac_bidirectional,1.0
CA_m,7,minimum,-251.6419954047033
CA_m,7,maximum,987.8181190013831
CA_m,7,mean_range,1160.4391427790474
CA_m,7,mean_midpoint,345.412207672046
CA_m,7,median_range,1177.0058267140648
CA_m,7,median_midpoint,351.5531760104543
CA_m,7,std_range,62.0422889548923
CA_m,7,frac_fixed,0.0
CA_m,7,frac_variable,1.0
CA_m,7,frac_bidirectional,1.0
CA_m,8,minimum,-258.449527050272
CA_m,8,maximum,990.1442812125317
CA_m,8,mean_range,1240.335521637322
CA_m,8,mean_midpoint,366.7419214311578
CA_m,8,median_range,1240.6048282818185
CA_m,8,median_midpoint,366.7172517710152
CA_m,8,std_range,2.875779905322479
CA_m,8,frac_fixed,0.0
CA_m,8,frac_variable,1.0
CA_m,8,frac_bidirectional,1.0
CA_m,9,minimum,-300.6868989456819
CA_m,9,maximum,999.5889780069272
CA_m,9,mean_range,1266.7936925642512
CA_m,9,mean_midpoint,360.35785479863557
CA_m,9,median_range,1265.5440776966207
CA_m,9,median_midpoint,360.9099217649003
CA_m,9,std_range,13.63776411647272
CA_m,9,frac_fixed,0.0
CA_m,9,frac_variable,1.0
CA_m,9,frac_bidirectional,1.0
CA_m,10,minimum,-257.33783145106185
CA_m,10,maximum,992.4766073011994
CA_m,10,mean_range,1245.0173801936946
CA_m,10,mean_midpoint,368.7090618851419
CA_m,10,median_range,1245.0100476900516
CA_m,10,median_midpoint,368.5369235251815
CA_m,10,std_range,3.196305955375109
CA_m,10,frac_fixed,0.0
CA_m,10,frac_variable,1.0
CA_m,10,frac_bidirectional,1.0
CA_m,11,minimum,-257.3248011120271
CA_m,11,maximum,992.8015346752148
CA_m,11,mean_range,1243.5624301376147
CA_m,11,mean_midpoint,369.41939544594265
CA_m,11,median_range,1244.5006310887
CA_m,11,median_midpoint,369.5682379039031
CA_m,11,std_range,6.3780736914490594
CA_m,11,frac_fixed,0.0
CA_m,11,frac_variable,1.0
CA_m,11,frac_bidirectional,1.0
CA_m,12,minimum,-225.88453442287283
CA_m,12,maximum,902.6085004237749
CA_m,12,mean_range,1030.69950222414
CA_m,12,mean_midpoint,307.62931440362667
CA_m,12,median_range,1030.9730254765948
CA_m,12,median_midpoint,307.73882125887644
CA_m,12,std_range,58.124469726827456
CA_m,12,frac_fixed,0.0
CA_m,12,frac_variable,1.0
CA_m,12,frac_bidirectional,1.0
CA_m,13,minimum,-188.8667294608722
CA_m,13,maximum,738.451440652708
CA_m,13,mean_range,927.3181701135802
CA_m,13,mean_midpoint,274.7923555959179
CA_m,13,median_range,927.3181701135802
CA_m,13,median_midpoint,274.7923555959179
CA_m,13,std_range,0.0
CA_m,13,frac_fixed,0.0
CA_m,13,frac_variable,1.0
CA_m,13,frac_bidirectional,1.0
CA_m,14,minimum,-302.62906028386476
CA_m,14,maximum,1000.0
CA_m,14,mean_range,1302.6290602838649
CA_m,14,mean_midpoint,348.6854698580676
CA_m,14,median_range,1302.6290602838649
CA_m,14,median_midpoint,348.6854698580676
CA_m,14,std_range,0.0
CA_m,14,frac_fixed,0.0
CA_m,14,frac_variable,1.0
CA_m,14,frac_bidirectional,1.0
CO2t_e,1,minimum,0.4906329113924066
CO2t_e,1,maximum,12.265822784810121
CO2t_e,1,mean_range,0.0
CO2t_e,1,mean_midpoint,6.378227848101262
CO2t_e,1,median_range,0.0
CO2t_e,1,median_midpoint,6.378227848101265
CO2t_e,1,std_range,0.0
CO2t_e,1,frac_fixed,1.0
CO2t_e,1,frac_variable,0.0
CO2t_e,1,frac_bidirectional,0.0
CO2t_e,2,minimum,12.756455696202526
CO2t_e,2,maximum,24.041012658227835
CO2t_e,2,mean_range,0.0
CO2t_e,2,mean_midpoint,18.39873417721518
CO2t_e,2,median_range,0.0
CO2t_e,2,median_midpoint,18.398734177215182
CO2t_e,2,std_range,0.0
CO2t_e,2,frac_fixed,1.0
CO2t_e,2,frac_variable,0.0
CO2t_e,2,frac_bidirectional,0.0
CO2t_e,3,minimum,0.17198784002411652
CO2t_e,3,maximum,6.868860759493668
CO2t_e,3,mean_range,0.0
CO2t_e,3,mean_midpoint,3.5031503946228937
CO2t_e,3,median_range,0.0
CO2t_e,3,median_midpoint,3.43975680048233
CO2t_e,3,std_range,0.0
CO2t_e,3,frac_fixed,1.0
CO2t_e,3,frac_variable,0.0
CO2t_e,3,frac_bidirectional,0.0
CO2t_e,4,minimum,6.87951360096466
CO2t_e,4,maximum,8.427404161181709
CO2t_e,4,mean_range,0.0
CO2t_e,4,mean_midpoint,7.698843735197481
CO2t_e,4,median_range,0.0
CO2t_e,4,median_midpoint,7.739452801085242
CO2t_e,4,std_range,0.0
CO2t_e,4,frac_fixed,1.0
CO2t_e,4,frac_variable,0.0
CO2t_e,4,frac_bidirectional,0.0
CO2t_e,5,minimum,8.831392405063287
CO2t_e,5,maximum,8.831392405063287
CO2t_e,5,mean_range,0.0
CO2t_e,5,mean_midpoint,8.831392405063287
CO2t_e,5,median_range,0.0
CO2t_e,5,median_midpoint,8.831392405063287
CO2t_e,5,std_range,0.0
CO2t_e,5,frac_fixed,1.0
CO2t_e,5,frac_variable,0.0
CO2t_e,5,frac_bidirectional,0.0
CO2t_e,6,minimum,9.322025316455692
CO2t_e,6,maximum,23.550379746835432
CO2t_e,6,mean_range,0.0
CO2t_e,6,mean_midpoint,14.609957805907166
CO2t_e,6,median_range,0.0
CO2t_e,6,median_midpoint,14.22835443037974
CO2t_e,6,std_range,0.0
CO2t_e,6,frac_fixed,1.0
CO2t_e,6,frac_variable,0.0
CO2t_e,6,frac_bidirectional,0.0
CO2t_e,7,minimum,10.793924050632906
CO2t_e,7,maximum,24.041012658227835
CO2t_e,7,mean_range,0.0
CO2t_e,7,mean_midpoint,16.27092890741519
CO2t_e,7,median_range,0.0
CO2t_e,7,median_midpoint,15.700253164556955
CO2t_e,7,std_range,0.0
CO2t_e,7,frac_fixed,1.0
CO2t_e,7,frac_variable,0.0
CO2t_e,7,frac_bidirectional,0.0
CO2t_e,8,minimum,9.322025316455692
CO2t_e,8,maximum,13.24708860759493
CO2t_e,8,mean_range,0.0
CO2t_e,8,mean_midpoint,11.500669077757678
CO2t_e,8,median_range,0.0
CO2t_e,8,median_midpoint,11.775189873417716
CO2t_e,8,std_range,0.0
CO2t_e,8,frac_fixed,1.0
CO2t_e,8,frac_variable,0.0
CO2t_e,8,frac_bidirectional,0.0
CO2t_e,9,minimum,0.4906329113924066
CO2t_e,9,maximum,11.775189873417716
CO2t_e,9,mean_range,0.0
CO2t_e,9,mean_midpoint,6.862824853729614
CO2t_e,9,median_range,0.0
CO2t_e,9,median_midpoint,6.868860759493668
CO2t_e,9,std_range,0.0
CO2t_e,9,frac_fixed,1.0
CO2t_e,9,frac_variable,0.0
CO2t_e,9,frac_bidirectional,0.0
CO2t_e,10,minimum,7.850126582278477
CO2t_e,10,maximum,9.322025316455692
CO2t_e,10,mean_range,0.0
CO2t_e,10,mean_midpoint,8.64967651195499
CO2t_e,10,median_range,0.0
CO2t_e,10,median_midpoint,8.831392405063287
CO2t_e,10,std_range,0.0
CO2t_e,10,frac_fixed,1.0
CO2t_e,10,frac_variable,0.0
CO2t_e,10,frac_bidirectional,0.0
CO2t_e,11,minimum,7.359493670886071
CO2t_e,11,maximum,8.340759493670884
CO2t_e,11,mean_range,0.0
CO2t_e,11,mean_midpoint,7.887867575462508
CO2t_e,11,median_range,0.0
CO2t_e,11,median_midpoint,7.850126582278477
CO2t_e,11,std_range,0.0
CO2t_e,11,frac_fixed,1.0
CO2t_e,11,frac_variable,0.0
CO2t_e,11,frac_bidirectional,0.0
CO2t_e,12,minimum,8.599392001205825
CO2t_e,12,maximum,24.213000498251954
CO2t_e,12,mean_range,0.0
CO2t_e,12,mean_midpoint,16.417906018281737
CO2t_e,12,median_range,0.0
CO2t_e,12,median_midpoint,16.406196249728886
CO2t_e,12,std_range,0.0
CO2t_e,12,frac_fixed,1.0
CO2t_e,12,frac_variable,0.0
CO2t_e,12,frac_bidirectional,0.0
CO2t_e,13,minimum,24.531645569620242
CO2t_e,13,maximum,24.531645569620242
CO2t_e,13,mean_range,0.0
CO2t_e,13,mean_midpoint,24.531645569620242
CO2t_e,13,median_range,0.0
CO2t_e,13,median_midpoint,24.531645569620242
CO2t_e,13,std_range,0.0
CO2t_e,13,frac_fixed,1.0
CO2t_e,13,frac_variable,0.0
CO2t_e,13,frac_bidirectional,0.0
CO2t_e,14,minimum,0.0
CO2t_e,14,maximum,0.0
CO2t_e,14,mean_range,0.0
CO2t_e,14,mean_midpoint,0.0
CO2t_e,14,median_range,0.0
CO2t_e,14,median_midpoint,0.0
CO2t_e,14,std_range,0.0
CO2t_e,14,frac_fixed,1.0
CO2t_e,14,frac_variable,0.0
CO2t_e,14,frac_bidirectional,0.0
